ISO-10303-21;
HEADER;
FILE_DESCRIPTION(('KiCad electronic assembly'),'2;1');
FILE_NAME('009_GBdashboard.step','2026-06-03T23:07:43',('Pcbnew'),(
    'Kicad'),'Open CASCADE STEP processor 7.8','KiCad to STEP converter'
  ,'Unknown');
FILE_SCHEMA(('AUTOMOTIVE_DESIGN { 1 0 10303 214 1 1 1 1 }'));
ENDSEC;
DATA;
#1 = APPLICATION_PROTOCOL_DEFINITION('international standard',
  'automotive_design',2000,#2);
#2 = APPLICATION_CONTEXT(
  'core data for automotive mechanical design processes');
#3 = SHAPE_DEFINITION_REPRESENTATION(#4,#10);
#4 = PRODUCT_DEFINITION_SHAPE('','',#5);
#5 = PRODUCT_DEFINITION('design','',#6,#9);
#6 = PRODUCT_DEFINITION_FORMATION('','',#7);
#7 = PRODUCT('009_GBdashboard 1','009_GBdashboard 1','',(#8));
#8 = PRODUCT_CONTEXT('',#2,'mechanical');
#9 = PRODUCT_DEFINITION_CONTEXT('part definition',#2,'design');
#10 = SHAPE_REPRESENTATION('',(#11,#15,#19,#23,#27,#31,#35),#39);
#11 = AXIS2_PLACEMENT_3D('',#12,#13,#14);
#12 = CARTESIAN_POINT('',(0.,0.,0.));
#13 = DIRECTION('',(0.,0.,1.));
#14 = DIRECTION('',(1.,0.,-0.));
#15 = AXIS2_PLACEMENT_3D('',#16,#17,#18);
#16 = CARTESIAN_POINT('',(-7.5,60.92,1.595));
#17 = DIRECTION('',(0.,0.,1.));
#18 = DIRECTION('',(-1.,1.224646799147E-16,0.));
#19 = AXIS2_PLACEMENT_3D('',#20,#21,#22);
#20 = CARTESIAN_POINT('',(35.5,56.92,1.595));
#21 = DIRECTION('',(0.,0.,1.));
#22 = DIRECTION('',(-1.,1.224646799147E-16,0.));
#23 = AXIS2_PLACEMENT_3D('',#24,#25,#26);
#24 = CARTESIAN_POINT('',(35.5,77.42,1.595));
#25 = DIRECTION('',(0.,0.,1.));
#26 = DIRECTION('',(-1.,1.224646799147E-16,0.));
#27 = AXIS2_PLACEMENT_3D('',#28,#29,#30);
#28 = CARTESIAN_POINT('',(35.5,97.5,1.595));
#29 = DIRECTION('',(0.,0.,1.));
#30 = DIRECTION('',(-1.,1.224646799147E-16,0.));
#31 = AXIS2_PLACEMENT_3D('',#32,#33,#34);
#32 = CARTESIAN_POINT('',(-17.,75.15,1.595));
#33 = DIRECTION('',(0.,0.,1.));
#34 = DIRECTION('',(-1.,1.224646799147E-16,0.));
#35 = AXIS2_PLACEMENT_3D('',#36,#37,#38);
#36 = CARTESIAN_POINT('',(0.,0.,0.));
#37 = DIRECTION('',(0.,0.,1.));
#38 = DIRECTION('',(1.,0.,-0.));
#39 = ( GEOMETRIC_REPRESENTATION_CONTEXT(3) 
GLOBAL_UNCERTAINTY_ASSIGNED_CONTEXT((#43)) GLOBAL_UNIT_ASSIGNED_CONTEXT(
(#40,#41,#42)) REPRESENTATION_CONTEXT('Context #1',
  '3D Context with UNIT and UNCERTAINTY') );
#40 = ( LENGTH_UNIT() NAMED_UNIT(*) SI_UNIT(.MILLI.,.METRE.) );
#41 = ( NAMED_UNIT(*) PLANE_ANGLE_UNIT() SI_UNIT($,.RADIAN.) );
#42 = ( NAMED_UNIT(*) SI_UNIT($,.STERADIAN.) SOLID_ANGLE_UNIT() );
#43 = UNCERTAINTY_MEASURE_WITH_UNIT(LENGTH_MEASURE(1.E-07),#40,
  'distance_accuracy_value','confusion accuracy');
#44 = PRODUCT_RELATED_PRODUCT_CATEGORY('part',$,(#7));
#45 = SHAPE_DEFINITION_REPRESENTATION(#46,#52);
#46 = PRODUCT_DEFINITION_SHAPE('','',#47);
#47 = PRODUCT_DEFINITION('design','',#48,#51);
#48 = PRODUCT_DEFINITION_FORMATION('','',#49);
#49 = PRODUCT('Samtec_HPM-02-01-x-S_Straight_1x02_Pitch5.08mm',
  'Samtec_HPM-02-01-x-S_Straight_1x02_Pitch5.08mm','',(#50));
#50 = PRODUCT_CONTEXT('',#2,'mechanical');
#51 = PRODUCT_DEFINITION_CONTEXT('part definition',#2,'design');
#52 = SHAPE_REPRESENTATION('',(#11,#53),#57);
#53 = AXIS2_PLACEMENT_3D('',#54,#55,#56);
#54 = CARTESIAN_POINT('',(0.,0.,0.));
#55 = DIRECTION('',(0.,0.,1.));
#56 = DIRECTION('',(1.,0.,0.));
#57 = ( GEOMETRIC_REPRESENTATION_CONTEXT(3) 
GLOBAL_UNCERTAINTY_ASSIGNED_CONTEXT((#61)) GLOBAL_UNIT_ASSIGNED_CONTEXT(
(#58,#59,#60)) REPRESENTATION_CONTEXT('Context #1',
  '3D Context with UNIT and UNCERTAINTY') );
#58 = ( LENGTH_UNIT() NAMED_UNIT(*) SI_UNIT(.MILLI.,.METRE.) );
#59 = ( NAMED_UNIT(*) PLANE_ANGLE_UNIT() SI_UNIT($,.RADIAN.) );
#60 = ( NAMED_UNIT(*) SI_UNIT($,.STERADIAN.) SOLID_ANGLE_UNIT() );
#61 = UNCERTAINTY_MEASURE_WITH_UNIT(LENGTH_MEASURE(1.E-07),#58,
  'distance_accuracy_value','confusion accuracy');
#62 = CONTEXT_DEPENDENT_SHAPE_REPRESENTATION(#63,#65);
#63 = ( REPRESENTATION_RELATIONSHIP('','',#52,#10) 
REPRESENTATION_RELATIONSHIP_WITH_TRANSFORMATION(#64) 
SHAPE_REPRESENTATION_RELATIONSHIP() );
#64 = ITEM_DEFINED_TRANSFORMATION('','',#11,#15);
#65 = PRODUCT_DEFINITION_SHAPE('Placement','Placement of an item',#66);
#66 = NEXT_ASSEMBLY_USAGE_OCCURRENCE('2','J5','',#5,#47,$);
#67 = PRODUCT_RELATED_PRODUCT_CATEGORY('part',$,(#49));
#68 = SHAPE_DEFINITION_REPRESENTATION(#69,#75);
#69 = PRODUCT_DEFINITION_SHAPE('','',#70);
#70 = PRODUCT_DEFINITION('design','',#71,#74);
#71 = PRODUCT_DEFINITION_FORMATION('','',#72);
#72 = PRODUCT('009_GBdashboard 1.1.1','009_GBdashboard 1.1.1','',(#73));
#73 = PRODUCT_CONTEXT('',#2,'mechanical');
#74 = PRODUCT_DEFINITION_CONTEXT('part definition',#2,'design');
#75 = SHAPE_REPRESENTATION('',(#11,#76,#226,#568),#910);
#76 = MANIFOLD_SOLID_BREP('',#77);
#77 = CLOSED_SHELL('',(#78,#118,#149,#180,#202,#214));
#78 = ADVANCED_FACE('',(#79),#113,.F.);
#79 = FACE_BOUND('',#80,.F.);
#80 = EDGE_LOOP('',(#81,#91,#99,#107));
#81 = ORIENTED_EDGE('',*,*,#82,.T.);
#82 = EDGE_CURVE('',#83,#85,#87,.T.);
#83 = VERTEX_POINT('',#84);
#84 = CARTESIAN_POINT('',(-3.175,2.54,0.));
#85 = VERTEX_POINT('',#86);
#86 = CARTESIAN_POINT('',(-3.175,2.54,2.54));
#87 = LINE('',#88,#89);
#88 = CARTESIAN_POINT('',(-3.175,2.54,0.));
#89 = VECTOR('',#90,1.);
#90 = DIRECTION('',(0.,0.,1.));
#91 = ORIENTED_EDGE('',*,*,#92,.T.);
#92 = EDGE_CURVE('',#85,#93,#95,.T.);
#93 = VERTEX_POINT('',#94);
#94 = CARTESIAN_POINT('',(-3.175,-7.62,2.54));
#95 = LINE('',#96,#97);
#96 = CARTESIAN_POINT('',(-3.175,2.54,2.54));
#97 = VECTOR('',#98,1.);
#98 = DIRECTION('',(0.,-1.,0.));
#99 = ORIENTED_EDGE('',*,*,#100,.F.);
#100 = EDGE_CURVE('',#101,#93,#103,.T.);
#101 = VERTEX_POINT('',#102);
#102 = CARTESIAN_POINT('',(-3.175,-7.62,0.));
#103 = LINE('',#104,#105);
#104 = CARTESIAN_POINT('',(-3.175,-7.62,0.));
#105 = VECTOR('',#106,1.);
#106 = DIRECTION('',(0.,0.,1.));
#107 = ORIENTED_EDGE('',*,*,#108,.F.);
#108 = EDGE_CURVE('',#83,#101,#109,.T.);
#109 = LINE('',#110,#111);
#110 = CARTESIAN_POINT('',(-3.175,2.54,0.));
#111 = VECTOR('',#112,1.);
#112 = DIRECTION('',(0.,-1.,0.));
#113 = PLANE('',#114);
#114 = AXIS2_PLACEMENT_3D('',#115,#116,#117);
#115 = CARTESIAN_POINT('',(-3.175,2.54,0.));
#116 = DIRECTION('',(1.,0.,0.));
#117 = DIRECTION('',(0.,-1.,0.));
#118 = ADVANCED_FACE('',(#119),#144,.F.);
#119 = FACE_BOUND('',#120,.F.);
#120 = EDGE_LOOP('',(#121,#122,#130,#138));
#121 = ORIENTED_EDGE('',*,*,#100,.T.);
#122 = ORIENTED_EDGE('',*,*,#123,.T.);
#123 = EDGE_CURVE('',#93,#124,#126,.T.);
#124 = VERTEX_POINT('',#125);
#125 = CARTESIAN_POINT('',(3.175,-7.62,2.54));
#126 = LINE('',#127,#128);
#127 = CARTESIAN_POINT('',(-3.175,-7.62,2.54));
#128 = VECTOR('',#129,1.);
#129 = DIRECTION('',(1.,0.,0.));
#130 = ORIENTED_EDGE('',*,*,#131,.F.);
#131 = EDGE_CURVE('',#132,#124,#134,.T.);
#132 = VERTEX_POINT('',#133);
#133 = CARTESIAN_POINT('',(3.175,-7.62,0.));
#134 = LINE('',#135,#136);
#135 = CARTESIAN_POINT('',(3.175,-7.62,0.));
#136 = VECTOR('',#137,1.);
#137 = DIRECTION('',(0.,0.,1.));
#138 = ORIENTED_EDGE('',*,*,#139,.F.);
#139 = EDGE_CURVE('',#101,#132,#140,.T.);
#140 = LINE('',#141,#142);
#141 = CARTESIAN_POINT('',(-3.175,-7.62,0.));
#142 = VECTOR('',#143,1.);
#143 = DIRECTION('',(1.,0.,0.));
#144 = PLANE('',#145);
#145 = AXIS2_PLACEMENT_3D('',#146,#147,#148);
#146 = CARTESIAN_POINT('',(-3.175,-7.62,0.));
#147 = DIRECTION('',(0.,1.,0.));
#148 = DIRECTION('',(1.,0.,0.));
#149 = ADVANCED_FACE('',(#150),#175,.F.);
#150 = FACE_BOUND('',#151,.F.);
#151 = EDGE_LOOP('',(#152,#153,#161,#169));
#152 = ORIENTED_EDGE('',*,*,#131,.T.);
#153 = ORIENTED_EDGE('',*,*,#154,.T.);
#154 = EDGE_CURVE('',#124,#155,#157,.T.);
#155 = VERTEX_POINT('',#156);
#156 = CARTESIAN_POINT('',(3.175,2.54,2.54));
#157 = LINE('',#158,#159);
#158 = CARTESIAN_POINT('',(3.175,-7.62,2.54));
#159 = VECTOR('',#160,1.);
#160 = DIRECTION('',(0.,1.,0.));
#161 = ORIENTED_EDGE('',*,*,#162,.F.);
#162 = EDGE_CURVE('',#163,#155,#165,.T.);
#163 = VERTEX_POINT('',#164);
#164 = CARTESIAN_POINT('',(3.175,2.54,0.));
#165 = LINE('',#166,#167);
#166 = CARTESIAN_POINT('',(3.175,2.54,0.));
#167 = VECTOR('',#168,1.);
#168 = DIRECTION('',(0.,0.,1.));
#169 = ORIENTED_EDGE('',*,*,#170,.F.);
#170 = EDGE_CURVE('',#132,#163,#171,.T.);
#171 = LINE('',#172,#173);
#172 = CARTESIAN_POINT('',(3.175,-7.62,0.));
#173 = VECTOR('',#174,1.);
#174 = DIRECTION('',(0.,1.,0.));
#175 = PLANE('',#176);
#176 = AXIS2_PLACEMENT_3D('',#177,#178,#179);
#177 = CARTESIAN_POINT('',(3.175,-7.62,0.));
#178 = DIRECTION('',(-1.,0.,0.));
#179 = DIRECTION('',(0.,1.,0.));
#180 = ADVANCED_FACE('',(#181),#197,.F.);
#181 = FACE_BOUND('',#182,.F.);
#182 = EDGE_LOOP('',(#183,#184,#190,#191));
#183 = ORIENTED_EDGE('',*,*,#162,.T.);
#184 = ORIENTED_EDGE('',*,*,#185,.T.);
#185 = EDGE_CURVE('',#155,#85,#186,.T.);
#186 = LINE('',#187,#188);
#187 = CARTESIAN_POINT('',(3.175,2.54,2.54));
#188 = VECTOR('',#189,1.);
#189 = DIRECTION('',(-1.,0.,0.));
#190 = ORIENTED_EDGE('',*,*,#82,.F.);
#191 = ORIENTED_EDGE('',*,*,#192,.F.);
#192 = EDGE_CURVE('',#163,#83,#193,.T.);
#193 = LINE('',#194,#195);
#194 = CARTESIAN_POINT('',(3.175,2.54,0.));
#195 = VECTOR('',#196,1.);
#196 = DIRECTION('',(-1.,0.,0.));
#197 = PLANE('',#198);
#198 = AXIS2_PLACEMENT_3D('',#199,#200,#201);
#199 = CARTESIAN_POINT('',(3.175,2.54,0.));
#200 = DIRECTION('',(0.,-1.,0.));
#201 = DIRECTION('',(-1.,0.,0.));
#202 = ADVANCED_FACE('',(#203),#209,.F.);
#203 = FACE_BOUND('',#204,.F.);
#204 = EDGE_LOOP('',(#205,#206,#207,#208));
#205 = ORIENTED_EDGE('',*,*,#108,.T.);
#206 = ORIENTED_EDGE('',*,*,#139,.T.);
#207 = ORIENTED_EDGE('',*,*,#170,.T.);
#208 = ORIENTED_EDGE('',*,*,#192,.T.);
#209 = PLANE('',#210);
#210 = AXIS2_PLACEMENT_3D('',#211,#212,#213);
#211 = CARTESIAN_POINT('',(0.,-2.54,0.));
#212 = DIRECTION('',(0.,0.,1.));
#213 = DIRECTION('',(1.,0.,0.));
#214 = ADVANCED_FACE('',(#215),#221,.T.);
#215 = FACE_BOUND('',#216,.T.);
#216 = EDGE_LOOP('',(#217,#218,#219,#220));
#217 = ORIENTED_EDGE('',*,*,#92,.T.);
#218 = ORIENTED_EDGE('',*,*,#123,.T.);
#219 = ORIENTED_EDGE('',*,*,#154,.T.);
#220 = ORIENTED_EDGE('',*,*,#185,.T.);
#221 = PLANE('',#222);
#222 = AXIS2_PLACEMENT_3D('',#223,#224,#225);
#223 = CARTESIAN_POINT('',(0.,-2.54,2.54));
#224 = DIRECTION('',(0.,0.,1.));
#225 = DIRECTION('',(1.,0.,0.));
#226 = MANIFOLD_SOLID_BREP('',#227);
#227 = CLOSED_SHELL('',(#228,#268,#299,#330,#361,#392,#414,#438,#462,
    #486,#503,#527,#544,#556));
#228 = ADVANCED_FACE('',(#229),#263,.F.);
#229 = FACE_BOUND('',#230,.F.);
#230 = EDGE_LOOP('',(#231,#241,#249,#257));
#231 = ORIENTED_EDGE('',*,*,#232,.F.);
#232 = EDGE_CURVE('',#233,#235,#237,.T.);
#233 = VERTEX_POINT('',#234);
#234 = CARTESIAN_POINT('',(-0.57,-0.57,-4.285));
#235 = VERTEX_POINT('',#236);
#236 = CARTESIAN_POINT('',(-0.57,-0.57,14.195));
#237 = LINE('',#238,#239);
#238 = CARTESIAN_POINT('',(-0.57,-0.57,-4.57));
#239 = VECTOR('',#240,1.);
#240 = DIRECTION('',(0.,0.,1.));
#241 = ORIENTED_EDGE('',*,*,#242,.T.);
#242 = EDGE_CURVE('',#233,#243,#245,.T.);
#243 = VERTEX_POINT('',#244);
#244 = CARTESIAN_POINT('',(-0.57,0.57,-4.285));
#245 = LINE('',#246,#247);
#246 = CARTESIAN_POINT('',(-0.57,-0.57,-4.285));
#247 = VECTOR('',#248,1.);
#248 = DIRECTION('',(0.,1.,0.));
#249 = ORIENTED_EDGE('',*,*,#250,.T.);
#250 = EDGE_CURVE('',#243,#251,#253,.T.);
#251 = VERTEX_POINT('',#252);
#252 = CARTESIAN_POINT('',(-0.57,0.57,14.195));
#253 = LINE('',#254,#255);
#254 = CARTESIAN_POINT('',(-0.57,0.57,-4.57));
#255 = VECTOR('',#256,1.);
#256 = DIRECTION('',(0.,0.,1.));
#257 = ORIENTED_EDGE('',*,*,#258,.F.);
#258 = EDGE_CURVE('',#235,#251,#259,.T.);
#259 = LINE('',#260,#261);
#260 = CARTESIAN_POINT('',(-0.57,-0.57,14.195));
#261 = VECTOR('',#262,1.);
#262 = DIRECTION('',(0.,1.,0.));
#263 = PLANE('',#264);
#264 = AXIS2_PLACEMENT_3D('',#265,#266,#267);
#265 = CARTESIAN_POINT('',(-0.57,-0.57,-4.57));
#266 = DIRECTION('',(1.,0.,0.));
#267 = DIRECTION('',(0.,0.,1.));
#268 = ADVANCED_FACE('',(#269),#294,.F.);
#269 = FACE_BOUND('',#270,.F.);
#270 = EDGE_LOOP('',(#271,#281,#287,#288));
#271 = ORIENTED_EDGE('',*,*,#272,.F.);
#272 = EDGE_CURVE('',#273,#275,#277,.T.);
#273 = VERTEX_POINT('',#274);
#274 = CARTESIAN_POINT('',(0.57,-0.57,-4.285));
#275 = VERTEX_POINT('',#276);
#276 = CARTESIAN_POINT('',(0.57,-0.57,14.195));
#277 = LINE('',#278,#279);
#278 = CARTESIAN_POINT('',(0.57,-0.57,-4.57));
#279 = VECTOR('',#280,1.);
#280 = DIRECTION('',(0.,0.,1.));
#281 = ORIENTED_EDGE('',*,*,#282,.F.);
#282 = EDGE_CURVE('',#233,#273,#283,.T.);
#283 = LINE('',#284,#285);
#284 = CARTESIAN_POINT('',(-0.57,-0.57,-4.285));
#285 = VECTOR('',#286,1.);
#286 = DIRECTION('',(1.,0.,0.));
#287 = ORIENTED_EDGE('',*,*,#232,.T.);
#288 = ORIENTED_EDGE('',*,*,#289,.T.);
#289 = EDGE_CURVE('',#235,#275,#290,.T.);
#290 = LINE('',#291,#292);
#291 = CARTESIAN_POINT('',(-0.57,-0.57,14.195));
#292 = VECTOR('',#293,1.);
#293 = DIRECTION('',(1.,0.,0.));
#294 = PLANE('',#295);
#295 = AXIS2_PLACEMENT_3D('',#296,#297,#298);
#296 = CARTESIAN_POINT('',(-0.57,-0.57,-4.57));
#297 = DIRECTION('',(0.,1.,0.));
#298 = DIRECTION('',(0.,0.,1.));
#299 = ADVANCED_FACE('',(#300),#325,.T.);
#300 = FACE_BOUND('',#301,.T.);
#301 = EDGE_LOOP('',(#302,#310,#311,#319));
#302 = ORIENTED_EDGE('',*,*,#303,.F.);
#303 = EDGE_CURVE('',#233,#304,#306,.T.);
#304 = VERTEX_POINT('',#305);
#305 = CARTESIAN_POINT('',(-0.285,-0.285,-4.57));
#306 = LINE('',#307,#308);
#307 = CARTESIAN_POINT('',(-0.475,-0.475,-4.38));
#308 = VECTOR('',#309,1.);
#309 = DIRECTION('',(0.57735026919,0.57735026919,-0.57735026919));
#310 = ORIENTED_EDGE('',*,*,#242,.T.);
#311 = ORIENTED_EDGE('',*,*,#312,.T.);
#312 = EDGE_CURVE('',#243,#313,#315,.T.);
#313 = VERTEX_POINT('',#314);
#314 = CARTESIAN_POINT('',(-0.285,0.285,-4.57));
#315 = LINE('',#316,#317);
#316 = CARTESIAN_POINT('',(-0.285,0.285,-4.57));
#317 = VECTOR('',#318,1.);
#318 = DIRECTION('',(0.57735026919,-0.57735026919,-0.57735026919));
#319 = ORIENTED_EDGE('',*,*,#320,.F.);
#320 = EDGE_CURVE('',#304,#313,#321,.T.);
#321 = LINE('',#322,#323);
#322 = CARTESIAN_POINT('',(-0.285,-0.57,-4.57));
#323 = VECTOR('',#324,1.);
#324 = DIRECTION('',(0.,1.,0.));
#325 = PLANE('',#326);
#326 = AXIS2_PLACEMENT_3D('',#327,#328,#329);
#327 = CARTESIAN_POINT('',(-0.4275,-0.57,-4.4275));
#328 = DIRECTION('',(-0.707106781187,0.,-0.707106781187));
#329 = DIRECTION('',(0.,1.,0.));
#330 = ADVANCED_FACE('',(#331),#356,.F.);
#331 = FACE_BOUND('',#332,.F.);
#332 = EDGE_LOOP('',(#333,#341,#342,#350));
#333 = ORIENTED_EDGE('',*,*,#334,.F.);
#334 = EDGE_CURVE('',#235,#335,#337,.T.);
#335 = VERTEX_POINT('',#336);
#336 = CARTESIAN_POINT('',(-0.285,-0.285,14.48));
#337 = LINE('',#338,#339);
#338 = CARTESIAN_POINT('',(-0.475,-0.475,14.29));
#339 = VECTOR('',#340,1.);
#340 = DIRECTION('',(0.57735026919,0.57735026919,0.57735026919));
#341 = ORIENTED_EDGE('',*,*,#258,.T.);
#342 = ORIENTED_EDGE('',*,*,#343,.T.);
#343 = EDGE_CURVE('',#251,#344,#346,.T.);
#344 = VERTEX_POINT('',#345);
#345 = CARTESIAN_POINT('',(-0.285,0.285,14.48));
#346 = LINE('',#347,#348);
#347 = CARTESIAN_POINT('',(-0.285,0.285,14.48));
#348 = VECTOR('',#349,1.);
#349 = DIRECTION('',(0.57735026919,-0.57735026919,0.57735026919));
#350 = ORIENTED_EDGE('',*,*,#351,.F.);
#351 = EDGE_CURVE('',#335,#344,#352,.T.);
#352 = LINE('',#353,#354);
#353 = CARTESIAN_POINT('',(-0.285,-0.57,14.48));
#354 = VECTOR('',#355,1.);
#355 = DIRECTION('',(0.,1.,0.));
#356 = PLANE('',#357);
#357 = AXIS2_PLACEMENT_3D('',#358,#359,#360);
#358 = CARTESIAN_POINT('',(-0.4275,-0.57,14.3375));
#359 = DIRECTION('',(0.707106781187,0.,-0.707106781187));
#360 = DIRECTION('',(0.,1.,0.));
#361 = ADVANCED_FACE('',(#362),#387,.T.);
#362 = FACE_BOUND('',#363,.T.);
#363 = EDGE_LOOP('',(#364,#374,#380,#381));
#364 = ORIENTED_EDGE('',*,*,#365,.F.);
#365 = EDGE_CURVE('',#366,#368,#370,.T.);
#366 = VERTEX_POINT('',#367);
#367 = CARTESIAN_POINT('',(0.57,0.57,-4.285));
#368 = VERTEX_POINT('',#369);
#369 = CARTESIAN_POINT('',(0.57,0.57,14.195));
#370 = LINE('',#371,#372);
#371 = CARTESIAN_POINT('',(0.57,0.57,-4.57));
#372 = VECTOR('',#373,1.);
#373 = DIRECTION('',(0.,0.,1.));
#374 = ORIENTED_EDGE('',*,*,#375,.F.);
#375 = EDGE_CURVE('',#243,#366,#376,.T.);
#376 = LINE('',#377,#378);
#377 = CARTESIAN_POINT('',(-0.57,0.57,-4.285));
#378 = VECTOR('',#379,1.);
#379 = DIRECTION('',(1.,0.,0.));
#380 = ORIENTED_EDGE('',*,*,#250,.T.);
#381 = ORIENTED_EDGE('',*,*,#382,.T.);
#382 = EDGE_CURVE('',#251,#368,#383,.T.);
#383 = LINE('',#384,#385);
#384 = CARTESIAN_POINT('',(-0.57,0.57,14.195));
#385 = VECTOR('',#386,1.);
#386 = DIRECTION('',(1.,0.,0.));
#387 = PLANE('',#388);
#388 = AXIS2_PLACEMENT_3D('',#389,#390,#391);
#389 = CARTESIAN_POINT('',(-0.57,0.57,-4.57));
#390 = DIRECTION('',(0.,1.,0.));
#391 = DIRECTION('',(0.,0.,1.));
#392 = ADVANCED_FACE('',(#393),#409,.T.);
#393 = FACE_BOUND('',#394,.T.);
#394 = EDGE_LOOP('',(#395,#396,#402,#403));
#395 = ORIENTED_EDGE('',*,*,#272,.F.);
#396 = ORIENTED_EDGE('',*,*,#397,.T.);
#397 = EDGE_CURVE('',#273,#366,#398,.T.);
#398 = LINE('',#399,#400);
#399 = CARTESIAN_POINT('',(0.57,-0.57,-4.285));
#400 = VECTOR('',#401,1.);
#401 = DIRECTION('',(0.,1.,0.));
#402 = ORIENTED_EDGE('',*,*,#365,.T.);
#403 = ORIENTED_EDGE('',*,*,#404,.F.);
#404 = EDGE_CURVE('',#275,#368,#405,.T.);
#405 = LINE('',#406,#407);
#406 = CARTESIAN_POINT('',(0.57,-0.57,14.195));
#407 = VECTOR('',#408,1.);
#408 = DIRECTION('',(0.,1.,0.));
#409 = PLANE('',#410);
#410 = AXIS2_PLACEMENT_3D('',#411,#412,#413);
#411 = CARTESIAN_POINT('',(0.57,-0.57,-4.57));
#412 = DIRECTION('',(1.,0.,0.));
#413 = DIRECTION('',(0.,0.,1.));
#414 = ADVANCED_FACE('',(#415),#433,.T.);
#415 = FACE_BOUND('',#416,.F.);
#416 = EDGE_LOOP('',(#417,#418,#419,#427));
#417 = ORIENTED_EDGE('',*,*,#303,.F.);
#418 = ORIENTED_EDGE('',*,*,#282,.T.);
#419 = ORIENTED_EDGE('',*,*,#420,.T.);
#420 = EDGE_CURVE('',#273,#421,#423,.T.);
#421 = VERTEX_POINT('',#422);
#422 = CARTESIAN_POINT('',(0.285,-0.285,-4.57));
#423 = LINE('',#424,#425);
#424 = CARTESIAN_POINT('',(0.285,-0.285,-4.57));
#425 = VECTOR('',#426,1.);
#426 = DIRECTION('',(-0.57735026919,0.57735026919,-0.57735026919));
#427 = ORIENTED_EDGE('',*,*,#428,.F.);
#428 = EDGE_CURVE('',#304,#421,#429,.T.);
#429 = LINE('',#430,#431);
#430 = CARTESIAN_POINT('',(-0.57,-0.285,-4.57));
#431 = VECTOR('',#432,1.);
#432 = DIRECTION('',(1.,0.,0.));
#433 = PLANE('',#434);
#434 = AXIS2_PLACEMENT_3D('',#435,#436,#437);
#435 = CARTESIAN_POINT('',(-0.57,-0.4275,-4.4275));
#436 = DIRECTION('',(0.,-0.707106781187,-0.707106781187));
#437 = DIRECTION('',(-1.,0.,0.));
#438 = ADVANCED_FACE('',(#439),#457,.F.);
#439 = FACE_BOUND('',#440,.T.);
#440 = EDGE_LOOP('',(#441,#442,#443,#451));
#441 = ORIENTED_EDGE('',*,*,#334,.F.);
#442 = ORIENTED_EDGE('',*,*,#289,.T.);
#443 = ORIENTED_EDGE('',*,*,#444,.T.);
#444 = EDGE_CURVE('',#275,#445,#447,.T.);
#445 = VERTEX_POINT('',#446);
#446 = CARTESIAN_POINT('',(0.285,-0.285,14.48));
#447 = LINE('',#448,#449);
#448 = CARTESIAN_POINT('',(0.285,-0.285,14.48));
#449 = VECTOR('',#450,1.);
#450 = DIRECTION('',(-0.57735026919,0.57735026919,0.57735026919));
#451 = ORIENTED_EDGE('',*,*,#452,.F.);
#452 = EDGE_CURVE('',#335,#445,#453,.T.);
#453 = LINE('',#454,#455);
#454 = CARTESIAN_POINT('',(-0.57,-0.285,14.48));
#455 = VECTOR('',#456,1.);
#456 = DIRECTION('',(1.,0.,0.));
#457 = PLANE('',#458);
#458 = AXIS2_PLACEMENT_3D('',#459,#460,#461);
#459 = CARTESIAN_POINT('',(-0.57,-0.4275,14.3375));
#460 = DIRECTION('',(0.,0.707106781187,-0.707106781187));
#461 = DIRECTION('',(-1.,0.,0.));
#462 = ADVANCED_FACE('',(#463),#481,.F.);
#463 = FACE_BOUND('',#464,.F.);
#464 = EDGE_LOOP('',(#465,#466,#467,#475));
#465 = ORIENTED_EDGE('',*,*,#320,.F.);
#466 = ORIENTED_EDGE('',*,*,#428,.T.);
#467 = ORIENTED_EDGE('',*,*,#468,.T.);
#468 = EDGE_CURVE('',#421,#469,#471,.T.);
#469 = VERTEX_POINT('',#470);
#470 = CARTESIAN_POINT('',(0.285,0.285,-4.57));
#471 = LINE('',#472,#473);
#472 = CARTESIAN_POINT('',(0.285,-0.57,-4.57));
#473 = VECTOR('',#474,1.);
#474 = DIRECTION('',(0.,1.,0.));
#475 = ORIENTED_EDGE('',*,*,#476,.F.);
#476 = EDGE_CURVE('',#313,#469,#477,.T.);
#477 = LINE('',#478,#479);
#478 = CARTESIAN_POINT('',(-0.57,0.285,-4.57));
#479 = VECTOR('',#480,1.);
#480 = DIRECTION('',(1.,0.,0.));
#481 = PLANE('',#482);
#482 = AXIS2_PLACEMENT_3D('',#483,#484,#485);
#483 = CARTESIAN_POINT('',(-0.57,-0.57,-4.57));
#484 = DIRECTION('',(0.,0.,1.));
#485 = DIRECTION('',(1.,0.,0.));
#486 = ADVANCED_FACE('',(#487),#498,.F.);
#487 = FACE_BOUND('',#488,.T.);
#488 = EDGE_LOOP('',(#489,#490,#491,#497));
#489 = ORIENTED_EDGE('',*,*,#312,.F.);
#490 = ORIENTED_EDGE('',*,*,#375,.T.);
#491 = ORIENTED_EDGE('',*,*,#492,.T.);
#492 = EDGE_CURVE('',#366,#469,#493,.T.);
#493 = LINE('',#494,#495);
#494 = CARTESIAN_POINT('',(9.5E-02,9.5E-02,-4.76));
#495 = VECTOR('',#496,1.);
#496 = DIRECTION('',(-0.57735026919,-0.57735026919,-0.57735026919));
#497 = ORIENTED_EDGE('',*,*,#476,.F.);
#498 = PLANE('',#499);
#499 = AXIS2_PLACEMENT_3D('',#500,#501,#502);
#500 = CARTESIAN_POINT('',(-0.57,0.4275,-4.4275));
#501 = DIRECTION('',(0.,-0.707106781187,0.707106781187));
#502 = DIRECTION('',(-1.,0.,0.));
#503 = ADVANCED_FACE('',(#504),#522,.T.);
#504 = FACE_BOUND('',#505,.T.);
#505 = EDGE_LOOP('',(#506,#507,#508,#516));
#506 = ORIENTED_EDGE('',*,*,#351,.F.);
#507 = ORIENTED_EDGE('',*,*,#452,.T.);
#508 = ORIENTED_EDGE('',*,*,#509,.T.);
#509 = EDGE_CURVE('',#445,#510,#512,.T.);
#510 = VERTEX_POINT('',#511);
#511 = CARTESIAN_POINT('',(0.285,0.285,14.48));
#512 = LINE('',#513,#514);
#513 = CARTESIAN_POINT('',(0.285,-0.57,14.48));
#514 = VECTOR('',#515,1.);
#515 = DIRECTION('',(0.,1.,0.));
#516 = ORIENTED_EDGE('',*,*,#517,.F.);
#517 = EDGE_CURVE('',#344,#510,#518,.T.);
#518 = LINE('',#519,#520);
#519 = CARTESIAN_POINT('',(-0.57,0.285,14.48));
#520 = VECTOR('',#521,1.);
#521 = DIRECTION('',(1.,0.,0.));
#522 = PLANE('',#523);
#523 = AXIS2_PLACEMENT_3D('',#524,#525,#526);
#524 = CARTESIAN_POINT('',(-0.57,-0.57,14.48));
#525 = DIRECTION('',(0.,0.,1.));
#526 = DIRECTION('',(1.,0.,0.));
#527 = ADVANCED_FACE('',(#528),#539,.T.);
#528 = FACE_BOUND('',#529,.F.);
#529 = EDGE_LOOP('',(#530,#531,#532,#538));
#530 = ORIENTED_EDGE('',*,*,#343,.F.);
#531 = ORIENTED_EDGE('',*,*,#382,.T.);
#532 = ORIENTED_EDGE('',*,*,#533,.T.);
#533 = EDGE_CURVE('',#368,#510,#534,.T.);
#534 = LINE('',#535,#536);
#535 = CARTESIAN_POINT('',(9.5E-02,9.5E-02,14.67));
#536 = VECTOR('',#537,1.);
#537 = DIRECTION('',(-0.57735026919,-0.57735026919,0.57735026919));
#538 = ORIENTED_EDGE('',*,*,#517,.F.);
#539 = PLANE('',#540);
#540 = AXIS2_PLACEMENT_3D('',#541,#542,#543);
#541 = CARTESIAN_POINT('',(-0.57,0.4275,14.3375));
#542 = DIRECTION('',(0.,0.707106781187,0.707106781187));
#543 = DIRECTION('',(-1.,0.,0.));
#544 = ADVANCED_FACE('',(#545),#551,.F.);
#545 = FACE_BOUND('',#546,.F.);
#546 = EDGE_LOOP('',(#547,#548,#549,#550));
#547 = ORIENTED_EDGE('',*,*,#420,.F.);
#548 = ORIENTED_EDGE('',*,*,#397,.T.);
#549 = ORIENTED_EDGE('',*,*,#492,.T.);
#550 = ORIENTED_EDGE('',*,*,#468,.F.);
#551 = PLANE('',#552);
#552 = AXIS2_PLACEMENT_3D('',#553,#554,#555);
#553 = CARTESIAN_POINT('',(0.4275,-0.57,-4.4275));
#554 = DIRECTION('',(-0.707106781187,0.,0.707106781187));
#555 = DIRECTION('',(0.,1.,0.));
#556 = ADVANCED_FACE('',(#557),#563,.T.);
#557 = FACE_BOUND('',#558,.T.);
#558 = EDGE_LOOP('',(#559,#560,#561,#562));
#559 = ORIENTED_EDGE('',*,*,#444,.F.);
#560 = ORIENTED_EDGE('',*,*,#404,.T.);
#561 = ORIENTED_EDGE('',*,*,#533,.T.);
#562 = ORIENTED_EDGE('',*,*,#509,.F.);
#563 = PLANE('',#564);
#564 = AXIS2_PLACEMENT_3D('',#565,#566,#567);
#565 = CARTESIAN_POINT('',(0.4275,-0.57,14.3375));
#566 = DIRECTION('',(0.707106781187,0.,0.707106781187));
#567 = DIRECTION('',(0.,1.,0.));
#568 = MANIFOLD_SOLID_BREP('',#569);
#569 = CLOSED_SHELL('',(#570,#610,#641,#672,#703,#734,#756,#780,#804,
    #828,#845,#869,#886,#898));
#570 = ADVANCED_FACE('',(#571),#605,.F.);
#571 = FACE_BOUND('',#572,.F.);
#572 = EDGE_LOOP('',(#573,#583,#591,#599));
#573 = ORIENTED_EDGE('',*,*,#574,.F.);
#574 = EDGE_CURVE('',#575,#577,#579,.T.);
#575 = VERTEX_POINT('',#576);
#576 = CARTESIAN_POINT('',(-0.57,-5.65,-4.285));
#577 = VERTEX_POINT('',#578);
#578 = CARTESIAN_POINT('',(-0.57,-5.65,14.195));
#579 = LINE('',#580,#581);
#580 = CARTESIAN_POINT('',(-0.57,-5.65,-4.57));
#581 = VECTOR('',#582,1.);
#582 = DIRECTION('',(0.,0.,1.));
#583 = ORIENTED_EDGE('',*,*,#584,.T.);
#584 = EDGE_CURVE('',#575,#585,#587,.T.);
#585 = VERTEX_POINT('',#586);
#586 = CARTESIAN_POINT('',(-0.57,-4.51,-4.285));
#587 = LINE('',#588,#589);
#588 = CARTESIAN_POINT('',(-0.57,-5.65,-4.285));
#589 = VECTOR('',#590,1.);
#590 = DIRECTION('',(0.,1.,0.));
#591 = ORIENTED_EDGE('',*,*,#592,.T.);
#592 = EDGE_CURVE('',#585,#593,#595,.T.);
#593 = VERTEX_POINT('',#594);
#594 = CARTESIAN_POINT('',(-0.57,-4.51,14.195));
#595 = LINE('',#596,#597);
#596 = CARTESIAN_POINT('',(-0.57,-4.51,-4.57));
#597 = VECTOR('',#598,1.);
#598 = DIRECTION('',(0.,0.,1.));
#599 = ORIENTED_EDGE('',*,*,#600,.F.);
#600 = EDGE_CURVE('',#577,#593,#601,.T.);
#601 = LINE('',#602,#603);
#602 = CARTESIAN_POINT('',(-0.57,-5.65,14.195));
#603 = VECTOR('',#604,1.);
#604 = DIRECTION('',(0.,1.,0.));
#605 = PLANE('',#606);
#606 = AXIS2_PLACEMENT_3D('',#607,#608,#609);
#607 = CARTESIAN_POINT('',(-0.57,-5.65,-4.57));
#608 = DIRECTION('',(1.,0.,0.));
#609 = DIRECTION('',(0.,0.,1.));
#610 = ADVANCED_FACE('',(#611),#636,.F.);
#611 = FACE_BOUND('',#612,.F.);
#612 = EDGE_LOOP('',(#613,#623,#629,#630));
#613 = ORIENTED_EDGE('',*,*,#614,.F.);
#614 = EDGE_CURVE('',#615,#617,#619,.T.);
#615 = VERTEX_POINT('',#616);
#616 = CARTESIAN_POINT('',(0.57,-5.65,-4.285));
#617 = VERTEX_POINT('',#618);
#618 = CARTESIAN_POINT('',(0.57,-5.65,14.195));
#619 = LINE('',#620,#621);
#620 = CARTESIAN_POINT('',(0.57,-5.65,-4.57));
#621 = VECTOR('',#622,1.);
#622 = DIRECTION('',(0.,0.,1.));
#623 = ORIENTED_EDGE('',*,*,#624,.F.);
#624 = EDGE_CURVE('',#575,#615,#625,.T.);
#625 = LINE('',#626,#627);
#626 = CARTESIAN_POINT('',(-0.57,-5.65,-4.285));
#627 = VECTOR('',#628,1.);
#628 = DIRECTION('',(1.,0.,0.));
#629 = ORIENTED_EDGE('',*,*,#574,.T.);
#630 = ORIENTED_EDGE('',*,*,#631,.T.);
#631 = EDGE_CURVE('',#577,#617,#632,.T.);
#632 = LINE('',#633,#634);
#633 = CARTESIAN_POINT('',(-0.57,-5.65,14.195));
#634 = VECTOR('',#635,1.);
#635 = DIRECTION('',(1.,0.,0.));
#636 = PLANE('',#637);
#637 = AXIS2_PLACEMENT_3D('',#638,#639,#640);
#638 = CARTESIAN_POINT('',(-0.57,-5.65,-4.57));
#639 = DIRECTION('',(0.,1.,0.));
#640 = DIRECTION('',(0.,0.,1.));
#641 = ADVANCED_FACE('',(#642),#667,.T.);
#642 = FACE_BOUND('',#643,.T.);
#643 = EDGE_LOOP('',(#644,#652,#653,#661));
#644 = ORIENTED_EDGE('',*,*,#645,.F.);
#645 = EDGE_CURVE('',#575,#646,#648,.T.);
#646 = VERTEX_POINT('',#647);
#647 = CARTESIAN_POINT('',(-0.285,-5.365,-4.57));
#648 = LINE('',#649,#650);
#649 = CARTESIAN_POINT('',(-0.475,-5.555,-4.38));
#650 = VECTOR('',#651,1.);
#651 = DIRECTION('',(0.57735026919,0.57735026919,-0.57735026919));
#652 = ORIENTED_EDGE('',*,*,#584,.T.);
#653 = ORIENTED_EDGE('',*,*,#654,.T.);
#654 = EDGE_CURVE('',#585,#655,#657,.T.);
#655 = VERTEX_POINT('',#656);
#656 = CARTESIAN_POINT('',(-0.285,-4.795,-4.57));
#657 = LINE('',#658,#659);
#658 = CARTESIAN_POINT('',(-0.285,-4.795,-4.57));
#659 = VECTOR('',#660,1.);
#660 = DIRECTION('',(0.57735026919,-0.57735026919,-0.57735026919));
#661 = ORIENTED_EDGE('',*,*,#662,.F.);
#662 = EDGE_CURVE('',#646,#655,#663,.T.);
#663 = LINE('',#664,#665);
#664 = CARTESIAN_POINT('',(-0.285,-5.65,-4.57));
#665 = VECTOR('',#666,1.);
#666 = DIRECTION('',(0.,1.,0.));
#667 = PLANE('',#668);
#668 = AXIS2_PLACEMENT_3D('',#669,#670,#671);
#669 = CARTESIAN_POINT('',(-0.4275,-5.65,-4.4275));
#670 = DIRECTION('',(-0.707106781187,0.,-0.707106781187));
#671 = DIRECTION('',(0.,1.,0.));
#672 = ADVANCED_FACE('',(#673),#698,.F.);
#673 = FACE_BOUND('',#674,.F.);
#674 = EDGE_LOOP('',(#675,#683,#684,#692));
#675 = ORIENTED_EDGE('',*,*,#676,.F.);
#676 = EDGE_CURVE('',#577,#677,#679,.T.);
#677 = VERTEX_POINT('',#678);
#678 = CARTESIAN_POINT('',(-0.285,-5.365,14.48));
#679 = LINE('',#680,#681);
#680 = CARTESIAN_POINT('',(-0.475,-5.555,14.29));
#681 = VECTOR('',#682,1.);
#682 = DIRECTION('',(0.57735026919,0.57735026919,0.57735026919));
#683 = ORIENTED_EDGE('',*,*,#600,.T.);
#684 = ORIENTED_EDGE('',*,*,#685,.T.);
#685 = EDGE_CURVE('',#593,#686,#688,.T.);
#686 = VERTEX_POINT('',#687);
#687 = CARTESIAN_POINT('',(-0.285,-4.795,14.48));
#688 = LINE('',#689,#690);
#689 = CARTESIAN_POINT('',(-0.285,-4.795,14.48));
#690 = VECTOR('',#691,1.);
#691 = DIRECTION('',(0.57735026919,-0.57735026919,0.57735026919));
#692 = ORIENTED_EDGE('',*,*,#693,.F.);
#693 = EDGE_CURVE('',#677,#686,#694,.T.);
#694 = LINE('',#695,#696);
#695 = CARTESIAN_POINT('',(-0.285,-5.65,14.48));
#696 = VECTOR('',#697,1.);
#697 = DIRECTION('',(0.,1.,0.));
#698 = PLANE('',#699);
#699 = AXIS2_PLACEMENT_3D('',#700,#701,#702);
#700 = CARTESIAN_POINT('',(-0.4275,-5.65,14.3375));
#701 = DIRECTION('',(0.707106781187,0.,-0.707106781187));
#702 = DIRECTION('',(0.,1.,0.));
#703 = ADVANCED_FACE('',(#704),#729,.T.);
#704 = FACE_BOUND('',#705,.T.);
#705 = EDGE_LOOP('',(#706,#716,#722,#723));
#706 = ORIENTED_EDGE('',*,*,#707,.F.);
#707 = EDGE_CURVE('',#708,#710,#712,.T.);
#708 = VERTEX_POINT('',#709);
#709 = CARTESIAN_POINT('',(0.57,-4.51,-4.285));
#710 = VERTEX_POINT('',#711);
#711 = CARTESIAN_POINT('',(0.57,-4.51,14.195));
#712 = LINE('',#713,#714);
#713 = CARTESIAN_POINT('',(0.57,-4.51,-4.57));
#714 = VECTOR('',#715,1.);
#715 = DIRECTION('',(0.,0.,1.));
#716 = ORIENTED_EDGE('',*,*,#717,.F.);
#717 = EDGE_CURVE('',#585,#708,#718,.T.);
#718 = LINE('',#719,#720);
#719 = CARTESIAN_POINT('',(-0.57,-4.51,-4.285));
#720 = VECTOR('',#721,1.);
#721 = DIRECTION('',(1.,0.,0.));
#722 = ORIENTED_EDGE('',*,*,#592,.T.);
#723 = ORIENTED_EDGE('',*,*,#724,.T.);
#724 = EDGE_CURVE('',#593,#710,#725,.T.);
#725 = LINE('',#726,#727);
#726 = CARTESIAN_POINT('',(-0.57,-4.51,14.195));
#727 = VECTOR('',#728,1.);
#728 = DIRECTION('',(1.,0.,0.));
#729 = PLANE('',#730);
#730 = AXIS2_PLACEMENT_3D('',#731,#732,#733);
#731 = CARTESIAN_POINT('',(-0.57,-4.51,-4.57));
#732 = DIRECTION('',(0.,1.,0.));
#733 = DIRECTION('',(0.,0.,1.));
#734 = ADVANCED_FACE('',(#735),#751,.T.);
#735 = FACE_BOUND('',#736,.T.);
#736 = EDGE_LOOP('',(#737,#738,#744,#745));
#737 = ORIENTED_EDGE('',*,*,#614,.F.);
#738 = ORIENTED_EDGE('',*,*,#739,.T.);
#739 = EDGE_CURVE('',#615,#708,#740,.T.);
#740 = LINE('',#741,#742);
#741 = CARTESIAN_POINT('',(0.57,-5.65,-4.285));
#742 = VECTOR('',#743,1.);
#743 = DIRECTION('',(0.,1.,0.));
#744 = ORIENTED_EDGE('',*,*,#707,.T.);
#745 = ORIENTED_EDGE('',*,*,#746,.F.);
#746 = EDGE_CURVE('',#617,#710,#747,.T.);
#747 = LINE('',#748,#749);
#748 = CARTESIAN_POINT('',(0.57,-5.65,14.195));
#749 = VECTOR('',#750,1.);
#750 = DIRECTION('',(0.,1.,0.));
#751 = PLANE('',#752);
#752 = AXIS2_PLACEMENT_3D('',#753,#754,#755);
#753 = CARTESIAN_POINT('',(0.57,-5.65,-4.57));
#754 = DIRECTION('',(1.,0.,0.));
#755 = DIRECTION('',(0.,0.,1.));
#756 = ADVANCED_FACE('',(#757),#775,.T.);
#757 = FACE_BOUND('',#758,.F.);
#758 = EDGE_LOOP('',(#759,#760,#761,#769));
#759 = ORIENTED_EDGE('',*,*,#645,.F.);
#760 = ORIENTED_EDGE('',*,*,#624,.T.);
#761 = ORIENTED_EDGE('',*,*,#762,.T.);
#762 = EDGE_CURVE('',#615,#763,#765,.T.);
#763 = VERTEX_POINT('',#764);
#764 = CARTESIAN_POINT('',(0.285,-5.365,-4.57));
#765 = LINE('',#766,#767);
#766 = CARTESIAN_POINT('',(0.285,-5.365,-4.57));
#767 = VECTOR('',#768,1.);
#768 = DIRECTION('',(-0.57735026919,0.57735026919,-0.57735026919));
#769 = ORIENTED_EDGE('',*,*,#770,.F.);
#770 = EDGE_CURVE('',#646,#763,#771,.T.);
#771 = LINE('',#772,#773);
#772 = CARTESIAN_POINT('',(-0.57,-5.365,-4.57));
#773 = VECTOR('',#774,1.);
#774 = DIRECTION('',(1.,0.,0.));
#775 = PLANE('',#776);
#776 = AXIS2_PLACEMENT_3D('',#777,#778,#779);
#777 = CARTESIAN_POINT('',(-0.57,-5.5075,-4.4275));
#778 = DIRECTION('',(0.,-0.707106781187,-0.707106781187));
#779 = DIRECTION('',(-1.,0.,0.));
#780 = ADVANCED_FACE('',(#781),#799,.F.);
#781 = FACE_BOUND('',#782,.T.);
#782 = EDGE_LOOP('',(#783,#784,#785,#793));
#783 = ORIENTED_EDGE('',*,*,#676,.F.);
#784 = ORIENTED_EDGE('',*,*,#631,.T.);
#785 = ORIENTED_EDGE('',*,*,#786,.T.);
#786 = EDGE_CURVE('',#617,#787,#789,.T.);
#787 = VERTEX_POINT('',#788);
#788 = CARTESIAN_POINT('',(0.285,-5.365,14.48));
#789 = LINE('',#790,#791);
#790 = CARTESIAN_POINT('',(0.285,-5.365,14.48));
#791 = VECTOR('',#792,1.);
#792 = DIRECTION('',(-0.57735026919,0.57735026919,0.57735026919));
#793 = ORIENTED_EDGE('',*,*,#794,.F.);
#794 = EDGE_CURVE('',#677,#787,#795,.T.);
#795 = LINE('',#796,#797);
#796 = CARTESIAN_POINT('',(-0.57,-5.365,14.48));
#797 = VECTOR('',#798,1.);
#798 = DIRECTION('',(1.,0.,0.));
#799 = PLANE('',#800);
#800 = AXIS2_PLACEMENT_3D('',#801,#802,#803);
#801 = CARTESIAN_POINT('',(-0.57,-5.5075,14.3375));
#802 = DIRECTION('',(0.,0.707106781187,-0.707106781187));
#803 = DIRECTION('',(-1.,0.,0.));
#804 = ADVANCED_FACE('',(#805),#823,.F.);
#805 = FACE_BOUND('',#806,.F.);
#806 = EDGE_LOOP('',(#807,#808,#809,#817));
#807 = ORIENTED_EDGE('',*,*,#662,.F.);
#808 = ORIENTED_EDGE('',*,*,#770,.T.);
#809 = ORIENTED_EDGE('',*,*,#810,.T.);
#810 = EDGE_CURVE('',#763,#811,#813,.T.);
#811 = VERTEX_POINT('',#812);
#812 = CARTESIAN_POINT('',(0.285,-4.795,-4.57));
#813 = LINE('',#814,#815);
#814 = CARTESIAN_POINT('',(0.285,-5.65,-4.57));
#815 = VECTOR('',#816,1.);
#816 = DIRECTION('',(0.,1.,0.));
#817 = ORIENTED_EDGE('',*,*,#818,.F.);
#818 = EDGE_CURVE('',#655,#811,#819,.T.);
#819 = LINE('',#820,#821);
#820 = CARTESIAN_POINT('',(-0.57,-4.795,-4.57));
#821 = VECTOR('',#822,1.);
#822 = DIRECTION('',(1.,0.,0.));
#823 = PLANE('',#824);
#824 = AXIS2_PLACEMENT_3D('',#825,#826,#827);
#825 = CARTESIAN_POINT('',(-0.57,-5.65,-4.57));
#826 = DIRECTION('',(0.,0.,1.));
#827 = DIRECTION('',(1.,0.,0.));
#828 = ADVANCED_FACE('',(#829),#840,.F.);
#829 = FACE_BOUND('',#830,.T.);
#830 = EDGE_LOOP('',(#831,#832,#833,#839));
#831 = ORIENTED_EDGE('',*,*,#654,.F.);
#832 = ORIENTED_EDGE('',*,*,#717,.T.);
#833 = ORIENTED_EDGE('',*,*,#834,.T.);
#834 = EDGE_CURVE('',#708,#811,#835,.T.);
#835 = LINE('',#836,#837);
#836 = CARTESIAN_POINT('',(9.5E-02,-4.985,-4.76));
#837 = VECTOR('',#838,1.);
#838 = DIRECTION('',(-0.57735026919,-0.57735026919,-0.57735026919));
#839 = ORIENTED_EDGE('',*,*,#818,.F.);
#840 = PLANE('',#841);
#841 = AXIS2_PLACEMENT_3D('',#842,#843,#844);
#842 = CARTESIAN_POINT('',(-0.57,-4.6525,-4.4275));
#843 = DIRECTION('',(0.,-0.707106781187,0.707106781187));
#844 = DIRECTION('',(-1.,0.,0.));
#845 = ADVANCED_FACE('',(#846),#864,.T.);
#846 = FACE_BOUND('',#847,.T.);
#847 = EDGE_LOOP('',(#848,#849,#850,#858));
#848 = ORIENTED_EDGE('',*,*,#693,.F.);
#849 = ORIENTED_EDGE('',*,*,#794,.T.);
#850 = ORIENTED_EDGE('',*,*,#851,.T.);
#851 = EDGE_CURVE('',#787,#852,#854,.T.);
#852 = VERTEX_POINT('',#853);
#853 = CARTESIAN_POINT('',(0.285,-4.795,14.48));
#854 = LINE('',#855,#856);
#855 = CARTESIAN_POINT('',(0.285,-5.65,14.48));
#856 = VECTOR('',#857,1.);
#857 = DIRECTION('',(0.,1.,0.));
#858 = ORIENTED_EDGE('',*,*,#859,.F.);
#859 = EDGE_CURVE('',#686,#852,#860,.T.);
#860 = LINE('',#861,#862);
#861 = CARTESIAN_POINT('',(-0.57,-4.795,14.48));
#862 = VECTOR('',#863,1.);
#863 = DIRECTION('',(1.,0.,0.));
#864 = PLANE('',#865);
#865 = AXIS2_PLACEMENT_3D('',#866,#867,#868);
#866 = CARTESIAN_POINT('',(-0.57,-5.65,14.48));
#867 = DIRECTION('',(0.,0.,1.));
#868 = DIRECTION('',(1.,0.,0.));
#869 = ADVANCED_FACE('',(#870),#881,.T.);
#870 = FACE_BOUND('',#871,.F.);
#871 = EDGE_LOOP('',(#872,#873,#874,#880));
#872 = ORIENTED_EDGE('',*,*,#685,.F.);
#873 = ORIENTED_EDGE('',*,*,#724,.T.);
#874 = ORIENTED_EDGE('',*,*,#875,.T.);
#875 = EDGE_CURVE('',#710,#852,#876,.T.);
#876 = LINE('',#877,#878);
#877 = CARTESIAN_POINT('',(9.5E-02,-4.985,14.67));
#878 = VECTOR('',#879,1.);
#879 = DIRECTION('',(-0.57735026919,-0.57735026919,0.57735026919));
#880 = ORIENTED_EDGE('',*,*,#859,.F.);
#881 = PLANE('',#882);
#882 = AXIS2_PLACEMENT_3D('',#883,#884,#885);
#883 = CARTESIAN_POINT('',(-0.57,-4.6525,14.3375));
#884 = DIRECTION('',(0.,0.707106781187,0.707106781187));
#885 = DIRECTION('',(-1.,0.,0.));
#886 = ADVANCED_FACE('',(#887),#893,.F.);
#887 = FACE_BOUND('',#888,.F.);
#888 = EDGE_LOOP('',(#889,#890,#891,#892));
#889 = ORIENTED_EDGE('',*,*,#762,.F.);
#890 = ORIENTED_EDGE('',*,*,#739,.T.);
#891 = ORIENTED_EDGE('',*,*,#834,.T.);
#892 = ORIENTED_EDGE('',*,*,#810,.F.);
#893 = PLANE('',#894);
#894 = AXIS2_PLACEMENT_3D('',#895,#896,#897);
#895 = CARTESIAN_POINT('',(0.4275,-5.65,-4.4275));
#896 = DIRECTION('',(-0.707106781187,0.,0.707106781187));
#897 = DIRECTION('',(0.,1.,0.));
#898 = ADVANCED_FACE('',(#899),#905,.T.);
#899 = FACE_BOUND('',#900,.T.);
#900 = EDGE_LOOP('',(#901,#902,#903,#904));
#901 = ORIENTED_EDGE('',*,*,#786,.F.);
#902 = ORIENTED_EDGE('',*,*,#746,.T.);
#903 = ORIENTED_EDGE('',*,*,#875,.T.);
#904 = ORIENTED_EDGE('',*,*,#851,.F.);
#905 = PLANE('',#906);
#906 = AXIS2_PLACEMENT_3D('',#907,#908,#909);
#907 = CARTESIAN_POINT('',(0.4275,-5.65,14.3375));
#908 = DIRECTION('',(0.707106781187,0.,0.707106781187));
#909 = DIRECTION('',(0.,1.,0.));
#910 = ( GEOMETRIC_REPRESENTATION_CONTEXT(3) 
GLOBAL_UNCERTAINTY_ASSIGNED_CONTEXT((#914)) GLOBAL_UNIT_ASSIGNED_CONTEXT
((#911,#912,#913)) REPRESENTATION_CONTEXT('Context #1',
  '3D Context with UNIT and UNCERTAINTY') );
#911 = ( LENGTH_UNIT() NAMED_UNIT(*) SI_UNIT(.MILLI.,.METRE.) );
#912 = ( NAMED_UNIT(*) PLANE_ANGLE_UNIT() SI_UNIT($,.RADIAN.) );
#913 = ( NAMED_UNIT(*) SI_UNIT($,.STERADIAN.) SOLID_ANGLE_UNIT() );
#914 = UNCERTAINTY_MEASURE_WITH_UNIT(LENGTH_MEASURE(1.E-07),#911,
  'distance_accuracy_value','confusion accuracy');
#915 = CONTEXT_DEPENDENT_SHAPE_REPRESENTATION(#916,#918);
#916 = ( REPRESENTATION_RELATIONSHIP('','',#75,#52) 
REPRESENTATION_RELATIONSHIP_WITH_TRANSFORMATION(#917) 
SHAPE_REPRESENTATION_RELATIONSHIP() );
#917 = ITEM_DEFINED_TRANSFORMATION('','',#11,#53);
#918 = PRODUCT_DEFINITION_SHAPE('Placement','Placement of an item',#919
  );
#919 = NEXT_ASSEMBLY_USAGE_OCCURRENCE('1','','',#47,#70,$);
#920 = PRODUCT_RELATED_PRODUCT_CATEGORY('part',$,(#72));
#921 = SHAPE_DEFINITION_REPRESENTATION(#922,#928);
#922 = PRODUCT_DEFINITION_SHAPE('','',#923);
#923 = PRODUCT_DEFINITION('design','',#924,#927);
#924 = PRODUCT_DEFINITION_FORMATION('','',#925);
#925 = PRODUCT('PinHeader_1x05_P2.54mm_Vertical',
  'PinHeader_1x05_P2.54mm_Vertical','',(#926));
#926 = PRODUCT_CONTEXT('',#2,'mechanical');
#927 = PRODUCT_DEFINITION_CONTEXT('part definition',#2,'design');
#928 = ADVANCED_BREP_SHAPE_REPRESENTATION('',(#11,#929),#4383);
#929 = MANIFOLD_SOLID_BREP('',#930);
#930 = CLOSED_SHELL('',(#931,#971,#1002,#1033,#1444,#1855,#1872,#1889,
    #1906,#1923,#1940,#1957,#1974,#1991,#2008,#2025,#2042,#2059,#2076,
    #2093,#2110,#2127,#2144,#2161,#2178,#2195,#2212,#2229,#2246,#2263,
    #2280,#2297,#2314,#2331,#2343,#2374,#2398,#2422,#2439,#2470,#2494,
    #2518,#2535,#2566,#2590,#2614,#2631,#2662,#2686,#2710,#2727,#2758,
    #2782,#2806,#2823,#2854,#2878,#2902,#2919,#2950,#2974,#2998,#3015,
    #3046,#3070,#3094,#3111,#3142,#3166,#3190,#3207,#3238,#3262,#3286,
    #3303,#3334,#3358,#3382,#3399,#3430,#3454,#3478,#3495,#3526,#3550,
    #3574,#3591,#3622,#3646,#3670,#3687,#3718,#3742,#3766,#3783,#3814,
    #3838,#3862,#3879,#3910,#3934,#3958,#3975,#4006,#4030,#4054,#4071,
    #4102,#4126,#4150,#4167,#4198,#4222,#4246,#4263,#4275,#4287,#4299,
    #4311,#4323,#4335,#4347,#4359,#4371));
#931 = ADVANCED_FACE('',(#932),#966,.F.);
#932 = FACE_BOUND('',#933,.F.);
#933 = EDGE_LOOP('',(#934,#944,#952,#960));
#934 = ORIENTED_EDGE('',*,*,#935,.T.);
#935 = EDGE_CURVE('',#936,#938,#940,.T.);
#936 = VERTEX_POINT('',#937);
#937 = CARTESIAN_POINT('',(-1.016,1.27,0.));
#938 = VERTEX_POINT('',#939);
#939 = CARTESIAN_POINT('',(-1.016,1.27,2.54));
#940 = LINE('',#941,#942);
#941 = CARTESIAN_POINT('',(-1.016,1.27,0.));
#942 = VECTOR('',#943,1.);
#943 = DIRECTION('',(0.,0.,1.));
#944 = ORIENTED_EDGE('',*,*,#945,.T.);
#945 = EDGE_CURVE('',#938,#946,#948,.T.);
#946 = VERTEX_POINT('',#947);
#947 = CARTESIAN_POINT('',(-1.27,1.016,2.54));
#948 = LINE('',#949,#950);
#949 = CARTESIAN_POINT('',(-1.016,1.27,2.54));
#950 = VECTOR('',#951,1.);
#951 = DIRECTION('',(-0.707106781187,-0.707106781187,0.));
#952 = ORIENTED_EDGE('',*,*,#953,.F.);
#953 = EDGE_CURVE('',#954,#946,#956,.T.);
#954 = VERTEX_POINT('',#955);
#955 = CARTESIAN_POINT('',(-1.27,1.016,0.));
#956 = LINE('',#957,#958);
#957 = CARTESIAN_POINT('',(-1.27,1.016,0.));
#958 = VECTOR('',#959,1.);
#959 = DIRECTION('',(0.,0.,1.));
#960 = ORIENTED_EDGE('',*,*,#961,.F.);
#961 = EDGE_CURVE('',#936,#954,#962,.T.);
#962 = LINE('',#963,#964);
#963 = CARTESIAN_POINT('',(-1.016,1.27,0.));
#964 = VECTOR('',#965,1.);
#965 = DIRECTION('',(-0.707106781187,-0.707106781187,0.));
#966 = PLANE('',#967);
#967 = AXIS2_PLACEMENT_3D('',#968,#969,#970);
#968 = CARTESIAN_POINT('',(-1.016,1.27,0.));
#969 = DIRECTION('',(0.707106781187,-0.707106781187,0.));
#970 = DIRECTION('',(-0.707106781187,-0.707106781187,0.));
#971 = ADVANCED_FACE('',(#972),#997,.F.);
#972 = FACE_BOUND('',#973,.F.);
#973 = EDGE_LOOP('',(#974,#984,#990,#991));
#974 = ORIENTED_EDGE('',*,*,#975,.T.);
#975 = EDGE_CURVE('',#976,#978,#980,.T.);
#976 = VERTEX_POINT('',#977);
#977 = CARTESIAN_POINT('',(1.016,1.27,0.));
#978 = VERTEX_POINT('',#979);
#979 = CARTESIAN_POINT('',(1.016,1.27,2.54));
#980 = LINE('',#981,#982);
#981 = CARTESIAN_POINT('',(1.016,1.27,0.));
#982 = VECTOR('',#983,1.);
#983 = DIRECTION('',(0.,0.,1.));
#984 = ORIENTED_EDGE('',*,*,#985,.T.);
#985 = EDGE_CURVE('',#978,#938,#986,.T.);
#986 = LINE('',#987,#988);
#987 = CARTESIAN_POINT('',(1.016,1.27,2.54));
#988 = VECTOR('',#989,1.);
#989 = DIRECTION('',(-1.,0.,0.));
#990 = ORIENTED_EDGE('',*,*,#935,.F.);
#991 = ORIENTED_EDGE('',*,*,#992,.F.);
#992 = EDGE_CURVE('',#976,#936,#993,.T.);
#993 = LINE('',#994,#995);
#994 = CARTESIAN_POINT('',(1.016,1.27,0.));
#995 = VECTOR('',#996,1.);
#996 = DIRECTION('',(-1.,0.,0.));
#997 = PLANE('',#998);
#998 = AXIS2_PLACEMENT_3D('',#999,#1000,#1001);
#999 = CARTESIAN_POINT('',(1.016,1.27,0.));
#1000 = DIRECTION('',(0.,-1.,0.));
#1001 = DIRECTION('',(-1.,0.,0.));
#1002 = ADVANCED_FACE('',(#1003),#1028,.F.);
#1003 = FACE_BOUND('',#1004,.F.);
#1004 = EDGE_LOOP('',(#1005,#1006,#1014,#1022));
#1005 = ORIENTED_EDGE('',*,*,#953,.T.);
#1006 = ORIENTED_EDGE('',*,*,#1007,.T.);
#1007 = EDGE_CURVE('',#946,#1008,#1010,.T.);
#1008 = VERTEX_POINT('',#1009);
#1009 = CARTESIAN_POINT('',(-1.27,-1.016,2.54));
#1010 = LINE('',#1011,#1012);
#1011 = CARTESIAN_POINT('',(-1.27,1.016,2.54));
#1012 = VECTOR('',#1013,1.);
#1013 = DIRECTION('',(0.,-1.,0.));
#1014 = ORIENTED_EDGE('',*,*,#1015,.F.);
#1015 = EDGE_CURVE('',#1016,#1008,#1018,.T.);
#1016 = VERTEX_POINT('',#1017);
#1017 = CARTESIAN_POINT('',(-1.27,-1.016,0.));
#1018 = LINE('',#1019,#1020);
#1019 = CARTESIAN_POINT('',(-1.27,-1.016,0.));
#1020 = VECTOR('',#1021,1.);
#1021 = DIRECTION('',(0.,0.,1.));
#1022 = ORIENTED_EDGE('',*,*,#1023,.F.);
#1023 = EDGE_CURVE('',#954,#1016,#1024,.T.);
#1024 = LINE('',#1025,#1026);
#1025 = CARTESIAN_POINT('',(-1.27,1.016,0.));
#1026 = VECTOR('',#1027,1.);
#1027 = DIRECTION('',(0.,-1.,0.));
#1028 = PLANE('',#1029);
#1029 = AXIS2_PLACEMENT_3D('',#1030,#1031,#1032);
#1030 = CARTESIAN_POINT('',(-1.27,1.016,0.));
#1031 = DIRECTION('',(1.,0.,0.));
#1032 = DIRECTION('',(0.,-1.,0.));
#1033 = ADVANCED_FACE('',(#1034,#1269,#1303,#1337,#1371,#1405),#1439,.F.
  );
#1034 = FACE_BOUND('',#1035,.F.);
#1035 = EDGE_LOOP('',(#1036,#1037,#1038,#1046,#1054,#1062,#1070,#1078,
    #1086,#1094,#1102,#1110,#1118,#1126,#1134,#1142,#1150,#1158,#1166,
    #1174,#1182,#1190,#1198,#1206,#1214,#1222,#1230,#1238,#1246,#1254,
    #1262,#1268));
#1036 = ORIENTED_EDGE('',*,*,#961,.T.);
#1037 = ORIENTED_EDGE('',*,*,#1023,.T.);
#1038 = ORIENTED_EDGE('',*,*,#1039,.T.);
#1039 = EDGE_CURVE('',#1016,#1040,#1042,.T.);
#1040 = VERTEX_POINT('',#1041);
#1041 = CARTESIAN_POINT('',(-1.016,-1.27,0.));
#1042 = LINE('',#1043,#1044);
#1043 = CARTESIAN_POINT('',(-1.27,-1.016,0.));
#1044 = VECTOR('',#1045,1.);
#1045 = DIRECTION('',(0.707106781187,-0.707106781187,0.));
#1046 = ORIENTED_EDGE('',*,*,#1047,.T.);
#1047 = EDGE_CURVE('',#1040,#1048,#1050,.T.);
#1048 = VERTEX_POINT('',#1049);
#1049 = CARTESIAN_POINT('',(-1.27,-1.524,0.));
#1050 = LINE('',#1051,#1052);
#1051 = CARTESIAN_POINT('',(-1.016,-1.27,0.));
#1052 = VECTOR('',#1053,1.);
#1053 = DIRECTION('',(-0.707106781187,-0.707106781187,0.));
#1054 = ORIENTED_EDGE('',*,*,#1055,.T.);
#1055 = EDGE_CURVE('',#1048,#1056,#1058,.T.);
#1056 = VERTEX_POINT('',#1057);
#1057 = CARTESIAN_POINT('',(-1.27,-3.556,0.));
#1058 = LINE('',#1059,#1060);
#1059 = CARTESIAN_POINT('',(-1.27,-1.524,0.));
#1060 = VECTOR('',#1061,1.);
#1061 = DIRECTION('',(0.,-1.,0.));
#1062 = ORIENTED_EDGE('',*,*,#1063,.T.);
#1063 = EDGE_CURVE('',#1056,#1064,#1066,.T.);
#1064 = VERTEX_POINT('',#1065);
#1065 = CARTESIAN_POINT('',(-1.016,-3.81,0.));
#1066 = LINE('',#1067,#1068);
#1067 = CARTESIAN_POINT('',(-1.27,-3.556,0.));
#1068 = VECTOR('',#1069,1.);
#1069 = DIRECTION('',(0.707106781187,-0.707106781187,0.));
#1070 = ORIENTED_EDGE('',*,*,#1071,.T.);
#1071 = EDGE_CURVE('',#1064,#1072,#1074,.T.);
#1072 = VERTEX_POINT('',#1073);
#1073 = CARTESIAN_POINT('',(-1.27,-4.064,0.));
#1074 = LINE('',#1075,#1076);
#1075 = CARTESIAN_POINT('',(-1.016,-3.81,0.));
#1076 = VECTOR('',#1077,1.);
#1077 = DIRECTION('',(-0.707106781187,-0.707106781187,0.));
#1078 = ORIENTED_EDGE('',*,*,#1079,.T.);
#1079 = EDGE_CURVE('',#1072,#1080,#1082,.T.);
#1080 = VERTEX_POINT('',#1081);
#1081 = CARTESIAN_POINT('',(-1.27,-6.096,0.));
#1082 = LINE('',#1083,#1084);
#1083 = CARTESIAN_POINT('',(-1.27,-4.064,0.));
#1084 = VECTOR('',#1085,1.);
#1085 = DIRECTION('',(0.,-1.,0.));
#1086 = ORIENTED_EDGE('',*,*,#1087,.T.);
#1087 = EDGE_CURVE('',#1080,#1088,#1090,.T.);
#1088 = VERTEX_POINT('',#1089);
#1089 = CARTESIAN_POINT('',(-1.016,-6.35,0.));
#1090 = LINE('',#1091,#1092);
#1091 = CARTESIAN_POINT('',(-1.27,-6.096,0.));
#1092 = VECTOR('',#1093,1.);
#1093 = DIRECTION('',(0.707106781187,-0.707106781187,0.));
#1094 = ORIENTED_EDGE('',*,*,#1095,.T.);
#1095 = EDGE_CURVE('',#1088,#1096,#1098,.T.);
#1096 = VERTEX_POINT('',#1097);
#1097 = CARTESIAN_POINT('',(-1.27,-6.604,0.));
#1098 = LINE('',#1099,#1100);
#1099 = CARTESIAN_POINT('',(-1.016,-6.35,0.));
#1100 = VECTOR('',#1101,1.);
#1101 = DIRECTION('',(-0.707106781187,-0.707106781187,0.));
#1102 = ORIENTED_EDGE('',*,*,#1103,.T.);
#1103 = EDGE_CURVE('',#1096,#1104,#1106,.T.);
#1104 = VERTEX_POINT('',#1105);
#1105 = CARTESIAN_POINT('',(-1.27,-8.636,0.));
#1106 = LINE('',#1107,#1108);
#1107 = CARTESIAN_POINT('',(-1.27,-6.604,0.));
#1108 = VECTOR('',#1109,1.);
#1109 = DIRECTION('',(0.,-1.,0.));
#1110 = ORIENTED_EDGE('',*,*,#1111,.T.);
#1111 = EDGE_CURVE('',#1104,#1112,#1114,.T.);
#1112 = VERTEX_POINT('',#1113);
#1113 = CARTESIAN_POINT('',(-1.016,-8.89,0.));
#1114 = LINE('',#1115,#1116);
#1115 = CARTESIAN_POINT('',(-1.27,-8.636,0.));
#1116 = VECTOR('',#1117,1.);
#1117 = DIRECTION('',(0.707106781187,-0.707106781187,0.));
#1118 = ORIENTED_EDGE('',*,*,#1119,.T.);
#1119 = EDGE_CURVE('',#1112,#1120,#1122,.T.);
#1120 = VERTEX_POINT('',#1121);
#1121 = CARTESIAN_POINT('',(-1.27,-9.144,0.));
#1122 = LINE('',#1123,#1124);
#1123 = CARTESIAN_POINT('',(-1.016,-8.89,0.));
#1124 = VECTOR('',#1125,1.);
#1125 = DIRECTION('',(-0.707106781187,-0.707106781187,0.));
#1126 = ORIENTED_EDGE('',*,*,#1127,.T.);
#1127 = EDGE_CURVE('',#1120,#1128,#1130,.T.);
#1128 = VERTEX_POINT('',#1129);
#1129 = CARTESIAN_POINT('',(-1.27,-11.176,0.));
#1130 = LINE('',#1131,#1132);
#1131 = CARTESIAN_POINT('',(-1.27,-9.144,0.));
#1132 = VECTOR('',#1133,1.);
#1133 = DIRECTION('',(0.,-1.,0.));
#1134 = ORIENTED_EDGE('',*,*,#1135,.T.);
#1135 = EDGE_CURVE('',#1128,#1136,#1138,.T.);
#1136 = VERTEX_POINT('',#1137);
#1137 = CARTESIAN_POINT('',(-1.016,-11.43,0.));
#1138 = LINE('',#1139,#1140);
#1139 = CARTESIAN_POINT('',(-1.27,-11.176,0.));
#1140 = VECTOR('',#1141,1.);
#1141 = DIRECTION('',(0.707106781187,-0.707106781187,0.));
#1142 = ORIENTED_EDGE('',*,*,#1143,.T.);
#1143 = EDGE_CURVE('',#1136,#1144,#1146,.T.);
#1144 = VERTEX_POINT('',#1145);
#1145 = CARTESIAN_POINT('',(1.016,-11.43,0.));
#1146 = LINE('',#1147,#1148);
#1147 = CARTESIAN_POINT('',(-1.016,-11.43,0.));
#1148 = VECTOR('',#1149,1.);
#1149 = DIRECTION('',(1.,0.,0.));
#1150 = ORIENTED_EDGE('',*,*,#1151,.T.);
#1151 = EDGE_CURVE('',#1144,#1152,#1154,.T.);
#1152 = VERTEX_POINT('',#1153);
#1153 = CARTESIAN_POINT('',(1.27,-11.176,0.));
#1154 = LINE('',#1155,#1156);
#1155 = CARTESIAN_POINT('',(1.016,-11.43,0.));
#1156 = VECTOR('',#1157,1.);
#1157 = DIRECTION('',(0.707106781187,0.707106781187,0.));
#1158 = ORIENTED_EDGE('',*,*,#1159,.T.);
#1159 = EDGE_CURVE('',#1152,#1160,#1162,.T.);
#1160 = VERTEX_POINT('',#1161);
#1161 = CARTESIAN_POINT('',(1.27,-9.144,0.));
#1162 = LINE('',#1163,#1164);
#1163 = CARTESIAN_POINT('',(1.27,-11.176,0.));
#1164 = VECTOR('',#1165,1.);
#1165 = DIRECTION('',(0.,1.,0.));
#1166 = ORIENTED_EDGE('',*,*,#1167,.T.);
#1167 = EDGE_CURVE('',#1160,#1168,#1170,.T.);
#1168 = VERTEX_POINT('',#1169);
#1169 = CARTESIAN_POINT('',(1.016,-8.89,0.));
#1170 = LINE('',#1171,#1172);
#1171 = CARTESIAN_POINT('',(1.27,-9.144,0.));
#1172 = VECTOR('',#1173,1.);
#1173 = DIRECTION('',(-0.707106781187,0.707106781187,0.));
#1174 = ORIENTED_EDGE('',*,*,#1175,.T.);
#1175 = EDGE_CURVE('',#1168,#1176,#1178,.T.);
#1176 = VERTEX_POINT('',#1177);
#1177 = CARTESIAN_POINT('',(1.27,-8.636,0.));
#1178 = LINE('',#1179,#1180);
#1179 = CARTESIAN_POINT('',(1.016,-8.89,0.));
#1180 = VECTOR('',#1181,1.);
#1181 = DIRECTION('',(0.707106781187,0.707106781187,0.));
#1182 = ORIENTED_EDGE('',*,*,#1183,.T.);
#1183 = EDGE_CURVE('',#1176,#1184,#1186,.T.);
#1184 = VERTEX_POINT('',#1185);
#1185 = CARTESIAN_POINT('',(1.27,-6.604,0.));
#1186 = LINE('',#1187,#1188);
#1187 = CARTESIAN_POINT('',(1.27,-8.636,0.));
#1188 = VECTOR('',#1189,1.);
#1189 = DIRECTION('',(0.,1.,0.));
#1190 = ORIENTED_EDGE('',*,*,#1191,.T.);
#1191 = EDGE_CURVE('',#1184,#1192,#1194,.T.);
#1192 = VERTEX_POINT('',#1193);
#1193 = CARTESIAN_POINT('',(1.016,-6.35,0.));
#1194 = LINE('',#1195,#1196);
#1195 = CARTESIAN_POINT('',(1.27,-6.604,0.));
#1196 = VECTOR('',#1197,1.);
#1197 = DIRECTION('',(-0.707106781187,0.707106781187,0.));
#1198 = ORIENTED_EDGE('',*,*,#1199,.T.);
#1199 = EDGE_CURVE('',#1192,#1200,#1202,.T.);
#1200 = VERTEX_POINT('',#1201);
#1201 = CARTESIAN_POINT('',(1.27,-6.096,0.));
#1202 = LINE('',#1203,#1204);
#1203 = CARTESIAN_POINT('',(1.016,-6.35,0.));
#1204 = VECTOR('',#1205,1.);
#1205 = DIRECTION('',(0.707106781187,0.707106781187,0.));
#1206 = ORIENTED_EDGE('',*,*,#1207,.T.);
#1207 = EDGE_CURVE('',#1200,#1208,#1210,.T.);
#1208 = VERTEX_POINT('',#1209);
#1209 = CARTESIAN_POINT('',(1.27,-4.064,0.));
#1210 = LINE('',#1211,#1212);
#1211 = CARTESIAN_POINT('',(1.27,-6.096,0.));
#1212 = VECTOR('',#1213,1.);
#1213 = DIRECTION('',(0.,1.,0.));
#1214 = ORIENTED_EDGE('',*,*,#1215,.T.);
#1215 = EDGE_CURVE('',#1208,#1216,#1218,.T.);
#1216 = VERTEX_POINT('',#1217);
#1217 = CARTESIAN_POINT('',(1.016,-3.81,0.));
#1218 = LINE('',#1219,#1220);
#1219 = CARTESIAN_POINT('',(1.27,-4.064,0.));
#1220 = VECTOR('',#1221,1.);
#1221 = DIRECTION('',(-0.707106781187,0.707106781187,0.));
#1222 = ORIENTED_EDGE('',*,*,#1223,.T.);
#1223 = EDGE_CURVE('',#1216,#1224,#1226,.T.);
#1224 = VERTEX_POINT('',#1225);
#1225 = CARTESIAN_POINT('',(1.27,-3.556,0.));
#1226 = LINE('',#1227,#1228);
#1227 = CARTESIAN_POINT('',(1.016,-3.81,0.));
#1228 = VECTOR('',#1229,1.);
#1229 = DIRECTION('',(0.707106781187,0.707106781187,0.));
#1230 = ORIENTED_EDGE('',*,*,#1231,.T.);
#1231 = EDGE_CURVE('',#1224,#1232,#1234,.T.);
#1232 = VERTEX_POINT('',#1233);
#1233 = CARTESIAN_POINT('',(1.27,-1.524,0.));
#1234 = LINE('',#1235,#1236);
#1235 = CARTESIAN_POINT('',(1.27,-3.556,0.));
#1236 = VECTOR('',#1237,1.);
#1237 = DIRECTION('',(0.,1.,0.));
#1238 = ORIENTED_EDGE('',*,*,#1239,.T.);
#1239 = EDGE_CURVE('',#1232,#1240,#1242,.T.);
#1240 = VERTEX_POINT('',#1241);
#1241 = CARTESIAN_POINT('',(1.016,-1.27,0.));
#1242 = LINE('',#1243,#1244);
#1243 = CARTESIAN_POINT('',(1.27,-1.524,0.));
#1244 = VECTOR('',#1245,1.);
#1245 = DIRECTION('',(-0.707106781187,0.707106781187,0.));
#1246 = ORIENTED_EDGE('',*,*,#1247,.T.);
#1247 = EDGE_CURVE('',#1240,#1248,#1250,.T.);
#1248 = VERTEX_POINT('',#1249);
#1249 = CARTESIAN_POINT('',(1.27,-1.016,0.));
#1250 = LINE('',#1251,#1252);
#1251 = CARTESIAN_POINT('',(1.016,-1.27,0.));
#1252 = VECTOR('',#1253,1.);
#1253 = DIRECTION('',(0.707106781187,0.707106781187,0.));
#1254 = ORIENTED_EDGE('',*,*,#1255,.T.);
#1255 = EDGE_CURVE('',#1248,#1256,#1258,.T.);
#1256 = VERTEX_POINT('',#1257);
#1257 = CARTESIAN_POINT('',(1.27,1.016,0.));
#1258 = LINE('',#1259,#1260);
#1259 = CARTESIAN_POINT('',(1.27,-1.016,0.));
#1260 = VECTOR('',#1261,1.);
#1261 = DIRECTION('',(0.,1.,0.));
#1262 = ORIENTED_EDGE('',*,*,#1263,.T.);
#1263 = EDGE_CURVE('',#1256,#976,#1264,.T.);
#1264 = LINE('',#1265,#1266);
#1265 = CARTESIAN_POINT('',(1.27,1.016,0.));
#1266 = VECTOR('',#1267,1.);
#1267 = DIRECTION('',(-0.707106781187,0.707106781187,0.));
#1268 = ORIENTED_EDGE('',*,*,#992,.T.);
#1269 = FACE_BOUND('',#1270,.F.);
#1270 = EDGE_LOOP('',(#1271,#1281,#1289,#1297));
#1271 = ORIENTED_EDGE('',*,*,#1272,.F.);
#1272 = EDGE_CURVE('',#1273,#1275,#1277,.T.);
#1273 = VERTEX_POINT('',#1274);
#1274 = CARTESIAN_POINT('',(0.32,-0.32,0.));
#1275 = VERTEX_POINT('',#1276);
#1276 = CARTESIAN_POINT('',(0.32,0.32,0.));
#1277 = LINE('',#1278,#1279);
#1278 = CARTESIAN_POINT('',(0.32,-2.7,0.));
#1279 = VECTOR('',#1280,1.);
#1280 = DIRECTION('',(0.,1.,0.));
#1281 = ORIENTED_EDGE('',*,*,#1282,.T.);
#1282 = EDGE_CURVE('',#1273,#1283,#1285,.T.);
#1283 = VERTEX_POINT('',#1284);
#1284 = CARTESIAN_POINT('',(-0.32,-0.32,0.));
#1285 = LINE('',#1286,#1287);
#1286 = CARTESIAN_POINT('',(-0.16,-0.32,0.));
#1287 = VECTOR('',#1288,1.);
#1288 = DIRECTION('',(-1.,0.,0.));
#1289 = ORIENTED_EDGE('',*,*,#1290,.T.);
#1290 = EDGE_CURVE('',#1283,#1291,#1293,.T.);
#1291 = VERTEX_POINT('',#1292);
#1292 = CARTESIAN_POINT('',(-0.32,0.32,0.));
#1293 = LINE('',#1294,#1295);
#1294 = CARTESIAN_POINT('',(-0.32,-2.7,0.));
#1295 = VECTOR('',#1296,1.);
#1296 = DIRECTION('',(0.,1.,0.));
#1297 = ORIENTED_EDGE('',*,*,#1298,.F.);
#1298 = EDGE_CURVE('',#1275,#1291,#1299,.T.);
#1299 = LINE('',#1300,#1301);
#1300 = CARTESIAN_POINT('',(-0.16,0.32,0.));
#1301 = VECTOR('',#1302,1.);
#1302 = DIRECTION('',(-1.,0.,0.));
#1303 = FACE_BOUND('',#1304,.F.);
#1304 = EDGE_LOOP('',(#1305,#1315,#1323,#1331));
#1305 = ORIENTED_EDGE('',*,*,#1306,.F.);
#1306 = EDGE_CURVE('',#1307,#1309,#1311,.T.);
#1307 = VERTEX_POINT('',#1308);
#1308 = CARTESIAN_POINT('',(0.32,-2.22,0.));
#1309 = VERTEX_POINT('',#1310);
#1310 = CARTESIAN_POINT('',(-0.32,-2.22,0.));
#1311 = LINE('',#1312,#1313);
#1312 = CARTESIAN_POINT('',(-0.16,-2.22,0.));
#1313 = VECTOR('',#1314,1.);
#1314 = DIRECTION('',(-1.,0.,0.));
#1315 = ORIENTED_EDGE('',*,*,#1316,.F.);
#1316 = EDGE_CURVE('',#1317,#1307,#1319,.T.);
#1317 = VERTEX_POINT('',#1318);
#1318 = CARTESIAN_POINT('',(0.32,-2.86,0.));
#1319 = LINE('',#1320,#1321);
#1320 = CARTESIAN_POINT('',(0.32,-3.97,0.));
#1321 = VECTOR('',#1322,1.);
#1322 = DIRECTION('',(0.,1.,0.));
#1323 = ORIENTED_EDGE('',*,*,#1324,.T.);
#1324 = EDGE_CURVE('',#1317,#1325,#1327,.T.);
#1325 = VERTEX_POINT('',#1326);
#1326 = CARTESIAN_POINT('',(-0.32,-2.86,0.));
#1327 = LINE('',#1328,#1329);
#1328 = CARTESIAN_POINT('',(-0.16,-2.86,0.));
#1329 = VECTOR('',#1330,1.);
#1330 = DIRECTION('',(-1.,0.,0.));
#1331 = ORIENTED_EDGE('',*,*,#1332,.T.);
#1332 = EDGE_CURVE('',#1325,#1309,#1333,.T.);
#1333 = LINE('',#1334,#1335);
#1334 = CARTESIAN_POINT('',(-0.32,-3.97,0.));
#1335 = VECTOR('',#1336,1.);
#1336 = DIRECTION('',(0.,1.,0.));
#1337 = FACE_BOUND('',#1338,.F.);
#1338 = EDGE_LOOP('',(#1339,#1349,#1357,#1365));
#1339 = ORIENTED_EDGE('',*,*,#1340,.F.);
#1340 = EDGE_CURVE('',#1341,#1343,#1345,.T.);
#1341 = VERTEX_POINT('',#1342);
#1342 = CARTESIAN_POINT('',(0.32,-4.76,0.));
#1343 = VERTEX_POINT('',#1344);
#1344 = CARTESIAN_POINT('',(-0.32,-4.76,0.));
#1345 = LINE('',#1346,#1347);
#1346 = CARTESIAN_POINT('',(-0.16,-4.76,0.));
#1347 = VECTOR('',#1348,1.);
#1348 = DIRECTION('',(-1.,0.,0.));
#1349 = ORIENTED_EDGE('',*,*,#1350,.F.);
#1350 = EDGE_CURVE('',#1351,#1341,#1353,.T.);
#1351 = VERTEX_POINT('',#1352);
#1352 = CARTESIAN_POINT('',(0.32,-5.4,0.));
#1353 = LINE('',#1354,#1355);
#1354 = CARTESIAN_POINT('',(0.32,-5.24,0.));
#1355 = VECTOR('',#1356,1.);
#1356 = DIRECTION('',(0.,1.,0.));
#1357 = ORIENTED_EDGE('',*,*,#1358,.T.);
#1358 = EDGE_CURVE('',#1351,#1359,#1361,.T.);
#1359 = VERTEX_POINT('',#1360);
#1360 = CARTESIAN_POINT('',(-0.32,-5.4,0.));
#1361 = LINE('',#1362,#1363);
#1362 = CARTESIAN_POINT('',(-0.16,-5.4,0.));
#1363 = VECTOR('',#1364,1.);
#1364 = DIRECTION('',(-1.,0.,0.));
#1365 = ORIENTED_EDGE('',*,*,#1366,.T.);
#1366 = EDGE_CURVE('',#1359,#1343,#1367,.T.);
#1367 = LINE('',#1368,#1369);
#1368 = CARTESIAN_POINT('',(-0.32,-5.24,0.));
#1369 = VECTOR('',#1370,1.);
#1370 = DIRECTION('',(0.,1.,0.));
#1371 = FACE_BOUND('',#1372,.F.);
#1372 = EDGE_LOOP('',(#1373,#1383,#1391,#1399));
#1373 = ORIENTED_EDGE('',*,*,#1374,.F.);
#1374 = EDGE_CURVE('',#1375,#1377,#1379,.T.);
#1375 = VERTEX_POINT('',#1376);
#1376 = CARTESIAN_POINT('',(0.32,-9.84,0.));
#1377 = VERTEX_POINT('',#1378);
#1378 = CARTESIAN_POINT('',(-0.32,-9.84,0.));
#1379 = LINE('',#1380,#1381);
#1380 = CARTESIAN_POINT('',(-0.16,-9.84,0.));
#1381 = VECTOR('',#1382,1.);
#1382 = DIRECTION('',(-1.,0.,0.));
#1383 = ORIENTED_EDGE('',*,*,#1384,.F.);
#1384 = EDGE_CURVE('',#1385,#1375,#1387,.T.);
#1385 = VERTEX_POINT('',#1386);
#1386 = CARTESIAN_POINT('',(0.32,-10.48,0.));
#1387 = LINE('',#1388,#1389);
#1388 = CARTESIAN_POINT('',(0.32,-7.78,0.));
#1389 = VECTOR('',#1390,1.);
#1390 = DIRECTION('',(0.,1.,0.));
#1391 = ORIENTED_EDGE('',*,*,#1392,.T.);
#1392 = EDGE_CURVE('',#1385,#1393,#1395,.T.);
#1393 = VERTEX_POINT('',#1394);
#1394 = CARTESIAN_POINT('',(-0.32,-10.48,0.));
#1395 = LINE('',#1396,#1397);
#1396 = CARTESIAN_POINT('',(-0.16,-10.48,0.));
#1397 = VECTOR('',#1398,1.);
#1398 = DIRECTION('',(-1.,0.,0.));
#1399 = ORIENTED_EDGE('',*,*,#1400,.T.);
#1400 = EDGE_CURVE('',#1393,#1377,#1401,.T.);
#1401 = LINE('',#1402,#1403);
#1402 = CARTESIAN_POINT('',(-0.32,-7.78,0.));
#1403 = VECTOR('',#1404,1.);
#1404 = DIRECTION('',(0.,1.,0.));
#1405 = FACE_BOUND('',#1406,.F.);
#1406 = EDGE_LOOP('',(#1407,#1417,#1425,#1433));
#1407 = ORIENTED_EDGE('',*,*,#1408,.T.);
#1408 = EDGE_CURVE('',#1409,#1411,#1413,.T.);
#1409 = VERTEX_POINT('',#1410);
#1410 = CARTESIAN_POINT('',(0.32,-7.94,0.));
#1411 = VERTEX_POINT('',#1412);
#1412 = CARTESIAN_POINT('',(-0.32,-7.94,0.));
#1413 = LINE('',#1414,#1415);
#1414 = CARTESIAN_POINT('',(-0.16,-7.94,0.));
#1415 = VECTOR('',#1416,1.);
#1416 = DIRECTION('',(-1.,0.,0.));
#1417 = ORIENTED_EDGE('',*,*,#1418,.T.);
#1418 = EDGE_CURVE('',#1411,#1419,#1421,.T.);
#1419 = VERTEX_POINT('',#1420);
#1420 = CARTESIAN_POINT('',(-0.32,-7.3,0.));
#1421 = LINE('',#1422,#1423);
#1422 = CARTESIAN_POINT('',(-0.32,-6.51,0.));
#1423 = VECTOR('',#1424,1.);
#1424 = DIRECTION('',(0.,1.,0.));
#1425 = ORIENTED_EDGE('',*,*,#1426,.F.);
#1426 = EDGE_CURVE('',#1427,#1419,#1429,.T.);
#1427 = VERTEX_POINT('',#1428);
#1428 = CARTESIAN_POINT('',(0.32,-7.3,0.));
#1429 = LINE('',#1430,#1431);
#1430 = CARTESIAN_POINT('',(-0.16,-7.3,0.));
#1431 = VECTOR('',#1432,1.);
#1432 = DIRECTION('',(-1.,0.,0.));
#1433 = ORIENTED_EDGE('',*,*,#1434,.F.);
#1434 = EDGE_CURVE('',#1409,#1427,#1435,.T.);
#1435 = LINE('',#1436,#1437);
#1436 = CARTESIAN_POINT('',(0.32,-6.51,0.));
#1437 = VECTOR('',#1438,1.);
#1438 = DIRECTION('',(0.,1.,0.));
#1439 = PLANE('',#1440);
#1440 = AXIS2_PLACEMENT_3D('',#1441,#1442,#1443);
#1441 = CARTESIAN_POINT('',(-2.110141571089E-17,-5.08,0.));
#1442 = DIRECTION('',(0.,0.,1.));
#1443 = DIRECTION('',(1.,0.,-0.));
#1444 = ADVANCED_FACE('',(#1445,#1680,#1714,#1748,#1782,#1816),#1850,.T.
  );
#1445 = FACE_BOUND('',#1446,.T.);
#1446 = EDGE_LOOP('',(#1447,#1448,#1449,#1457,#1465,#1473,#1481,#1489,
    #1497,#1505,#1513,#1521,#1529,#1537,#1545,#1553,#1561,#1569,#1577,
    #1585,#1593,#1601,#1609,#1617,#1625,#1633,#1641,#1649,#1657,#1665,
    #1673,#1679));
#1447 = ORIENTED_EDGE('',*,*,#945,.T.);
#1448 = ORIENTED_EDGE('',*,*,#1007,.T.);
#1449 = ORIENTED_EDGE('',*,*,#1450,.T.);
#1450 = EDGE_CURVE('',#1008,#1451,#1453,.T.);
#1451 = VERTEX_POINT('',#1452);
#1452 = CARTESIAN_POINT('',(-1.016,-1.27,2.54));
#1453 = LINE('',#1454,#1455);
#1454 = CARTESIAN_POINT('',(-1.27,-1.016,2.54));
#1455 = VECTOR('',#1456,1.);
#1456 = DIRECTION('',(0.707106781187,-0.707106781187,0.));
#1457 = ORIENTED_EDGE('',*,*,#1458,.T.);
#1458 = EDGE_CURVE('',#1451,#1459,#1461,.T.);
#1459 = VERTEX_POINT('',#1460);
#1460 = CARTESIAN_POINT('',(-1.27,-1.524,2.54));
#1461 = LINE('',#1462,#1463);
#1462 = CARTESIAN_POINT('',(-1.016,-1.27,2.54));
#1463 = VECTOR('',#1464,1.);
#1464 = DIRECTION('',(-0.707106781187,-0.707106781187,0.));
#1465 = ORIENTED_EDGE('',*,*,#1466,.T.);
#1466 = EDGE_CURVE('',#1459,#1467,#1469,.T.);
#1467 = VERTEX_POINT('',#1468);
#1468 = CARTESIAN_POINT('',(-1.27,-3.556,2.54));
#1469 = LINE('',#1470,#1471);
#1470 = CARTESIAN_POINT('',(-1.27,-1.524,2.54));
#1471 = VECTOR('',#1472,1.);
#1472 = DIRECTION('',(0.,-1.,0.));
#1473 = ORIENTED_EDGE('',*,*,#1474,.T.);
#1474 = EDGE_CURVE('',#1467,#1475,#1477,.T.);
#1475 = VERTEX_POINT('',#1476);
#1476 = CARTESIAN_POINT('',(-1.016,-3.81,2.54));
#1477 = LINE('',#1478,#1479);
#1478 = CARTESIAN_POINT('',(-1.27,-3.556,2.54));
#1479 = VECTOR('',#1480,1.);
#1480 = DIRECTION('',(0.707106781187,-0.707106781187,0.));
#1481 = ORIENTED_EDGE('',*,*,#1482,.T.);
#1482 = EDGE_CURVE('',#1475,#1483,#1485,.T.);
#1483 = VERTEX_POINT('',#1484);
#1484 = CARTESIAN_POINT('',(-1.27,-4.064,2.54));
#1485 = LINE('',#1486,#1487);
#1486 = CARTESIAN_POINT('',(-1.016,-3.81,2.54));
#1487 = VECTOR('',#1488,1.);
#1488 = DIRECTION('',(-0.707106781187,-0.707106781187,0.));
#1489 = ORIENTED_EDGE('',*,*,#1490,.T.);
#1490 = EDGE_CURVE('',#1483,#1491,#1493,.T.);
#1491 = VERTEX_POINT('',#1492);
#1492 = CARTESIAN_POINT('',(-1.27,-6.096,2.54));
#1493 = LINE('',#1494,#1495);
#1494 = CARTESIAN_POINT('',(-1.27,-4.064,2.54));
#1495 = VECTOR('',#1496,1.);
#1496 = DIRECTION('',(0.,-1.,0.));
#1497 = ORIENTED_EDGE('',*,*,#1498,.T.);
#1498 = EDGE_CURVE('',#1491,#1499,#1501,.T.);
#1499 = VERTEX_POINT('',#1500);
#1500 = CARTESIAN_POINT('',(-1.016,-6.35,2.54));
#1501 = LINE('',#1502,#1503);
#1502 = CARTESIAN_POINT('',(-1.27,-6.096,2.54));
#1503 = VECTOR('',#1504,1.);
#1504 = DIRECTION('',(0.707106781187,-0.707106781187,0.));
#1505 = ORIENTED_EDGE('',*,*,#1506,.T.);
#1506 = EDGE_CURVE('',#1499,#1507,#1509,.T.);
#1507 = VERTEX_POINT('',#1508);
#1508 = CARTESIAN_POINT('',(-1.27,-6.604,2.54));
#1509 = LINE('',#1510,#1511);
#1510 = CARTESIAN_POINT('',(-1.016,-6.35,2.54));
#1511 = VECTOR('',#1512,1.);
#1512 = DIRECTION('',(-0.707106781187,-0.707106781187,0.));
#1513 = ORIENTED_EDGE('',*,*,#1514,.T.);
#1514 = EDGE_CURVE('',#1507,#1515,#1517,.T.);
#1515 = VERTEX_POINT('',#1516);
#1516 = CARTESIAN_POINT('',(-1.27,-8.636,2.54));
#1517 = LINE('',#1518,#1519);
#1518 = CARTESIAN_POINT('',(-1.27,-6.604,2.54));
#1519 = VECTOR('',#1520,1.);
#1520 = DIRECTION('',(0.,-1.,0.));
#1521 = ORIENTED_EDGE('',*,*,#1522,.T.);
#1522 = EDGE_CURVE('',#1515,#1523,#1525,.T.);
#1523 = VERTEX_POINT('',#1524);
#1524 = CARTESIAN_POINT('',(-1.016,-8.89,2.54));
#1525 = LINE('',#1526,#1527);
#1526 = CARTESIAN_POINT('',(-1.27,-8.636,2.54));
#1527 = VECTOR('',#1528,1.);
#1528 = DIRECTION('',(0.707106781187,-0.707106781187,0.));
#1529 = ORIENTED_EDGE('',*,*,#1530,.T.);
#1530 = EDGE_CURVE('',#1523,#1531,#1533,.T.);
#1531 = VERTEX_POINT('',#1532);
#1532 = CARTESIAN_POINT('',(-1.27,-9.144,2.54));
#1533 = LINE('',#1534,#1535);
#1534 = CARTESIAN_POINT('',(-1.016,-8.89,2.54));
#1535 = VECTOR('',#1536,1.);
#1536 = DIRECTION('',(-0.707106781187,-0.707106781187,0.));
#1537 = ORIENTED_EDGE('',*,*,#1538,.T.);
#1538 = EDGE_CURVE('',#1531,#1539,#1541,.T.);
#1539 = VERTEX_POINT('',#1540);
#1540 = CARTESIAN_POINT('',(-1.27,-11.176,2.54));
#1541 = LINE('',#1542,#1543);
#1542 = CARTESIAN_POINT('',(-1.27,-9.144,2.54));
#1543 = VECTOR('',#1544,1.);
#1544 = DIRECTION('',(0.,-1.,0.));
#1545 = ORIENTED_EDGE('',*,*,#1546,.T.);
#1546 = EDGE_CURVE('',#1539,#1547,#1549,.T.);
#1547 = VERTEX_POINT('',#1548);
#1548 = CARTESIAN_POINT('',(-1.016,-11.43,2.54));
#1549 = LINE('',#1550,#1551);
#1550 = CARTESIAN_POINT('',(-1.27,-11.176,2.54));
#1551 = VECTOR('',#1552,1.);
#1552 = DIRECTION('',(0.707106781187,-0.707106781187,0.));
#1553 = ORIENTED_EDGE('',*,*,#1554,.T.);
#1554 = EDGE_CURVE('',#1547,#1555,#1557,.T.);
#1555 = VERTEX_POINT('',#1556);
#1556 = CARTESIAN_POINT('',(1.016,-11.43,2.54));
#1557 = LINE('',#1558,#1559);
#1558 = CARTESIAN_POINT('',(-1.016,-11.43,2.54));
#1559 = VECTOR('',#1560,1.);
#1560 = DIRECTION('',(1.,0.,0.));
#1561 = ORIENTED_EDGE('',*,*,#1562,.T.);
#1562 = EDGE_CURVE('',#1555,#1563,#1565,.T.);
#1563 = VERTEX_POINT('',#1564);
#1564 = CARTESIAN_POINT('',(1.27,-11.176,2.54));
#1565 = LINE('',#1566,#1567);
#1566 = CARTESIAN_POINT('',(1.016,-11.43,2.54));
#1567 = VECTOR('',#1568,1.);
#1568 = DIRECTION('',(0.707106781187,0.707106781187,0.));
#1569 = ORIENTED_EDGE('',*,*,#1570,.T.);
#1570 = EDGE_CURVE('',#1563,#1571,#1573,.T.);
#1571 = VERTEX_POINT('',#1572);
#1572 = CARTESIAN_POINT('',(1.27,-9.144,2.54));
#1573 = LINE('',#1574,#1575);
#1574 = CARTESIAN_POINT('',(1.27,-11.176,2.54));
#1575 = VECTOR('',#1576,1.);
#1576 = DIRECTION('',(0.,1.,0.));
#1577 = ORIENTED_EDGE('',*,*,#1578,.T.);
#1578 = EDGE_CURVE('',#1571,#1579,#1581,.T.);
#1579 = VERTEX_POINT('',#1580);
#1580 = CARTESIAN_POINT('',(1.016,-8.89,2.54));
#1581 = LINE('',#1582,#1583);
#1582 = CARTESIAN_POINT('',(1.27,-9.144,2.54));
#1583 = VECTOR('',#1584,1.);
#1584 = DIRECTION('',(-0.707106781187,0.707106781187,0.));
#1585 = ORIENTED_EDGE('',*,*,#1586,.T.);
#1586 = EDGE_CURVE('',#1579,#1587,#1589,.T.);
#1587 = VERTEX_POINT('',#1588);
#1588 = CARTESIAN_POINT('',(1.27,-8.636,2.54));
#1589 = LINE('',#1590,#1591);
#1590 = CARTESIAN_POINT('',(1.016,-8.89,2.54));
#1591 = VECTOR('',#1592,1.);
#1592 = DIRECTION('',(0.707106781187,0.707106781187,0.));
#1593 = ORIENTED_EDGE('',*,*,#1594,.T.);
#1594 = EDGE_CURVE('',#1587,#1595,#1597,.T.);
#1595 = VERTEX_POINT('',#1596);
#1596 = CARTESIAN_POINT('',(1.27,-6.604,2.54));
#1597 = LINE('',#1598,#1599);
#1598 = CARTESIAN_POINT('',(1.27,-8.636,2.54));
#1599 = VECTOR('',#1600,1.);
#1600 = DIRECTION('',(0.,1.,0.));
#1601 = ORIENTED_EDGE('',*,*,#1602,.T.);
#1602 = EDGE_CURVE('',#1595,#1603,#1605,.T.);
#1603 = VERTEX_POINT('',#1604);
#1604 = CARTESIAN_POINT('',(1.016,-6.35,2.54));
#1605 = LINE('',#1606,#1607);
#1606 = CARTESIAN_POINT('',(1.27,-6.604,2.54));
#1607 = VECTOR('',#1608,1.);
#1608 = DIRECTION('',(-0.707106781187,0.707106781187,0.));
#1609 = ORIENTED_EDGE('',*,*,#1610,.T.);
#1610 = EDGE_CURVE('',#1603,#1611,#1613,.T.);
#1611 = VERTEX_POINT('',#1612);
#1612 = CARTESIAN_POINT('',(1.27,-6.096,2.54));
#1613 = LINE('',#1614,#1615);
#1614 = CARTESIAN_POINT('',(1.016,-6.35,2.54));
#1615 = VECTOR('',#1616,1.);
#1616 = DIRECTION('',(0.707106781187,0.707106781187,0.));
#1617 = ORIENTED_EDGE('',*,*,#1618,.T.);
#1618 = EDGE_CURVE('',#1611,#1619,#1621,.T.);
#1619 = VERTEX_POINT('',#1620);
#1620 = CARTESIAN_POINT('',(1.27,-4.064,2.54));
#1621 = LINE('',#1622,#1623);
#1622 = CARTESIAN_POINT('',(1.27,-6.096,2.54));
#1623 = VECTOR('',#1624,1.);
#1624 = DIRECTION('',(0.,1.,0.));
#1625 = ORIENTED_EDGE('',*,*,#1626,.T.);
#1626 = EDGE_CURVE('',#1619,#1627,#1629,.T.);
#1627 = VERTEX_POINT('',#1628);
#1628 = CARTESIAN_POINT('',(1.016,-3.81,2.54));
#1629 = LINE('',#1630,#1631);
#1630 = CARTESIAN_POINT('',(1.27,-4.064,2.54));
#1631 = VECTOR('',#1632,1.);
#1632 = DIRECTION('',(-0.707106781187,0.707106781187,0.));
#1633 = ORIENTED_EDGE('',*,*,#1634,.T.);
#1634 = EDGE_CURVE('',#1627,#1635,#1637,.T.);
#1635 = VERTEX_POINT('',#1636);
#1636 = CARTESIAN_POINT('',(1.27,-3.556,2.54));
#1637 = LINE('',#1638,#1639);
#1638 = CARTESIAN_POINT('',(1.016,-3.81,2.54));
#1639 = VECTOR('',#1640,1.);
#1640 = DIRECTION('',(0.707106781187,0.707106781187,0.));
#1641 = ORIENTED_EDGE('',*,*,#1642,.T.);
#1642 = EDGE_CURVE('',#1635,#1643,#1645,.T.);
#1643 = VERTEX_POINT('',#1644);
#1644 = CARTESIAN_POINT('',(1.27,-1.524,2.54));
#1645 = LINE('',#1646,#1647);
#1646 = CARTESIAN_POINT('',(1.27,-3.556,2.54));
#1647 = VECTOR('',#1648,1.);
#1648 = DIRECTION('',(0.,1.,0.));
#1649 = ORIENTED_EDGE('',*,*,#1650,.T.);
#1650 = EDGE_CURVE('',#1643,#1651,#1653,.T.);
#1651 = VERTEX_POINT('',#1652);
#1652 = CARTESIAN_POINT('',(1.016,-1.27,2.54));
#1653 = LINE('',#1654,#1655);
#1654 = CARTESIAN_POINT('',(1.27,-1.524,2.54));
#1655 = VECTOR('',#1656,1.);
#1656 = DIRECTION('',(-0.707106781187,0.707106781187,0.));
#1657 = ORIENTED_EDGE('',*,*,#1658,.T.);
#1658 = EDGE_CURVE('',#1651,#1659,#1661,.T.);
#1659 = VERTEX_POINT('',#1660);
#1660 = CARTESIAN_POINT('',(1.27,-1.016,2.54));
#1661 = LINE('',#1662,#1663);
#1662 = CARTESIAN_POINT('',(1.016,-1.27,2.54));
#1663 = VECTOR('',#1664,1.);
#1664 = DIRECTION('',(0.707106781187,0.707106781187,0.));
#1665 = ORIENTED_EDGE('',*,*,#1666,.T.);
#1666 = EDGE_CURVE('',#1659,#1667,#1669,.T.);
#1667 = VERTEX_POINT('',#1668);
#1668 = CARTESIAN_POINT('',(1.27,1.016,2.54));
#1669 = LINE('',#1670,#1671);
#1670 = CARTESIAN_POINT('',(1.27,-1.016,2.54));
#1671 = VECTOR('',#1672,1.);
#1672 = DIRECTION('',(0.,1.,0.));
#1673 = ORIENTED_EDGE('',*,*,#1674,.T.);
#1674 = EDGE_CURVE('',#1667,#978,#1675,.T.);
#1675 = LINE('',#1676,#1677);
#1676 = CARTESIAN_POINT('',(1.27,1.016,2.54));
#1677 = VECTOR('',#1678,1.);
#1678 = DIRECTION('',(-0.707106781187,0.707106781187,0.));
#1679 = ORIENTED_EDGE('',*,*,#985,.T.);
#1680 = FACE_BOUND('',#1681,.T.);
#1681 = EDGE_LOOP('',(#1682,#1692,#1700,#1708));
#1682 = ORIENTED_EDGE('',*,*,#1683,.F.);
#1683 = EDGE_CURVE('',#1684,#1686,#1688,.T.);
#1684 = VERTEX_POINT('',#1685);
#1685 = CARTESIAN_POINT('',(0.32,-0.32,2.54));
#1686 = VERTEX_POINT('',#1687);
#1687 = CARTESIAN_POINT('',(0.32,0.32,2.54));
#1688 = LINE('',#1689,#1690);
#1689 = CARTESIAN_POINT('',(0.32,-2.7,2.54));
#1690 = VECTOR('',#1691,1.);
#1691 = DIRECTION('',(0.,1.,0.));
#1692 = ORIENTED_EDGE('',*,*,#1693,.T.);
#1693 = EDGE_CURVE('',#1684,#1694,#1696,.T.);
#1694 = VERTEX_POINT('',#1695);
#1695 = CARTESIAN_POINT('',(-0.32,-0.32,2.54));
#1696 = LINE('',#1697,#1698);
#1697 = CARTESIAN_POINT('',(-0.16,-0.32,2.54));
#1698 = VECTOR('',#1699,1.);
#1699 = DIRECTION('',(-1.,0.,0.));
#1700 = ORIENTED_EDGE('',*,*,#1701,.T.);
#1701 = EDGE_CURVE('',#1694,#1702,#1704,.T.);
#1702 = VERTEX_POINT('',#1703);
#1703 = CARTESIAN_POINT('',(-0.32,0.32,2.54));
#1704 = LINE('',#1705,#1706);
#1705 = CARTESIAN_POINT('',(-0.32,-2.7,2.54));
#1706 = VECTOR('',#1707,1.);
#1707 = DIRECTION('',(0.,1.,0.));
#1708 = ORIENTED_EDGE('',*,*,#1709,.F.);
#1709 = EDGE_CURVE('',#1686,#1702,#1710,.T.);
#1710 = LINE('',#1711,#1712);
#1711 = CARTESIAN_POINT('',(-0.16,0.32,2.54));
#1712 = VECTOR('',#1713,1.);
#1713 = DIRECTION('',(-1.,0.,0.));
#1714 = FACE_BOUND('',#1715,.T.);
#1715 = EDGE_LOOP('',(#1716,#1726,#1734,#1742));
#1716 = ORIENTED_EDGE('',*,*,#1717,.F.);
#1717 = EDGE_CURVE('',#1718,#1720,#1722,.T.);
#1718 = VERTEX_POINT('',#1719);
#1719 = CARTESIAN_POINT('',(0.32,-2.22,2.54));
#1720 = VERTEX_POINT('',#1721);
#1721 = CARTESIAN_POINT('',(-0.32,-2.22,2.54));
#1722 = LINE('',#1723,#1724);
#1723 = CARTESIAN_POINT('',(-0.16,-2.22,2.54));
#1724 = VECTOR('',#1725,1.);
#1725 = DIRECTION('',(-1.,0.,0.));
#1726 = ORIENTED_EDGE('',*,*,#1727,.F.);
#1727 = EDGE_CURVE('',#1728,#1718,#1730,.T.);
#1728 = VERTEX_POINT('',#1729);
#1729 = CARTESIAN_POINT('',(0.32,-2.86,2.54));
#1730 = LINE('',#1731,#1732);
#1731 = CARTESIAN_POINT('',(0.32,-3.97,2.54));
#1732 = VECTOR('',#1733,1.);
#1733 = DIRECTION('',(0.,1.,0.));
#1734 = ORIENTED_EDGE('',*,*,#1735,.T.);
#1735 = EDGE_CURVE('',#1728,#1736,#1738,.T.);
#1736 = VERTEX_POINT('',#1737);
#1737 = CARTESIAN_POINT('',(-0.32,-2.86,2.54));
#1738 = LINE('',#1739,#1740);
#1739 = CARTESIAN_POINT('',(-0.16,-2.86,2.54));
#1740 = VECTOR('',#1741,1.);
#1741 = DIRECTION('',(-1.,0.,0.));
#1742 = ORIENTED_EDGE('',*,*,#1743,.T.);
#1743 = EDGE_CURVE('',#1736,#1720,#1744,.T.);
#1744 = LINE('',#1745,#1746);
#1745 = CARTESIAN_POINT('',(-0.32,-3.97,2.54));
#1746 = VECTOR('',#1747,1.);
#1747 = DIRECTION('',(0.,1.,0.));
#1748 = FACE_BOUND('',#1749,.T.);
#1749 = EDGE_LOOP('',(#1750,#1760,#1768,#1776));
#1750 = ORIENTED_EDGE('',*,*,#1751,.F.);
#1751 = EDGE_CURVE('',#1752,#1754,#1756,.T.);
#1752 = VERTEX_POINT('',#1753);
#1753 = CARTESIAN_POINT('',(0.32,-4.76,2.54));
#1754 = VERTEX_POINT('',#1755);
#1755 = CARTESIAN_POINT('',(-0.32,-4.76,2.54));
#1756 = LINE('',#1757,#1758);
#1757 = CARTESIAN_POINT('',(-0.16,-4.76,2.54));
#1758 = VECTOR('',#1759,1.);
#1759 = DIRECTION('',(-1.,0.,0.));
#1760 = ORIENTED_EDGE('',*,*,#1761,.F.);
#1761 = EDGE_CURVE('',#1762,#1752,#1764,.T.);
#1762 = VERTEX_POINT('',#1763);
#1763 = CARTESIAN_POINT('',(0.32,-5.4,2.54));
#1764 = LINE('',#1765,#1766);
#1765 = CARTESIAN_POINT('',(0.32,-5.24,2.54));
#1766 = VECTOR('',#1767,1.);
#1767 = DIRECTION('',(0.,1.,0.));
#1768 = ORIENTED_EDGE('',*,*,#1769,.T.);
#1769 = EDGE_CURVE('',#1762,#1770,#1772,.T.);
#1770 = VERTEX_POINT('',#1771);
#1771 = CARTESIAN_POINT('',(-0.32,-5.4,2.54));
#1772 = LINE('',#1773,#1774);
#1773 = CARTESIAN_POINT('',(-0.16,-5.4,2.54));
#1774 = VECTOR('',#1775,1.);
#1775 = DIRECTION('',(-1.,0.,0.));
#1776 = ORIENTED_EDGE('',*,*,#1777,.T.);
#1777 = EDGE_CURVE('',#1770,#1754,#1778,.T.);
#1778 = LINE('',#1779,#1780);
#1779 = CARTESIAN_POINT('',(-0.32,-5.24,2.54));
#1780 = VECTOR('',#1781,1.);
#1781 = DIRECTION('',(0.,1.,0.));
#1782 = FACE_BOUND('',#1783,.T.);
#1783 = EDGE_LOOP('',(#1784,#1794,#1802,#1810));
#1784 = ORIENTED_EDGE('',*,*,#1785,.F.);
#1785 = EDGE_CURVE('',#1786,#1788,#1790,.T.);
#1786 = VERTEX_POINT('',#1787);
#1787 = CARTESIAN_POINT('',(0.32,-9.84,2.54));
#1788 = VERTEX_POINT('',#1789);
#1789 = CARTESIAN_POINT('',(-0.32,-9.84,2.54));
#1790 = LINE('',#1791,#1792);
#1791 = CARTESIAN_POINT('',(-0.16,-9.84,2.54));
#1792 = VECTOR('',#1793,1.);
#1793 = DIRECTION('',(-1.,0.,0.));
#1794 = ORIENTED_EDGE('',*,*,#1795,.F.);
#1795 = EDGE_CURVE('',#1796,#1786,#1798,.T.);
#1796 = VERTEX_POINT('',#1797);
#1797 = CARTESIAN_POINT('',(0.32,-10.48,2.54));
#1798 = LINE('',#1799,#1800);
#1799 = CARTESIAN_POINT('',(0.32,-7.78,2.54));
#1800 = VECTOR('',#1801,1.);
#1801 = DIRECTION('',(0.,1.,0.));
#1802 = ORIENTED_EDGE('',*,*,#1803,.T.);
#1803 = EDGE_CURVE('',#1796,#1804,#1806,.T.);
#1804 = VERTEX_POINT('',#1805);
#1805 = CARTESIAN_POINT('',(-0.32,-10.48,2.54));
#1806 = LINE('',#1807,#1808);
#1807 = CARTESIAN_POINT('',(-0.16,-10.48,2.54));
#1808 = VECTOR('',#1809,1.);
#1809 = DIRECTION('',(-1.,0.,0.));
#1810 = ORIENTED_EDGE('',*,*,#1811,.T.);
#1811 = EDGE_CURVE('',#1804,#1788,#1812,.T.);
#1812 = LINE('',#1813,#1814);
#1813 = CARTESIAN_POINT('',(-0.32,-7.78,2.54));
#1814 = VECTOR('',#1815,1.);
#1815 = DIRECTION('',(0.,1.,0.));
#1816 = FACE_BOUND('',#1817,.T.);
#1817 = EDGE_LOOP('',(#1818,#1828,#1836,#1844));
#1818 = ORIENTED_EDGE('',*,*,#1819,.T.);
#1819 = EDGE_CURVE('',#1820,#1822,#1824,.T.);
#1820 = VERTEX_POINT('',#1821);
#1821 = CARTESIAN_POINT('',(0.32,-7.94,2.54));
#1822 = VERTEX_POINT('',#1823);
#1823 = CARTESIAN_POINT('',(-0.32,-7.94,2.54));
#1824 = LINE('',#1825,#1826);
#1825 = CARTESIAN_POINT('',(-0.16,-7.94,2.54));
#1826 = VECTOR('',#1827,1.);
#1827 = DIRECTION('',(-1.,0.,0.));
#1828 = ORIENTED_EDGE('',*,*,#1829,.T.);
#1829 = EDGE_CURVE('',#1822,#1830,#1832,.T.);
#1830 = VERTEX_POINT('',#1831);
#1831 = CARTESIAN_POINT('',(-0.32,-7.3,2.54));
#1832 = LINE('',#1833,#1834);
#1833 = CARTESIAN_POINT('',(-0.32,-6.51,2.54));
#1834 = VECTOR('',#1835,1.);
#1835 = DIRECTION('',(0.,1.,0.));
#1836 = ORIENTED_EDGE('',*,*,#1837,.F.);
#1837 = EDGE_CURVE('',#1838,#1830,#1840,.T.);
#1838 = VERTEX_POINT('',#1839);
#1839 = CARTESIAN_POINT('',(0.32,-7.3,2.54));
#1840 = LINE('',#1841,#1842);
#1841 = CARTESIAN_POINT('',(-0.16,-7.3,2.54));
#1842 = VECTOR('',#1843,1.);
#1843 = DIRECTION('',(-1.,0.,0.));
#1844 = ORIENTED_EDGE('',*,*,#1845,.F.);
#1845 = EDGE_CURVE('',#1820,#1838,#1846,.T.);
#1846 = LINE('',#1847,#1848);
#1847 = CARTESIAN_POINT('',(0.32,-6.51,2.54));
#1848 = VECTOR('',#1849,1.);
#1849 = DIRECTION('',(0.,1.,0.));
#1850 = PLANE('',#1851);
#1851 = AXIS2_PLACEMENT_3D('',#1852,#1853,#1854);
#1852 = CARTESIAN_POINT('',(-2.110141571089E-17,-5.08,2.54));
#1853 = DIRECTION('',(0.,0.,1.));
#1854 = DIRECTION('',(1.,0.,-0.));
#1855 = ADVANCED_FACE('',(#1856),#1867,.F.);
#1856 = FACE_BOUND('',#1857,.F.);
#1857 = EDGE_LOOP('',(#1858,#1864,#1865,#1866));
#1858 = ORIENTED_EDGE('',*,*,#1859,.T.);
#1859 = EDGE_CURVE('',#1256,#1667,#1860,.T.);
#1860 = LINE('',#1861,#1862);
#1861 = CARTESIAN_POINT('',(1.27,1.016,0.));
#1862 = VECTOR('',#1863,1.);
#1863 = DIRECTION('',(0.,0.,1.));
#1864 = ORIENTED_EDGE('',*,*,#1674,.T.);
#1865 = ORIENTED_EDGE('',*,*,#975,.F.);
#1866 = ORIENTED_EDGE('',*,*,#1263,.F.);
#1867 = PLANE('',#1868);
#1868 = AXIS2_PLACEMENT_3D('',#1869,#1870,#1871);
#1869 = CARTESIAN_POINT('',(1.27,1.016,0.));
#1870 = DIRECTION('',(-0.707106781187,-0.707106781187,0.));
#1871 = DIRECTION('',(-0.707106781187,0.707106781187,0.));
#1872 = ADVANCED_FACE('',(#1873),#1884,.F.);
#1873 = FACE_BOUND('',#1874,.F.);
#1874 = EDGE_LOOP('',(#1875,#1876,#1877,#1883));
#1875 = ORIENTED_EDGE('',*,*,#1015,.T.);
#1876 = ORIENTED_EDGE('',*,*,#1450,.T.);
#1877 = ORIENTED_EDGE('',*,*,#1878,.F.);
#1878 = EDGE_CURVE('',#1040,#1451,#1879,.T.);
#1879 = LINE('',#1880,#1881);
#1880 = CARTESIAN_POINT('',(-1.016,-1.27,0.));
#1881 = VECTOR('',#1882,1.);
#1882 = DIRECTION('',(0.,0.,1.));
#1883 = ORIENTED_EDGE('',*,*,#1039,.F.);
#1884 = PLANE('',#1885);
#1885 = AXIS2_PLACEMENT_3D('',#1886,#1887,#1888);
#1886 = CARTESIAN_POINT('',(-1.27,-1.016,0.));
#1887 = DIRECTION('',(0.707106781187,0.707106781187,0.));
#1888 = DIRECTION('',(0.707106781187,-0.707106781187,0.));
#1889 = ADVANCED_FACE('',(#1890),#1901,.F.);
#1890 = FACE_BOUND('',#1891,.F.);
#1891 = EDGE_LOOP('',(#1892,#1898,#1899,#1900));
#1892 = ORIENTED_EDGE('',*,*,#1893,.T.);
#1893 = EDGE_CURVE('',#1248,#1659,#1894,.T.);
#1894 = LINE('',#1895,#1896);
#1895 = CARTESIAN_POINT('',(1.27,-1.016,0.));
#1896 = VECTOR('',#1897,1.);
#1897 = DIRECTION('',(0.,0.,1.));
#1898 = ORIENTED_EDGE('',*,*,#1666,.T.);
#1899 = ORIENTED_EDGE('',*,*,#1859,.F.);
#1900 = ORIENTED_EDGE('',*,*,#1255,.F.);
#1901 = PLANE('',#1902);
#1902 = AXIS2_PLACEMENT_3D('',#1903,#1904,#1905);
#1903 = CARTESIAN_POINT('',(1.27,-1.016,0.));
#1904 = DIRECTION('',(-1.,0.,0.));
#1905 = DIRECTION('',(0.,1.,0.));
#1906 = ADVANCED_FACE('',(#1907),#1918,.F.);
#1907 = FACE_BOUND('',#1908,.F.);
#1908 = EDGE_LOOP('',(#1909,#1910,#1911,#1917));
#1909 = ORIENTED_EDGE('',*,*,#1878,.T.);
#1910 = ORIENTED_EDGE('',*,*,#1458,.T.);
#1911 = ORIENTED_EDGE('',*,*,#1912,.F.);
#1912 = EDGE_CURVE('',#1048,#1459,#1913,.T.);
#1913 = LINE('',#1914,#1915);
#1914 = CARTESIAN_POINT('',(-1.27,-1.524,0.));
#1915 = VECTOR('',#1916,1.);
#1916 = DIRECTION('',(0.,0.,1.));
#1917 = ORIENTED_EDGE('',*,*,#1047,.F.);
#1918 = PLANE('',#1919);
#1919 = AXIS2_PLACEMENT_3D('',#1920,#1921,#1922);
#1920 = CARTESIAN_POINT('',(-1.016,-1.27,0.));
#1921 = DIRECTION('',(0.707106781187,-0.707106781187,0.));
#1922 = DIRECTION('',(-0.707106781187,-0.707106781187,0.));
#1923 = ADVANCED_FACE('',(#1924),#1935,.F.);
#1924 = FACE_BOUND('',#1925,.F.);
#1925 = EDGE_LOOP('',(#1926,#1932,#1933,#1934));
#1926 = ORIENTED_EDGE('',*,*,#1927,.T.);
#1927 = EDGE_CURVE('',#1240,#1651,#1928,.T.);
#1928 = LINE('',#1929,#1930);
#1929 = CARTESIAN_POINT('',(1.016,-1.27,0.));
#1930 = VECTOR('',#1931,1.);
#1931 = DIRECTION('',(0.,0.,1.));
#1932 = ORIENTED_EDGE('',*,*,#1658,.T.);
#1933 = ORIENTED_EDGE('',*,*,#1893,.F.);
#1934 = ORIENTED_EDGE('',*,*,#1247,.F.);
#1935 = PLANE('',#1936);
#1936 = AXIS2_PLACEMENT_3D('',#1937,#1938,#1939);
#1937 = CARTESIAN_POINT('',(1.016,-1.27,0.));
#1938 = DIRECTION('',(-0.707106781187,0.707106781187,0.));
#1939 = DIRECTION('',(0.707106781187,0.707106781187,0.));
#1940 = ADVANCED_FACE('',(#1941),#1952,.F.);
#1941 = FACE_BOUND('',#1942,.F.);
#1942 = EDGE_LOOP('',(#1943,#1944,#1945,#1951));
#1943 = ORIENTED_EDGE('',*,*,#1912,.T.);
#1944 = ORIENTED_EDGE('',*,*,#1466,.T.);
#1945 = ORIENTED_EDGE('',*,*,#1946,.F.);
#1946 = EDGE_CURVE('',#1056,#1467,#1947,.T.);
#1947 = LINE('',#1948,#1949);
#1948 = CARTESIAN_POINT('',(-1.27,-3.556,0.));
#1949 = VECTOR('',#1950,1.);
#1950 = DIRECTION('',(0.,0.,1.));
#1951 = ORIENTED_EDGE('',*,*,#1055,.F.);
#1952 = PLANE('',#1953);
#1953 = AXIS2_PLACEMENT_3D('',#1954,#1955,#1956);
#1954 = CARTESIAN_POINT('',(-1.27,-1.524,0.));
#1955 = DIRECTION('',(1.,0.,0.));
#1956 = DIRECTION('',(0.,-1.,0.));
#1957 = ADVANCED_FACE('',(#1958),#1969,.F.);
#1958 = FACE_BOUND('',#1959,.F.);
#1959 = EDGE_LOOP('',(#1960,#1966,#1967,#1968));
#1960 = ORIENTED_EDGE('',*,*,#1961,.T.);
#1961 = EDGE_CURVE('',#1232,#1643,#1962,.T.);
#1962 = LINE('',#1963,#1964);
#1963 = CARTESIAN_POINT('',(1.27,-1.524,0.));
#1964 = VECTOR('',#1965,1.);
#1965 = DIRECTION('',(0.,0.,1.));
#1966 = ORIENTED_EDGE('',*,*,#1650,.T.);
#1967 = ORIENTED_EDGE('',*,*,#1927,.F.);
#1968 = ORIENTED_EDGE('',*,*,#1239,.F.);
#1969 = PLANE('',#1970);
#1970 = AXIS2_PLACEMENT_3D('',#1971,#1972,#1973);
#1971 = CARTESIAN_POINT('',(1.27,-1.524,0.));
#1972 = DIRECTION('',(-0.707106781187,-0.707106781187,0.));
#1973 = DIRECTION('',(-0.707106781187,0.707106781187,0.));
#1974 = ADVANCED_FACE('',(#1975),#1986,.F.);
#1975 = FACE_BOUND('',#1976,.F.);
#1976 = EDGE_LOOP('',(#1977,#1978,#1979,#1985));
#1977 = ORIENTED_EDGE('',*,*,#1946,.T.);
#1978 = ORIENTED_EDGE('',*,*,#1474,.T.);
#1979 = ORIENTED_EDGE('',*,*,#1980,.F.);
#1980 = EDGE_CURVE('',#1064,#1475,#1981,.T.);
#1981 = LINE('',#1982,#1983);
#1982 = CARTESIAN_POINT('',(-1.016,-3.81,0.));
#1983 = VECTOR('',#1984,1.);
#1984 = DIRECTION('',(0.,0.,1.));
#1985 = ORIENTED_EDGE('',*,*,#1063,.F.);
#1986 = PLANE('',#1987);
#1987 = AXIS2_PLACEMENT_3D('',#1988,#1989,#1990);
#1988 = CARTESIAN_POINT('',(-1.27,-3.556,0.));
#1989 = DIRECTION('',(0.707106781187,0.707106781187,0.));
#1990 = DIRECTION('',(0.707106781187,-0.707106781187,0.));
#1991 = ADVANCED_FACE('',(#1992),#2003,.F.);
#1992 = FACE_BOUND('',#1993,.F.);
#1993 = EDGE_LOOP('',(#1994,#2000,#2001,#2002));
#1994 = ORIENTED_EDGE('',*,*,#1995,.T.);
#1995 = EDGE_CURVE('',#1224,#1635,#1996,.T.);
#1996 = LINE('',#1997,#1998);
#1997 = CARTESIAN_POINT('',(1.27,-3.556,0.));
#1998 = VECTOR('',#1999,1.);
#1999 = DIRECTION('',(0.,0.,1.));
#2000 = ORIENTED_EDGE('',*,*,#1642,.T.);
#2001 = ORIENTED_EDGE('',*,*,#1961,.F.);
#2002 = ORIENTED_EDGE('',*,*,#1231,.F.);
#2003 = PLANE('',#2004);
#2004 = AXIS2_PLACEMENT_3D('',#2005,#2006,#2007);
#2005 = CARTESIAN_POINT('',(1.27,-3.556,0.));
#2006 = DIRECTION('',(-1.,0.,0.));
#2007 = DIRECTION('',(0.,1.,0.));
#2008 = ADVANCED_FACE('',(#2009),#2020,.F.);
#2009 = FACE_BOUND('',#2010,.F.);
#2010 = EDGE_LOOP('',(#2011,#2012,#2013,#2019));
#2011 = ORIENTED_EDGE('',*,*,#1980,.T.);
#2012 = ORIENTED_EDGE('',*,*,#1482,.T.);
#2013 = ORIENTED_EDGE('',*,*,#2014,.F.);
#2014 = EDGE_CURVE('',#1072,#1483,#2015,.T.);
#2015 = LINE('',#2016,#2017);
#2016 = CARTESIAN_POINT('',(-1.27,-4.064,0.));
#2017 = VECTOR('',#2018,1.);
#2018 = DIRECTION('',(0.,0.,1.));
#2019 = ORIENTED_EDGE('',*,*,#1071,.F.);
#2020 = PLANE('',#2021);
#2021 = AXIS2_PLACEMENT_3D('',#2022,#2023,#2024);
#2022 = CARTESIAN_POINT('',(-1.016,-3.81,0.));
#2023 = DIRECTION('',(0.707106781187,-0.707106781187,0.));
#2024 = DIRECTION('',(-0.707106781187,-0.707106781187,0.));
#2025 = ADVANCED_FACE('',(#2026),#2037,.F.);
#2026 = FACE_BOUND('',#2027,.F.);
#2027 = EDGE_LOOP('',(#2028,#2034,#2035,#2036));
#2028 = ORIENTED_EDGE('',*,*,#2029,.T.);
#2029 = EDGE_CURVE('',#1216,#1627,#2030,.T.);
#2030 = LINE('',#2031,#2032);
#2031 = CARTESIAN_POINT('',(1.016,-3.81,0.));
#2032 = VECTOR('',#2033,1.);
#2033 = DIRECTION('',(0.,0.,1.));
#2034 = ORIENTED_EDGE('',*,*,#1634,.T.);
#2035 = ORIENTED_EDGE('',*,*,#1995,.F.);
#2036 = ORIENTED_EDGE('',*,*,#1223,.F.);
#2037 = PLANE('',#2038);
#2038 = AXIS2_PLACEMENT_3D('',#2039,#2040,#2041);
#2039 = CARTESIAN_POINT('',(1.016,-3.81,0.));
#2040 = DIRECTION('',(-0.707106781187,0.707106781187,0.));
#2041 = DIRECTION('',(0.707106781187,0.707106781187,0.));
#2042 = ADVANCED_FACE('',(#2043),#2054,.F.);
#2043 = FACE_BOUND('',#2044,.F.);
#2044 = EDGE_LOOP('',(#2045,#2046,#2047,#2053));
#2045 = ORIENTED_EDGE('',*,*,#2014,.T.);
#2046 = ORIENTED_EDGE('',*,*,#1490,.T.);
#2047 = ORIENTED_EDGE('',*,*,#2048,.F.);
#2048 = EDGE_CURVE('',#1080,#1491,#2049,.T.);
#2049 = LINE('',#2050,#2051);
#2050 = CARTESIAN_POINT('',(-1.27,-6.096,0.));
#2051 = VECTOR('',#2052,1.);
#2052 = DIRECTION('',(0.,0.,1.));
#2053 = ORIENTED_EDGE('',*,*,#1079,.F.);
#2054 = PLANE('',#2055);
#2055 = AXIS2_PLACEMENT_3D('',#2056,#2057,#2058);
#2056 = CARTESIAN_POINT('',(-1.27,-4.064,0.));
#2057 = DIRECTION('',(1.,0.,0.));
#2058 = DIRECTION('',(0.,-1.,0.));
#2059 = ADVANCED_FACE('',(#2060),#2071,.F.);
#2060 = FACE_BOUND('',#2061,.F.);
#2061 = EDGE_LOOP('',(#2062,#2068,#2069,#2070));
#2062 = ORIENTED_EDGE('',*,*,#2063,.T.);
#2063 = EDGE_CURVE('',#1208,#1619,#2064,.T.);
#2064 = LINE('',#2065,#2066);
#2065 = CARTESIAN_POINT('',(1.27,-4.064,0.));
#2066 = VECTOR('',#2067,1.);
#2067 = DIRECTION('',(0.,0.,1.));
#2068 = ORIENTED_EDGE('',*,*,#1626,.T.);
#2069 = ORIENTED_EDGE('',*,*,#2029,.F.);
#2070 = ORIENTED_EDGE('',*,*,#1215,.F.);
#2071 = PLANE('',#2072);
#2072 = AXIS2_PLACEMENT_3D('',#2073,#2074,#2075);
#2073 = CARTESIAN_POINT('',(1.27,-4.064,0.));
#2074 = DIRECTION('',(-0.707106781187,-0.707106781187,0.));
#2075 = DIRECTION('',(-0.707106781187,0.707106781187,0.));
#2076 = ADVANCED_FACE('',(#2077),#2088,.F.);
#2077 = FACE_BOUND('',#2078,.F.);
#2078 = EDGE_LOOP('',(#2079,#2080,#2081,#2087));
#2079 = ORIENTED_EDGE('',*,*,#2048,.T.);
#2080 = ORIENTED_EDGE('',*,*,#1498,.T.);
#2081 = ORIENTED_EDGE('',*,*,#2082,.F.);
#2082 = EDGE_CURVE('',#1088,#1499,#2083,.T.);
#2083 = LINE('',#2084,#2085);
#2084 = CARTESIAN_POINT('',(-1.016,-6.35,0.));
#2085 = VECTOR('',#2086,1.);
#2086 = DIRECTION('',(0.,0.,1.));
#2087 = ORIENTED_EDGE('',*,*,#1087,.F.);
#2088 = PLANE('',#2089);
#2089 = AXIS2_PLACEMENT_3D('',#2090,#2091,#2092);
#2090 = CARTESIAN_POINT('',(-1.27,-6.096,0.));
#2091 = DIRECTION('',(0.707106781187,0.707106781187,0.));
#2092 = DIRECTION('',(0.707106781187,-0.707106781187,0.));
#2093 = ADVANCED_FACE('',(#2094),#2105,.F.);
#2094 = FACE_BOUND('',#2095,.F.);
#2095 = EDGE_LOOP('',(#2096,#2102,#2103,#2104));
#2096 = ORIENTED_EDGE('',*,*,#2097,.T.);
#2097 = EDGE_CURVE('',#1200,#1611,#2098,.T.);
#2098 = LINE('',#2099,#2100);
#2099 = CARTESIAN_POINT('',(1.27,-6.096,0.));
#2100 = VECTOR('',#2101,1.);
#2101 = DIRECTION('',(0.,0.,1.));
#2102 = ORIENTED_EDGE('',*,*,#1618,.T.);
#2103 = ORIENTED_EDGE('',*,*,#2063,.F.);
#2104 = ORIENTED_EDGE('',*,*,#1207,.F.);
#2105 = PLANE('',#2106);
#2106 = AXIS2_PLACEMENT_3D('',#2107,#2108,#2109);
#2107 = CARTESIAN_POINT('',(1.27,-6.096,0.));
#2108 = DIRECTION('',(-1.,0.,0.));
#2109 = DIRECTION('',(0.,1.,0.));
#2110 = ADVANCED_FACE('',(#2111),#2122,.F.);
#2111 = FACE_BOUND('',#2112,.F.);
#2112 = EDGE_LOOP('',(#2113,#2114,#2115,#2121));
#2113 = ORIENTED_EDGE('',*,*,#2082,.T.);
#2114 = ORIENTED_EDGE('',*,*,#1506,.T.);
#2115 = ORIENTED_EDGE('',*,*,#2116,.F.);
#2116 = EDGE_CURVE('',#1096,#1507,#2117,.T.);
#2117 = LINE('',#2118,#2119);
#2118 = CARTESIAN_POINT('',(-1.27,-6.604,0.));
#2119 = VECTOR('',#2120,1.);
#2120 = DIRECTION('',(0.,0.,1.));
#2121 = ORIENTED_EDGE('',*,*,#1095,.F.);
#2122 = PLANE('',#2123);
#2123 = AXIS2_PLACEMENT_3D('',#2124,#2125,#2126);
#2124 = CARTESIAN_POINT('',(-1.016,-6.35,0.));
#2125 = DIRECTION('',(0.707106781187,-0.707106781187,0.));
#2126 = DIRECTION('',(-0.707106781187,-0.707106781187,0.));
#2127 = ADVANCED_FACE('',(#2128),#2139,.F.);
#2128 = FACE_BOUND('',#2129,.F.);
#2129 = EDGE_LOOP('',(#2130,#2136,#2137,#2138));
#2130 = ORIENTED_EDGE('',*,*,#2131,.T.);
#2131 = EDGE_CURVE('',#1192,#1603,#2132,.T.);
#2132 = LINE('',#2133,#2134);
#2133 = CARTESIAN_POINT('',(1.016,-6.35,0.));
#2134 = VECTOR('',#2135,1.);
#2135 = DIRECTION('',(0.,0.,1.));
#2136 = ORIENTED_EDGE('',*,*,#1610,.T.);
#2137 = ORIENTED_EDGE('',*,*,#2097,.F.);
#2138 = ORIENTED_EDGE('',*,*,#1199,.F.);
#2139 = PLANE('',#2140);
#2140 = AXIS2_PLACEMENT_3D('',#2141,#2142,#2143);
#2141 = CARTESIAN_POINT('',(1.016,-6.35,0.));
#2142 = DIRECTION('',(-0.707106781187,0.707106781187,0.));
#2143 = DIRECTION('',(0.707106781187,0.707106781187,0.));
#2144 = ADVANCED_FACE('',(#2145),#2156,.F.);
#2145 = FACE_BOUND('',#2146,.F.);
#2146 = EDGE_LOOP('',(#2147,#2148,#2149,#2155));
#2147 = ORIENTED_EDGE('',*,*,#2116,.T.);
#2148 = ORIENTED_EDGE('',*,*,#1514,.T.);
#2149 = ORIENTED_EDGE('',*,*,#2150,.F.);
#2150 = EDGE_CURVE('',#1104,#1515,#2151,.T.);
#2151 = LINE('',#2152,#2153);
#2152 = CARTESIAN_POINT('',(-1.27,-8.636,0.));
#2153 = VECTOR('',#2154,1.);
#2154 = DIRECTION('',(0.,0.,1.));
#2155 = ORIENTED_EDGE('',*,*,#1103,.F.);
#2156 = PLANE('',#2157);
#2157 = AXIS2_PLACEMENT_3D('',#2158,#2159,#2160);
#2158 = CARTESIAN_POINT('',(-1.27,-6.604,0.));
#2159 = DIRECTION('',(1.,0.,0.));
#2160 = DIRECTION('',(0.,-1.,0.));
#2161 = ADVANCED_FACE('',(#2162),#2173,.F.);
#2162 = FACE_BOUND('',#2163,.F.);
#2163 = EDGE_LOOP('',(#2164,#2170,#2171,#2172));
#2164 = ORIENTED_EDGE('',*,*,#2165,.T.);
#2165 = EDGE_CURVE('',#1184,#1595,#2166,.T.);
#2166 = LINE('',#2167,#2168);
#2167 = CARTESIAN_POINT('',(1.27,-6.604,0.));
#2168 = VECTOR('',#2169,1.);
#2169 = DIRECTION('',(0.,0.,1.));
#2170 = ORIENTED_EDGE('',*,*,#1602,.T.);
#2171 = ORIENTED_EDGE('',*,*,#2131,.F.);
#2172 = ORIENTED_EDGE('',*,*,#1191,.F.);
#2173 = PLANE('',#2174);
#2174 = AXIS2_PLACEMENT_3D('',#2175,#2176,#2177);
#2175 = CARTESIAN_POINT('',(1.27,-6.604,0.));
#2176 = DIRECTION('',(-0.707106781187,-0.707106781187,0.));
#2177 = DIRECTION('',(-0.707106781187,0.707106781187,0.));
#2178 = ADVANCED_FACE('',(#2179),#2190,.F.);
#2179 = FACE_BOUND('',#2180,.F.);
#2180 = EDGE_LOOP('',(#2181,#2182,#2183,#2189));
#2181 = ORIENTED_EDGE('',*,*,#2150,.T.);
#2182 = ORIENTED_EDGE('',*,*,#1522,.T.);
#2183 = ORIENTED_EDGE('',*,*,#2184,.F.);
#2184 = EDGE_CURVE('',#1112,#1523,#2185,.T.);
#2185 = LINE('',#2186,#2187);
#2186 = CARTESIAN_POINT('',(-1.016,-8.89,0.));
#2187 = VECTOR('',#2188,1.);
#2188 = DIRECTION('',(0.,0.,1.));
#2189 = ORIENTED_EDGE('',*,*,#1111,.F.);
#2190 = PLANE('',#2191);
#2191 = AXIS2_PLACEMENT_3D('',#2192,#2193,#2194);
#2192 = CARTESIAN_POINT('',(-1.27,-8.636,0.));
#2193 = DIRECTION('',(0.707106781187,0.707106781187,0.));
#2194 = DIRECTION('',(0.707106781187,-0.707106781187,0.));
#2195 = ADVANCED_FACE('',(#2196),#2207,.F.);
#2196 = FACE_BOUND('',#2197,.F.);
#2197 = EDGE_LOOP('',(#2198,#2204,#2205,#2206));
#2198 = ORIENTED_EDGE('',*,*,#2199,.T.);
#2199 = EDGE_CURVE('',#1176,#1587,#2200,.T.);
#2200 = LINE('',#2201,#2202);
#2201 = CARTESIAN_POINT('',(1.27,-8.636,0.));
#2202 = VECTOR('',#2203,1.);
#2203 = DIRECTION('',(0.,0.,1.));
#2204 = ORIENTED_EDGE('',*,*,#1594,.T.);
#2205 = ORIENTED_EDGE('',*,*,#2165,.F.);
#2206 = ORIENTED_EDGE('',*,*,#1183,.F.);
#2207 = PLANE('',#2208);
#2208 = AXIS2_PLACEMENT_3D('',#2209,#2210,#2211);
#2209 = CARTESIAN_POINT('',(1.27,-8.636,0.));
#2210 = DIRECTION('',(-1.,0.,0.));
#2211 = DIRECTION('',(0.,1.,0.));
#2212 = ADVANCED_FACE('',(#2213),#2224,.F.);
#2213 = FACE_BOUND('',#2214,.F.);
#2214 = EDGE_LOOP('',(#2215,#2216,#2217,#2223));
#2215 = ORIENTED_EDGE('',*,*,#2184,.T.);
#2216 = ORIENTED_EDGE('',*,*,#1530,.T.);
#2217 = ORIENTED_EDGE('',*,*,#2218,.F.);
#2218 = EDGE_CURVE('',#1120,#1531,#2219,.T.);
#2219 = LINE('',#2220,#2221);
#2220 = CARTESIAN_POINT('',(-1.27,-9.144,0.));
#2221 = VECTOR('',#2222,1.);
#2222 = DIRECTION('',(0.,0.,1.));
#2223 = ORIENTED_EDGE('',*,*,#1119,.F.);
#2224 = PLANE('',#2225);
#2225 = AXIS2_PLACEMENT_3D('',#2226,#2227,#2228);
#2226 = CARTESIAN_POINT('',(-1.016,-8.89,0.));
#2227 = DIRECTION('',(0.707106781187,-0.707106781187,0.));
#2228 = DIRECTION('',(-0.707106781187,-0.707106781187,0.));
#2229 = ADVANCED_FACE('',(#2230),#2241,.F.);
#2230 = FACE_BOUND('',#2231,.F.);
#2231 = EDGE_LOOP('',(#2232,#2238,#2239,#2240));
#2232 = ORIENTED_EDGE('',*,*,#2233,.T.);
#2233 = EDGE_CURVE('',#1168,#1579,#2234,.T.);
#2234 = LINE('',#2235,#2236);
#2235 = CARTESIAN_POINT('',(1.016,-8.89,0.));
#2236 = VECTOR('',#2237,1.);
#2237 = DIRECTION('',(0.,0.,1.));
#2238 = ORIENTED_EDGE('',*,*,#1586,.T.);
#2239 = ORIENTED_EDGE('',*,*,#2199,.F.);
#2240 = ORIENTED_EDGE('',*,*,#1175,.F.);
#2241 = PLANE('',#2242);
#2242 = AXIS2_PLACEMENT_3D('',#2243,#2244,#2245);
#2243 = CARTESIAN_POINT('',(1.016,-8.89,0.));
#2244 = DIRECTION('',(-0.707106781187,0.707106781187,0.));
#2245 = DIRECTION('',(0.707106781187,0.707106781187,0.));
#2246 = ADVANCED_FACE('',(#2247),#2258,.F.);
#2247 = FACE_BOUND('',#2248,.F.);
#2248 = EDGE_LOOP('',(#2249,#2250,#2251,#2257));
#2249 = ORIENTED_EDGE('',*,*,#2218,.T.);
#2250 = ORIENTED_EDGE('',*,*,#1538,.T.);
#2251 = ORIENTED_EDGE('',*,*,#2252,.F.);
#2252 = EDGE_CURVE('',#1128,#1539,#2253,.T.);
#2253 = LINE('',#2254,#2255);
#2254 = CARTESIAN_POINT('',(-1.27,-11.176,0.));
#2255 = VECTOR('',#2256,1.);
#2256 = DIRECTION('',(0.,0.,1.));
#2257 = ORIENTED_EDGE('',*,*,#1127,.F.);
#2258 = PLANE('',#2259);
#2259 = AXIS2_PLACEMENT_3D('',#2260,#2261,#2262);
#2260 = CARTESIAN_POINT('',(-1.27,-9.144,0.));
#2261 = DIRECTION('',(1.,0.,0.));
#2262 = DIRECTION('',(0.,-1.,0.));
#2263 = ADVANCED_FACE('',(#2264),#2275,.F.);
#2264 = FACE_BOUND('',#2265,.F.);
#2265 = EDGE_LOOP('',(#2266,#2272,#2273,#2274));
#2266 = ORIENTED_EDGE('',*,*,#2267,.T.);
#2267 = EDGE_CURVE('',#1160,#1571,#2268,.T.);
#2268 = LINE('',#2269,#2270);
#2269 = CARTESIAN_POINT('',(1.27,-9.144,0.));
#2270 = VECTOR('',#2271,1.);
#2271 = DIRECTION('',(0.,0.,1.));
#2272 = ORIENTED_EDGE('',*,*,#1578,.T.);
#2273 = ORIENTED_EDGE('',*,*,#2233,.F.);
#2274 = ORIENTED_EDGE('',*,*,#1167,.F.);
#2275 = PLANE('',#2276);
#2276 = AXIS2_PLACEMENT_3D('',#2277,#2278,#2279);
#2277 = CARTESIAN_POINT('',(1.27,-9.144,0.));
#2278 = DIRECTION('',(-0.707106781187,-0.707106781187,0.));
#2279 = DIRECTION('',(-0.707106781187,0.707106781187,0.));
#2280 = ADVANCED_FACE('',(#2281),#2292,.F.);
#2281 = FACE_BOUND('',#2282,.F.);
#2282 = EDGE_LOOP('',(#2283,#2284,#2285,#2291));
#2283 = ORIENTED_EDGE('',*,*,#2252,.T.);
#2284 = ORIENTED_EDGE('',*,*,#1546,.T.);
#2285 = ORIENTED_EDGE('',*,*,#2286,.F.);
#2286 = EDGE_CURVE('',#1136,#1547,#2287,.T.);
#2287 = LINE('',#2288,#2289);
#2288 = CARTESIAN_POINT('',(-1.016,-11.43,0.));
#2289 = VECTOR('',#2290,1.);
#2290 = DIRECTION('',(0.,0.,1.));
#2291 = ORIENTED_EDGE('',*,*,#1135,.F.);
#2292 = PLANE('',#2293);
#2293 = AXIS2_PLACEMENT_3D('',#2294,#2295,#2296);
#2294 = CARTESIAN_POINT('',(-1.27,-11.176,0.));
#2295 = DIRECTION('',(0.707106781187,0.707106781187,0.));
#2296 = DIRECTION('',(0.707106781187,-0.707106781187,0.));
#2297 = ADVANCED_FACE('',(#2298),#2309,.F.);
#2298 = FACE_BOUND('',#2299,.F.);
#2299 = EDGE_LOOP('',(#2300,#2306,#2307,#2308));
#2300 = ORIENTED_EDGE('',*,*,#2301,.T.);
#2301 = EDGE_CURVE('',#1152,#1563,#2302,.T.);
#2302 = LINE('',#2303,#2304);
#2303 = CARTESIAN_POINT('',(1.27,-11.176,0.));
#2304 = VECTOR('',#2305,1.);
#2305 = DIRECTION('',(0.,0.,1.));
#2306 = ORIENTED_EDGE('',*,*,#1570,.T.);
#2307 = ORIENTED_EDGE('',*,*,#2267,.F.);
#2308 = ORIENTED_EDGE('',*,*,#1159,.F.);
#2309 = PLANE('',#2310);
#2310 = AXIS2_PLACEMENT_3D('',#2311,#2312,#2313);
#2311 = CARTESIAN_POINT('',(1.27,-11.176,0.));
#2312 = DIRECTION('',(-1.,0.,0.));
#2313 = DIRECTION('',(0.,1.,0.));
#2314 = ADVANCED_FACE('',(#2315),#2326,.F.);
#2315 = FACE_BOUND('',#2316,.F.);
#2316 = EDGE_LOOP('',(#2317,#2318,#2319,#2325));
#2317 = ORIENTED_EDGE('',*,*,#2286,.T.);
#2318 = ORIENTED_EDGE('',*,*,#1554,.T.);
#2319 = ORIENTED_EDGE('',*,*,#2320,.F.);
#2320 = EDGE_CURVE('',#1144,#1555,#2321,.T.);
#2321 = LINE('',#2322,#2323);
#2322 = CARTESIAN_POINT('',(1.016,-11.43,0.));
#2323 = VECTOR('',#2324,1.);
#2324 = DIRECTION('',(0.,0.,1.));
#2325 = ORIENTED_EDGE('',*,*,#1143,.F.);
#2326 = PLANE('',#2327);
#2327 = AXIS2_PLACEMENT_3D('',#2328,#2329,#2330);
#2328 = CARTESIAN_POINT('',(-1.016,-11.43,0.));
#2329 = DIRECTION('',(0.,1.,0.));
#2330 = DIRECTION('',(1.,0.,0.));
#2331 = ADVANCED_FACE('',(#2332),#2338,.F.);
#2332 = FACE_BOUND('',#2333,.F.);
#2333 = EDGE_LOOP('',(#2334,#2335,#2336,#2337));
#2334 = ORIENTED_EDGE('',*,*,#2320,.T.);
#2335 = ORIENTED_EDGE('',*,*,#1562,.T.);
#2336 = ORIENTED_EDGE('',*,*,#2301,.F.);
#2337 = ORIENTED_EDGE('',*,*,#1151,.F.);
#2338 = PLANE('',#2339);
#2339 = AXIS2_PLACEMENT_3D('',#2340,#2341,#2342);
#2340 = CARTESIAN_POINT('',(1.016,-11.43,0.));
#2341 = DIRECTION('',(-0.707106781187,0.707106781187,0.));
#2342 = DIRECTION('',(0.707106781187,0.707106781187,0.));
#2343 = ADVANCED_FACE('',(#2344),#2369,.T.);
#2344 = FACE_BOUND('',#2345,.T.);
#2345 = EDGE_LOOP('',(#2346,#2354,#2362,#2368));
#2346 = ORIENTED_EDGE('',*,*,#2347,.F.);
#2347 = EDGE_CURVE('',#2348,#1273,#2350,.T.);
#2348 = VERTEX_POINT('',#2349);
#2349 = CARTESIAN_POINT('',(0.32,-0.32,-2.84));
#2350 = LINE('',#2351,#2352);
#2351 = CARTESIAN_POINT('',(0.32,-0.32,-3.));
#2352 = VECTOR('',#2353,1.);
#2353 = DIRECTION('',(0.,0.,1.));
#2354 = ORIENTED_EDGE('',*,*,#2355,.T.);
#2355 = EDGE_CURVE('',#2348,#2356,#2358,.T.);
#2356 = VERTEX_POINT('',#2357);
#2357 = CARTESIAN_POINT('',(0.32,0.32,-2.84));
#2358 = LINE('',#2359,#2360);
#2359 = CARTESIAN_POINT('',(0.32,-0.32,-2.84));
#2360 = VECTOR('',#2361,1.);
#2361 = DIRECTION('',(0.,1.,0.));
#2362 = ORIENTED_EDGE('',*,*,#2363,.T.);
#2363 = EDGE_CURVE('',#2356,#1275,#2364,.T.);
#2364 = LINE('',#2365,#2366);
#2365 = CARTESIAN_POINT('',(0.32,0.32,-3.));
#2366 = VECTOR('',#2367,1.);
#2367 = DIRECTION('',(0.,0.,1.));
#2368 = ORIENTED_EDGE('',*,*,#1272,.F.);
#2369 = PLANE('',#2370);
#2370 = AXIS2_PLACEMENT_3D('',#2371,#2372,#2373);
#2371 = CARTESIAN_POINT('',(0.32,-0.32,-3.));
#2372 = DIRECTION('',(1.,0.,0.));
#2373 = DIRECTION('',(0.,0.,1.));
#2374 = ADVANCED_FACE('',(#2375),#2393,.T.);
#2375 = FACE_BOUND('',#2376,.T.);
#2376 = EDGE_LOOP('',(#2377,#2378,#2386,#2392));
#2377 = ORIENTED_EDGE('',*,*,#2363,.F.);
#2378 = ORIENTED_EDGE('',*,*,#2379,.F.);
#2379 = EDGE_CURVE('',#2380,#2356,#2382,.T.);
#2380 = VERTEX_POINT('',#2381);
#2381 = CARTESIAN_POINT('',(-0.32,0.32,-2.84));
#2382 = LINE('',#2383,#2384);
#2383 = CARTESIAN_POINT('',(-0.32,0.32,-2.84));
#2384 = VECTOR('',#2385,1.);
#2385 = DIRECTION('',(1.,0.,0.));
#2386 = ORIENTED_EDGE('',*,*,#2387,.T.);
#2387 = EDGE_CURVE('',#2380,#1291,#2388,.T.);
#2388 = LINE('',#2389,#2390);
#2389 = CARTESIAN_POINT('',(-0.32,0.32,-3.));
#2390 = VECTOR('',#2391,1.);
#2391 = DIRECTION('',(0.,0.,1.));
#2392 = ORIENTED_EDGE('',*,*,#1298,.F.);
#2393 = PLANE('',#2394);
#2394 = AXIS2_PLACEMENT_3D('',#2395,#2396,#2397);
#2395 = CARTESIAN_POINT('',(-0.32,0.32,-3.));
#2396 = DIRECTION('',(0.,1.,0.));
#2397 = DIRECTION('',(0.,-0.,1.));
#2398 = ADVANCED_FACE('',(#2399),#2417,.F.);
#2399 = FACE_BOUND('',#2400,.F.);
#2400 = EDGE_LOOP('',(#2401,#2409,#2415,#2416));
#2401 = ORIENTED_EDGE('',*,*,#2402,.F.);
#2402 = EDGE_CURVE('',#2403,#1283,#2405,.T.);
#2403 = VERTEX_POINT('',#2404);
#2404 = CARTESIAN_POINT('',(-0.32,-0.32,-2.84));
#2405 = LINE('',#2406,#2407);
#2406 = CARTESIAN_POINT('',(-0.32,-0.32,-3.));
#2407 = VECTOR('',#2408,1.);
#2408 = DIRECTION('',(0.,0.,1.));
#2409 = ORIENTED_EDGE('',*,*,#2410,.T.);
#2410 = EDGE_CURVE('',#2403,#2380,#2411,.T.);
#2411 = LINE('',#2412,#2413);
#2412 = CARTESIAN_POINT('',(-0.32,-0.32,-2.84));
#2413 = VECTOR('',#2414,1.);
#2414 = DIRECTION('',(0.,1.,0.));
#2415 = ORIENTED_EDGE('',*,*,#2387,.T.);
#2416 = ORIENTED_EDGE('',*,*,#1290,.F.);
#2417 = PLANE('',#2418);
#2418 = AXIS2_PLACEMENT_3D('',#2419,#2420,#2421);
#2419 = CARTESIAN_POINT('',(-0.32,-0.32,-3.));
#2420 = DIRECTION('',(1.,0.,0.));
#2421 = DIRECTION('',(0.,0.,1.));
#2422 = ADVANCED_FACE('',(#2423),#2434,.F.);
#2423 = FACE_BOUND('',#2424,.F.);
#2424 = EDGE_LOOP('',(#2425,#2426,#2432,#2433));
#2425 = ORIENTED_EDGE('',*,*,#2347,.F.);
#2426 = ORIENTED_EDGE('',*,*,#2427,.F.);
#2427 = EDGE_CURVE('',#2403,#2348,#2428,.T.);
#2428 = LINE('',#2429,#2430);
#2429 = CARTESIAN_POINT('',(-0.32,-0.32,-2.84));
#2430 = VECTOR('',#2431,1.);
#2431 = DIRECTION('',(1.,0.,0.));
#2432 = ORIENTED_EDGE('',*,*,#2402,.T.);
#2433 = ORIENTED_EDGE('',*,*,#1282,.F.);
#2434 = PLANE('',#2435);
#2435 = AXIS2_PLACEMENT_3D('',#2436,#2437,#2438);
#2436 = CARTESIAN_POINT('',(-0.32,-0.32,-3.));
#2437 = DIRECTION('',(0.,1.,0.));
#2438 = DIRECTION('',(0.,-0.,1.));
#2439 = ADVANCED_FACE('',(#2440),#2465,.T.);
#2440 = FACE_BOUND('',#2441,.T.);
#2441 = EDGE_LOOP('',(#2442,#2450,#2458,#2464));
#2442 = ORIENTED_EDGE('',*,*,#2443,.F.);
#2443 = EDGE_CURVE('',#2444,#1307,#2446,.T.);
#2444 = VERTEX_POINT('',#2445);
#2445 = CARTESIAN_POINT('',(0.32,-2.22,-2.84));
#2446 = LINE('',#2447,#2448);
#2447 = CARTESIAN_POINT('',(0.32,-2.22,-3.));
#2448 = VECTOR('',#2449,1.);
#2449 = DIRECTION('',(0.,0.,1.));
#2450 = ORIENTED_EDGE('',*,*,#2451,.F.);
#2451 = EDGE_CURVE('',#2452,#2444,#2454,.T.);
#2452 = VERTEX_POINT('',#2453);
#2453 = CARTESIAN_POINT('',(-0.32,-2.22,-2.84));
#2454 = LINE('',#2455,#2456);
#2455 = CARTESIAN_POINT('',(-0.32,-2.22,-2.84));
#2456 = VECTOR('',#2457,1.);
#2457 = DIRECTION('',(1.,0.,0.));
#2458 = ORIENTED_EDGE('',*,*,#2459,.T.);
#2459 = EDGE_CURVE('',#2452,#1309,#2460,.T.);
#2460 = LINE('',#2461,#2462);
#2461 = CARTESIAN_POINT('',(-0.32,-2.22,-3.));
#2462 = VECTOR('',#2463,1.);
#2463 = DIRECTION('',(0.,0.,1.));
#2464 = ORIENTED_EDGE('',*,*,#1306,.F.);
#2465 = PLANE('',#2466);
#2466 = AXIS2_PLACEMENT_3D('',#2467,#2468,#2469);
#2467 = CARTESIAN_POINT('',(-0.32,-2.22,-3.));
#2468 = DIRECTION('',(0.,1.,0.));
#2469 = DIRECTION('',(0.,-0.,1.));
#2470 = ADVANCED_FACE('',(#2471),#2489,.F.);
#2471 = FACE_BOUND('',#2472,.F.);
#2472 = EDGE_LOOP('',(#2473,#2481,#2487,#2488));
#2473 = ORIENTED_EDGE('',*,*,#2474,.F.);
#2474 = EDGE_CURVE('',#2475,#1325,#2477,.T.);
#2475 = VERTEX_POINT('',#2476);
#2476 = CARTESIAN_POINT('',(-0.32,-2.86,-2.84));
#2477 = LINE('',#2478,#2479);
#2478 = CARTESIAN_POINT('',(-0.32,-2.86,-3.));
#2479 = VECTOR('',#2480,1.);
#2480 = DIRECTION('',(0.,0.,1.));
#2481 = ORIENTED_EDGE('',*,*,#2482,.T.);
#2482 = EDGE_CURVE('',#2475,#2452,#2483,.T.);
#2483 = LINE('',#2484,#2485);
#2484 = CARTESIAN_POINT('',(-0.32,-2.86,-2.84));
#2485 = VECTOR('',#2486,1.);
#2486 = DIRECTION('',(0.,1.,0.));
#2487 = ORIENTED_EDGE('',*,*,#2459,.T.);
#2488 = ORIENTED_EDGE('',*,*,#1332,.F.);
#2489 = PLANE('',#2490);
#2490 = AXIS2_PLACEMENT_3D('',#2491,#2492,#2493);
#2491 = CARTESIAN_POINT('',(-0.32,-2.86,-3.));
#2492 = DIRECTION('',(1.,0.,0.));
#2493 = DIRECTION('',(0.,0.,1.));
#2494 = ADVANCED_FACE('',(#2495),#2513,.F.);
#2495 = FACE_BOUND('',#2496,.F.);
#2496 = EDGE_LOOP('',(#2497,#2505,#2511,#2512));
#2497 = ORIENTED_EDGE('',*,*,#2498,.F.);
#2498 = EDGE_CURVE('',#2499,#1317,#2501,.T.);
#2499 = VERTEX_POINT('',#2500);
#2500 = CARTESIAN_POINT('',(0.32,-2.86,-2.84));
#2501 = LINE('',#2502,#2503);
#2502 = CARTESIAN_POINT('',(0.32,-2.86,-3.));
#2503 = VECTOR('',#2504,1.);
#2504 = DIRECTION('',(0.,0.,1.));
#2505 = ORIENTED_EDGE('',*,*,#2506,.F.);
#2506 = EDGE_CURVE('',#2475,#2499,#2507,.T.);
#2507 = LINE('',#2508,#2509);
#2508 = CARTESIAN_POINT('',(-0.32,-2.86,-2.84));
#2509 = VECTOR('',#2510,1.);
#2510 = DIRECTION('',(1.,0.,0.));
#2511 = ORIENTED_EDGE('',*,*,#2474,.T.);
#2512 = ORIENTED_EDGE('',*,*,#1324,.F.);
#2513 = PLANE('',#2514);
#2514 = AXIS2_PLACEMENT_3D('',#2515,#2516,#2517);
#2515 = CARTESIAN_POINT('',(-0.32,-2.86,-3.));
#2516 = DIRECTION('',(0.,1.,0.));
#2517 = DIRECTION('',(0.,-0.,1.));
#2518 = ADVANCED_FACE('',(#2519),#2530,.T.);
#2519 = FACE_BOUND('',#2520,.T.);
#2520 = EDGE_LOOP('',(#2521,#2522,#2528,#2529));
#2521 = ORIENTED_EDGE('',*,*,#2498,.F.);
#2522 = ORIENTED_EDGE('',*,*,#2523,.T.);
#2523 = EDGE_CURVE('',#2499,#2444,#2524,.T.);
#2524 = LINE('',#2525,#2526);
#2525 = CARTESIAN_POINT('',(0.32,-2.86,-2.84));
#2526 = VECTOR('',#2527,1.);
#2527 = DIRECTION('',(0.,1.,0.));
#2528 = ORIENTED_EDGE('',*,*,#2443,.T.);
#2529 = ORIENTED_EDGE('',*,*,#1316,.F.);
#2530 = PLANE('',#2531);
#2531 = AXIS2_PLACEMENT_3D('',#2532,#2533,#2534);
#2532 = CARTESIAN_POINT('',(0.32,-2.86,-3.));
#2533 = DIRECTION('',(1.,0.,0.));
#2534 = DIRECTION('',(0.,0.,1.));
#2535 = ADVANCED_FACE('',(#2536),#2561,.T.);
#2536 = FACE_BOUND('',#2537,.T.);
#2537 = EDGE_LOOP('',(#2538,#2546,#2554,#2560));
#2538 = ORIENTED_EDGE('',*,*,#2539,.F.);
#2539 = EDGE_CURVE('',#2540,#1341,#2542,.T.);
#2540 = VERTEX_POINT('',#2541);
#2541 = CARTESIAN_POINT('',(0.32,-4.76,-2.84));
#2542 = LINE('',#2543,#2544);
#2543 = CARTESIAN_POINT('',(0.32,-4.76,-3.));
#2544 = VECTOR('',#2545,1.);
#2545 = DIRECTION('',(0.,0.,1.));
#2546 = ORIENTED_EDGE('',*,*,#2547,.F.);
#2547 = EDGE_CURVE('',#2548,#2540,#2550,.T.);
#2548 = VERTEX_POINT('',#2549);
#2549 = CARTESIAN_POINT('',(-0.32,-4.76,-2.84));
#2550 = LINE('',#2551,#2552);
#2551 = CARTESIAN_POINT('',(-0.32,-4.76,-2.84));
#2552 = VECTOR('',#2553,1.);
#2553 = DIRECTION('',(1.,0.,0.));
#2554 = ORIENTED_EDGE('',*,*,#2555,.T.);
#2555 = EDGE_CURVE('',#2548,#1343,#2556,.T.);
#2556 = LINE('',#2557,#2558);
#2557 = CARTESIAN_POINT('',(-0.32,-4.76,-3.));
#2558 = VECTOR('',#2559,1.);
#2559 = DIRECTION('',(0.,0.,1.));
#2560 = ORIENTED_EDGE('',*,*,#1340,.F.);
#2561 = PLANE('',#2562);
#2562 = AXIS2_PLACEMENT_3D('',#2563,#2564,#2565);
#2563 = CARTESIAN_POINT('',(-0.32,-4.76,-3.));
#2564 = DIRECTION('',(0.,1.,0.));
#2565 = DIRECTION('',(0.,-0.,1.));
#2566 = ADVANCED_FACE('',(#2567),#2585,.F.);
#2567 = FACE_BOUND('',#2568,.F.);
#2568 = EDGE_LOOP('',(#2569,#2577,#2583,#2584));
#2569 = ORIENTED_EDGE('',*,*,#2570,.F.);
#2570 = EDGE_CURVE('',#2571,#1359,#2573,.T.);
#2571 = VERTEX_POINT('',#2572);
#2572 = CARTESIAN_POINT('',(-0.32,-5.4,-2.84));
#2573 = LINE('',#2574,#2575);
#2574 = CARTESIAN_POINT('',(-0.32,-5.4,-3.));
#2575 = VECTOR('',#2576,1.);
#2576 = DIRECTION('',(0.,0.,1.));
#2577 = ORIENTED_EDGE('',*,*,#2578,.T.);
#2578 = EDGE_CURVE('',#2571,#2548,#2579,.T.);
#2579 = LINE('',#2580,#2581);
#2580 = CARTESIAN_POINT('',(-0.32,-5.4,-2.84));
#2581 = VECTOR('',#2582,1.);
#2582 = DIRECTION('',(0.,1.,0.));
#2583 = ORIENTED_EDGE('',*,*,#2555,.T.);
#2584 = ORIENTED_EDGE('',*,*,#1366,.F.);
#2585 = PLANE('',#2586);
#2586 = AXIS2_PLACEMENT_3D('',#2587,#2588,#2589);
#2587 = CARTESIAN_POINT('',(-0.32,-5.4,-3.));
#2588 = DIRECTION('',(1.,0.,0.));
#2589 = DIRECTION('',(0.,0.,1.));
#2590 = ADVANCED_FACE('',(#2591),#2609,.F.);
#2591 = FACE_BOUND('',#2592,.F.);
#2592 = EDGE_LOOP('',(#2593,#2601,#2607,#2608));
#2593 = ORIENTED_EDGE('',*,*,#2594,.F.);
#2594 = EDGE_CURVE('',#2595,#1351,#2597,.T.);
#2595 = VERTEX_POINT('',#2596);
#2596 = CARTESIAN_POINT('',(0.32,-5.4,-2.84));
#2597 = LINE('',#2598,#2599);
#2598 = CARTESIAN_POINT('',(0.32,-5.4,-3.));
#2599 = VECTOR('',#2600,1.);
#2600 = DIRECTION('',(0.,0.,1.));
#2601 = ORIENTED_EDGE('',*,*,#2602,.F.);
#2602 = EDGE_CURVE('',#2571,#2595,#2603,.T.);
#2603 = LINE('',#2604,#2605);
#2604 = CARTESIAN_POINT('',(-0.32,-5.4,-2.84));
#2605 = VECTOR('',#2606,1.);
#2606 = DIRECTION('',(1.,0.,0.));
#2607 = ORIENTED_EDGE('',*,*,#2570,.T.);
#2608 = ORIENTED_EDGE('',*,*,#1358,.F.);
#2609 = PLANE('',#2610);
#2610 = AXIS2_PLACEMENT_3D('',#2611,#2612,#2613);
#2611 = CARTESIAN_POINT('',(-0.32,-5.4,-3.));
#2612 = DIRECTION('',(0.,1.,0.));
#2613 = DIRECTION('',(0.,-0.,1.));
#2614 = ADVANCED_FACE('',(#2615),#2626,.T.);
#2615 = FACE_BOUND('',#2616,.T.);
#2616 = EDGE_LOOP('',(#2617,#2618,#2624,#2625));
#2617 = ORIENTED_EDGE('',*,*,#2594,.F.);
#2618 = ORIENTED_EDGE('',*,*,#2619,.T.);
#2619 = EDGE_CURVE('',#2595,#2540,#2620,.T.);
#2620 = LINE('',#2621,#2622);
#2621 = CARTESIAN_POINT('',(0.32,-5.4,-2.84));
#2622 = VECTOR('',#2623,1.);
#2623 = DIRECTION('',(0.,1.,0.));
#2624 = ORIENTED_EDGE('',*,*,#2539,.T.);
#2625 = ORIENTED_EDGE('',*,*,#1350,.F.);
#2626 = PLANE('',#2627);
#2627 = AXIS2_PLACEMENT_3D('',#2628,#2629,#2630);
#2628 = CARTESIAN_POINT('',(0.32,-5.4,-3.));
#2629 = DIRECTION('',(1.,0.,0.));
#2630 = DIRECTION('',(0.,0.,1.));
#2631 = ADVANCED_FACE('',(#2632),#2657,.T.);
#2632 = FACE_BOUND('',#2633,.T.);
#2633 = EDGE_LOOP('',(#2634,#2642,#2650,#2656));
#2634 = ORIENTED_EDGE('',*,*,#2635,.F.);
#2635 = EDGE_CURVE('',#2636,#1375,#2638,.T.);
#2636 = VERTEX_POINT('',#2637);
#2637 = CARTESIAN_POINT('',(0.32,-9.84,-2.84));
#2638 = LINE('',#2639,#2640);
#2639 = CARTESIAN_POINT('',(0.32,-9.84,-3.));
#2640 = VECTOR('',#2641,1.);
#2641 = DIRECTION('',(0.,0.,1.));
#2642 = ORIENTED_EDGE('',*,*,#2643,.F.);
#2643 = EDGE_CURVE('',#2644,#2636,#2646,.T.);
#2644 = VERTEX_POINT('',#2645);
#2645 = CARTESIAN_POINT('',(-0.32,-9.84,-2.84));
#2646 = LINE('',#2647,#2648);
#2647 = CARTESIAN_POINT('',(-0.32,-9.84,-2.84));
#2648 = VECTOR('',#2649,1.);
#2649 = DIRECTION('',(1.,0.,0.));
#2650 = ORIENTED_EDGE('',*,*,#2651,.T.);
#2651 = EDGE_CURVE('',#2644,#1377,#2652,.T.);
#2652 = LINE('',#2653,#2654);
#2653 = CARTESIAN_POINT('',(-0.32,-9.84,-3.));
#2654 = VECTOR('',#2655,1.);
#2655 = DIRECTION('',(0.,0.,1.));
#2656 = ORIENTED_EDGE('',*,*,#1374,.F.);
#2657 = PLANE('',#2658);
#2658 = AXIS2_PLACEMENT_3D('',#2659,#2660,#2661);
#2659 = CARTESIAN_POINT('',(-0.32,-9.84,-3.));
#2660 = DIRECTION('',(0.,1.,0.));
#2661 = DIRECTION('',(0.,-0.,1.));
#2662 = ADVANCED_FACE('',(#2663),#2681,.F.);
#2663 = FACE_BOUND('',#2664,.F.);
#2664 = EDGE_LOOP('',(#2665,#2673,#2679,#2680));
#2665 = ORIENTED_EDGE('',*,*,#2666,.F.);
#2666 = EDGE_CURVE('',#2667,#1393,#2669,.T.);
#2667 = VERTEX_POINT('',#2668);
#2668 = CARTESIAN_POINT('',(-0.32,-10.48,-2.84));
#2669 = LINE('',#2670,#2671);
#2670 = CARTESIAN_POINT('',(-0.32,-10.48,-3.));
#2671 = VECTOR('',#2672,1.);
#2672 = DIRECTION('',(0.,0.,1.));
#2673 = ORIENTED_EDGE('',*,*,#2674,.T.);
#2674 = EDGE_CURVE('',#2667,#2644,#2675,.T.);
#2675 = LINE('',#2676,#2677);
#2676 = CARTESIAN_POINT('',(-0.32,-10.48,-2.84));
#2677 = VECTOR('',#2678,1.);
#2678 = DIRECTION('',(0.,1.,0.));
#2679 = ORIENTED_EDGE('',*,*,#2651,.T.);
#2680 = ORIENTED_EDGE('',*,*,#1400,.F.);
#2681 = PLANE('',#2682);
#2682 = AXIS2_PLACEMENT_3D('',#2683,#2684,#2685);
#2683 = CARTESIAN_POINT('',(-0.32,-10.48,-3.));
#2684 = DIRECTION('',(1.,0.,0.));
#2685 = DIRECTION('',(0.,0.,1.));
#2686 = ADVANCED_FACE('',(#2687),#2705,.F.);
#2687 = FACE_BOUND('',#2688,.F.);
#2688 = EDGE_LOOP('',(#2689,#2697,#2703,#2704));
#2689 = ORIENTED_EDGE('',*,*,#2690,.F.);
#2690 = EDGE_CURVE('',#2691,#1385,#2693,.T.);
#2691 = VERTEX_POINT('',#2692);
#2692 = CARTESIAN_POINT('',(0.32,-10.48,-2.84));
#2693 = LINE('',#2694,#2695);
#2694 = CARTESIAN_POINT('',(0.32,-10.48,-3.));
#2695 = VECTOR('',#2696,1.);
#2696 = DIRECTION('',(0.,0.,1.));
#2697 = ORIENTED_EDGE('',*,*,#2698,.F.);
#2698 = EDGE_CURVE('',#2667,#2691,#2699,.T.);
#2699 = LINE('',#2700,#2701);
#2700 = CARTESIAN_POINT('',(-0.32,-10.48,-2.84));
#2701 = VECTOR('',#2702,1.);
#2702 = DIRECTION('',(1.,0.,0.));
#2703 = ORIENTED_EDGE('',*,*,#2666,.T.);
#2704 = ORIENTED_EDGE('',*,*,#1392,.F.);
#2705 = PLANE('',#2706);
#2706 = AXIS2_PLACEMENT_3D('',#2707,#2708,#2709);
#2707 = CARTESIAN_POINT('',(-0.32,-10.48,-3.));
#2708 = DIRECTION('',(0.,1.,0.));
#2709 = DIRECTION('',(0.,-0.,1.));
#2710 = ADVANCED_FACE('',(#2711),#2722,.T.);
#2711 = FACE_BOUND('',#2712,.T.);
#2712 = EDGE_LOOP('',(#2713,#2714,#2720,#2721));
#2713 = ORIENTED_EDGE('',*,*,#2690,.F.);
#2714 = ORIENTED_EDGE('',*,*,#2715,.T.);
#2715 = EDGE_CURVE('',#2691,#2636,#2716,.T.);
#2716 = LINE('',#2717,#2718);
#2717 = CARTESIAN_POINT('',(0.32,-10.48,-2.84));
#2718 = VECTOR('',#2719,1.);
#2719 = DIRECTION('',(0.,1.,0.));
#2720 = ORIENTED_EDGE('',*,*,#2635,.T.);
#2721 = ORIENTED_EDGE('',*,*,#1384,.F.);
#2722 = PLANE('',#2723);
#2723 = AXIS2_PLACEMENT_3D('',#2724,#2725,#2726);
#2724 = CARTESIAN_POINT('',(0.32,-10.48,-3.));
#2725 = DIRECTION('',(1.,0.,0.));
#2726 = DIRECTION('',(0.,0.,1.));
#2727 = ADVANCED_FACE('',(#2728),#2753,.F.);
#2728 = FACE_BOUND('',#2729,.F.);
#2729 = EDGE_LOOP('',(#2730,#2738,#2746,#2752));
#2730 = ORIENTED_EDGE('',*,*,#2731,.F.);
#2731 = EDGE_CURVE('',#2732,#1409,#2734,.T.);
#2732 = VERTEX_POINT('',#2733);
#2733 = CARTESIAN_POINT('',(0.32,-7.94,-2.84));
#2734 = LINE('',#2735,#2736);
#2735 = CARTESIAN_POINT('',(0.32,-7.94,-3.));
#2736 = VECTOR('',#2737,1.);
#2737 = DIRECTION('',(0.,0.,1.));
#2738 = ORIENTED_EDGE('',*,*,#2739,.F.);
#2739 = EDGE_CURVE('',#2740,#2732,#2742,.T.);
#2740 = VERTEX_POINT('',#2741);
#2741 = CARTESIAN_POINT('',(-0.32,-7.94,-2.84));
#2742 = LINE('',#2743,#2744);
#2743 = CARTESIAN_POINT('',(-0.32,-7.94,-2.84));
#2744 = VECTOR('',#2745,1.);
#2745 = DIRECTION('',(1.,0.,0.));
#2746 = ORIENTED_EDGE('',*,*,#2747,.T.);
#2747 = EDGE_CURVE('',#2740,#1411,#2748,.T.);
#2748 = LINE('',#2749,#2750);
#2749 = CARTESIAN_POINT('',(-0.32,-7.94,-3.));
#2750 = VECTOR('',#2751,1.);
#2751 = DIRECTION('',(0.,0.,1.));
#2752 = ORIENTED_EDGE('',*,*,#1408,.F.);
#2753 = PLANE('',#2754);
#2754 = AXIS2_PLACEMENT_3D('',#2755,#2756,#2757);
#2755 = CARTESIAN_POINT('',(-0.32,-7.94,-3.));
#2756 = DIRECTION('',(0.,1.,0.));
#2757 = DIRECTION('',(0.,-0.,1.));
#2758 = ADVANCED_FACE('',(#2759),#2777,.T.);
#2759 = FACE_BOUND('',#2760,.T.);
#2760 = EDGE_LOOP('',(#2761,#2762,#2770,#2776));
#2761 = ORIENTED_EDGE('',*,*,#2731,.F.);
#2762 = ORIENTED_EDGE('',*,*,#2763,.T.);
#2763 = EDGE_CURVE('',#2732,#2764,#2766,.T.);
#2764 = VERTEX_POINT('',#2765);
#2765 = CARTESIAN_POINT('',(0.32,-7.3,-2.84));
#2766 = LINE('',#2767,#2768);
#2767 = CARTESIAN_POINT('',(0.32,-7.94,-2.84));
#2768 = VECTOR('',#2769,1.);
#2769 = DIRECTION('',(0.,1.,0.));
#2770 = ORIENTED_EDGE('',*,*,#2771,.T.);
#2771 = EDGE_CURVE('',#2764,#1427,#2772,.T.);
#2772 = LINE('',#2773,#2774);
#2773 = CARTESIAN_POINT('',(0.32,-7.3,-3.));
#2774 = VECTOR('',#2775,1.);
#2775 = DIRECTION('',(0.,0.,1.));
#2776 = ORIENTED_EDGE('',*,*,#1434,.F.);
#2777 = PLANE('',#2778);
#2778 = AXIS2_PLACEMENT_3D('',#2779,#2780,#2781);
#2779 = CARTESIAN_POINT('',(0.32,-7.94,-3.));
#2780 = DIRECTION('',(1.,0.,0.));
#2781 = DIRECTION('',(0.,0.,1.));
#2782 = ADVANCED_FACE('',(#2783),#2801,.T.);
#2783 = FACE_BOUND('',#2784,.T.);
#2784 = EDGE_LOOP('',(#2785,#2786,#2794,#2800));
#2785 = ORIENTED_EDGE('',*,*,#2771,.F.);
#2786 = ORIENTED_EDGE('',*,*,#2787,.F.);
#2787 = EDGE_CURVE('',#2788,#2764,#2790,.T.);
#2788 = VERTEX_POINT('',#2789);
#2789 = CARTESIAN_POINT('',(-0.32,-7.3,-2.84));
#2790 = LINE('',#2791,#2792);
#2791 = CARTESIAN_POINT('',(-0.32,-7.3,-2.84));
#2792 = VECTOR('',#2793,1.);
#2793 = DIRECTION('',(1.,0.,0.));
#2794 = ORIENTED_EDGE('',*,*,#2795,.T.);
#2795 = EDGE_CURVE('',#2788,#1419,#2796,.T.);
#2796 = LINE('',#2797,#2798);
#2797 = CARTESIAN_POINT('',(-0.32,-7.3,-3.));
#2798 = VECTOR('',#2799,1.);
#2799 = DIRECTION('',(0.,0.,1.));
#2800 = ORIENTED_EDGE('',*,*,#1426,.F.);
#2801 = PLANE('',#2802);
#2802 = AXIS2_PLACEMENT_3D('',#2803,#2804,#2805);
#2803 = CARTESIAN_POINT('',(-0.32,-7.3,-3.));
#2804 = DIRECTION('',(0.,1.,0.));
#2805 = DIRECTION('',(0.,-0.,1.));
#2806 = ADVANCED_FACE('',(#2807),#2818,.F.);
#2807 = FACE_BOUND('',#2808,.F.);
#2808 = EDGE_LOOP('',(#2809,#2810,#2816,#2817));
#2809 = ORIENTED_EDGE('',*,*,#2747,.F.);
#2810 = ORIENTED_EDGE('',*,*,#2811,.T.);
#2811 = EDGE_CURVE('',#2740,#2788,#2812,.T.);
#2812 = LINE('',#2813,#2814);
#2813 = CARTESIAN_POINT('',(-0.32,-7.94,-2.84));
#2814 = VECTOR('',#2815,1.);
#2815 = DIRECTION('',(0.,1.,0.));
#2816 = ORIENTED_EDGE('',*,*,#2795,.T.);
#2817 = ORIENTED_EDGE('',*,*,#1418,.F.);
#2818 = PLANE('',#2819);
#2819 = AXIS2_PLACEMENT_3D('',#2820,#2821,#2822);
#2820 = CARTESIAN_POINT('',(-0.32,-7.94,-3.));
#2821 = DIRECTION('',(1.,0.,0.));
#2822 = DIRECTION('',(0.,0.,1.));
#2823 = ADVANCED_FACE('',(#2824),#2849,.T.);
#2824 = FACE_BOUND('',#2825,.T.);
#2825 = EDGE_LOOP('',(#2826,#2834,#2835,#2843));
#2826 = ORIENTED_EDGE('',*,*,#2827,.F.);
#2827 = EDGE_CURVE('',#1684,#2828,#2830,.T.);
#2828 = VERTEX_POINT('',#2829);
#2829 = CARTESIAN_POINT('',(0.32,-0.32,8.38));
#2830 = LINE('',#2831,#2832);
#2831 = CARTESIAN_POINT('',(0.32,-0.32,-3.));
#2832 = VECTOR('',#2833,1.);
#2833 = DIRECTION('',(0.,0.,1.));
#2834 = ORIENTED_EDGE('',*,*,#1683,.T.);
#2835 = ORIENTED_EDGE('',*,*,#2836,.T.);
#2836 = EDGE_CURVE('',#1686,#2837,#2839,.T.);
#2837 = VERTEX_POINT('',#2838);
#2838 = CARTESIAN_POINT('',(0.32,0.32,8.38));
#2839 = LINE('',#2840,#2841);
#2840 = CARTESIAN_POINT('',(0.32,0.32,-3.));
#2841 = VECTOR('',#2842,1.);
#2842 = DIRECTION('',(0.,0.,1.));
#2843 = ORIENTED_EDGE('',*,*,#2844,.F.);
#2844 = EDGE_CURVE('',#2828,#2837,#2845,.T.);
#2845 = LINE('',#2846,#2847);
#2846 = CARTESIAN_POINT('',(0.32,-0.32,8.38));
#2847 = VECTOR('',#2848,1.);
#2848 = DIRECTION('',(0.,1.,0.));
#2849 = PLANE('',#2850);
#2850 = AXIS2_PLACEMENT_3D('',#2851,#2852,#2853);
#2851 = CARTESIAN_POINT('',(0.32,-0.32,-3.));
#2852 = DIRECTION('',(1.,0.,0.));
#2853 = DIRECTION('',(0.,0.,1.));
#2854 = ADVANCED_FACE('',(#2855),#2873,.T.);
#2855 = FACE_BOUND('',#2856,.T.);
#2856 = EDGE_LOOP('',(#2857,#2858,#2859,#2867));
#2857 = ORIENTED_EDGE('',*,*,#2836,.F.);
#2858 = ORIENTED_EDGE('',*,*,#1709,.T.);
#2859 = ORIENTED_EDGE('',*,*,#2860,.T.);
#2860 = EDGE_CURVE('',#1702,#2861,#2863,.T.);
#2861 = VERTEX_POINT('',#2862);
#2862 = CARTESIAN_POINT('',(-0.32,0.32,8.38));
#2863 = LINE('',#2864,#2865);
#2864 = CARTESIAN_POINT('',(-0.32,0.32,-3.));
#2865 = VECTOR('',#2866,1.);
#2866 = DIRECTION('',(0.,0.,1.));
#2867 = ORIENTED_EDGE('',*,*,#2868,.T.);
#2868 = EDGE_CURVE('',#2861,#2837,#2869,.T.);
#2869 = LINE('',#2870,#2871);
#2870 = CARTESIAN_POINT('',(-0.32,0.32,8.38));
#2871 = VECTOR('',#2872,1.);
#2872 = DIRECTION('',(1.,0.,0.));
#2873 = PLANE('',#2874);
#2874 = AXIS2_PLACEMENT_3D('',#2875,#2876,#2877);
#2875 = CARTESIAN_POINT('',(-0.32,0.32,-3.));
#2876 = DIRECTION('',(0.,1.,0.));
#2877 = DIRECTION('',(0.,-0.,1.));
#2878 = ADVANCED_FACE('',(#2879),#2897,.F.);
#2879 = FACE_BOUND('',#2880,.F.);
#2880 = EDGE_LOOP('',(#2881,#2889,#2890,#2891));
#2881 = ORIENTED_EDGE('',*,*,#2882,.F.);
#2882 = EDGE_CURVE('',#1694,#2883,#2885,.T.);
#2883 = VERTEX_POINT('',#2884);
#2884 = CARTESIAN_POINT('',(-0.32,-0.32,8.38));
#2885 = LINE('',#2886,#2887);
#2886 = CARTESIAN_POINT('',(-0.32,-0.32,-3.));
#2887 = VECTOR('',#2888,1.);
#2888 = DIRECTION('',(0.,0.,1.));
#2889 = ORIENTED_EDGE('',*,*,#1701,.T.);
#2890 = ORIENTED_EDGE('',*,*,#2860,.T.);
#2891 = ORIENTED_EDGE('',*,*,#2892,.F.);
#2892 = EDGE_CURVE('',#2883,#2861,#2893,.T.);
#2893 = LINE('',#2894,#2895);
#2894 = CARTESIAN_POINT('',(-0.32,-0.32,8.38));
#2895 = VECTOR('',#2896,1.);
#2896 = DIRECTION('',(0.,1.,0.));
#2897 = PLANE('',#2898);
#2898 = AXIS2_PLACEMENT_3D('',#2899,#2900,#2901);
#2899 = CARTESIAN_POINT('',(-0.32,-0.32,-3.));
#2900 = DIRECTION('',(1.,0.,0.));
#2901 = DIRECTION('',(0.,0.,1.));
#2902 = ADVANCED_FACE('',(#2903),#2914,.F.);
#2903 = FACE_BOUND('',#2904,.F.);
#2904 = EDGE_LOOP('',(#2905,#2906,#2907,#2908));
#2905 = ORIENTED_EDGE('',*,*,#2827,.F.);
#2906 = ORIENTED_EDGE('',*,*,#1693,.T.);
#2907 = ORIENTED_EDGE('',*,*,#2882,.T.);
#2908 = ORIENTED_EDGE('',*,*,#2909,.T.);
#2909 = EDGE_CURVE('',#2883,#2828,#2910,.T.);
#2910 = LINE('',#2911,#2912);
#2911 = CARTESIAN_POINT('',(-0.32,-0.32,8.38));
#2912 = VECTOR('',#2913,1.);
#2913 = DIRECTION('',(1.,0.,0.));
#2914 = PLANE('',#2915);
#2915 = AXIS2_PLACEMENT_3D('',#2916,#2917,#2918);
#2916 = CARTESIAN_POINT('',(-0.32,-0.32,-3.));
#2917 = DIRECTION('',(0.,1.,0.));
#2918 = DIRECTION('',(0.,-0.,1.));
#2919 = ADVANCED_FACE('',(#2920),#2945,.T.);
#2920 = FACE_BOUND('',#2921,.T.);
#2921 = EDGE_LOOP('',(#2922,#2930,#2931,#2939));
#2922 = ORIENTED_EDGE('',*,*,#2923,.F.);
#2923 = EDGE_CURVE('',#1718,#2924,#2926,.T.);
#2924 = VERTEX_POINT('',#2925);
#2925 = CARTESIAN_POINT('',(0.32,-2.22,8.38));
#2926 = LINE('',#2927,#2928);
#2927 = CARTESIAN_POINT('',(0.32,-2.22,-3.));
#2928 = VECTOR('',#2929,1.);
#2929 = DIRECTION('',(0.,0.,1.));
#2930 = ORIENTED_EDGE('',*,*,#1717,.T.);
#2931 = ORIENTED_EDGE('',*,*,#2932,.T.);
#2932 = EDGE_CURVE('',#1720,#2933,#2935,.T.);
#2933 = VERTEX_POINT('',#2934);
#2934 = CARTESIAN_POINT('',(-0.32,-2.22,8.38));
#2935 = LINE('',#2936,#2937);
#2936 = CARTESIAN_POINT('',(-0.32,-2.22,-3.));
#2937 = VECTOR('',#2938,1.);
#2938 = DIRECTION('',(0.,0.,1.));
#2939 = ORIENTED_EDGE('',*,*,#2940,.T.);
#2940 = EDGE_CURVE('',#2933,#2924,#2941,.T.);
#2941 = LINE('',#2942,#2943);
#2942 = CARTESIAN_POINT('',(-0.32,-2.22,8.38));
#2943 = VECTOR('',#2944,1.);
#2944 = DIRECTION('',(1.,0.,0.));
#2945 = PLANE('',#2946);
#2946 = AXIS2_PLACEMENT_3D('',#2947,#2948,#2949);
#2947 = CARTESIAN_POINT('',(-0.32,-2.22,-3.));
#2948 = DIRECTION('',(0.,1.,0.));
#2949 = DIRECTION('',(0.,-0.,1.));
#2950 = ADVANCED_FACE('',(#2951),#2969,.F.);
#2951 = FACE_BOUND('',#2952,.F.);
#2952 = EDGE_LOOP('',(#2953,#2961,#2962,#2963));
#2953 = ORIENTED_EDGE('',*,*,#2954,.F.);
#2954 = EDGE_CURVE('',#1736,#2955,#2957,.T.);
#2955 = VERTEX_POINT('',#2956);
#2956 = CARTESIAN_POINT('',(-0.32,-2.86,8.38));
#2957 = LINE('',#2958,#2959);
#2958 = CARTESIAN_POINT('',(-0.32,-2.86,-3.));
#2959 = VECTOR('',#2960,1.);
#2960 = DIRECTION('',(0.,0.,1.));
#2961 = ORIENTED_EDGE('',*,*,#1743,.T.);
#2962 = ORIENTED_EDGE('',*,*,#2932,.T.);
#2963 = ORIENTED_EDGE('',*,*,#2964,.F.);
#2964 = EDGE_CURVE('',#2955,#2933,#2965,.T.);
#2965 = LINE('',#2966,#2967);
#2966 = CARTESIAN_POINT('',(-0.32,-2.86,8.38));
#2967 = VECTOR('',#2968,1.);
#2968 = DIRECTION('',(0.,1.,0.));
#2969 = PLANE('',#2970);
#2970 = AXIS2_PLACEMENT_3D('',#2971,#2972,#2973);
#2971 = CARTESIAN_POINT('',(-0.32,-2.86,-3.));
#2972 = DIRECTION('',(1.,0.,0.));
#2973 = DIRECTION('',(0.,0.,1.));
#2974 = ADVANCED_FACE('',(#2975),#2993,.F.);
#2975 = FACE_BOUND('',#2976,.F.);
#2976 = EDGE_LOOP('',(#2977,#2985,#2986,#2987));
#2977 = ORIENTED_EDGE('',*,*,#2978,.F.);
#2978 = EDGE_CURVE('',#1728,#2979,#2981,.T.);
#2979 = VERTEX_POINT('',#2980);
#2980 = CARTESIAN_POINT('',(0.32,-2.86,8.38));
#2981 = LINE('',#2982,#2983);
#2982 = CARTESIAN_POINT('',(0.32,-2.86,-3.));
#2983 = VECTOR('',#2984,1.);
#2984 = DIRECTION('',(0.,0.,1.));
#2985 = ORIENTED_EDGE('',*,*,#1735,.T.);
#2986 = ORIENTED_EDGE('',*,*,#2954,.T.);
#2987 = ORIENTED_EDGE('',*,*,#2988,.T.);
#2988 = EDGE_CURVE('',#2955,#2979,#2989,.T.);
#2989 = LINE('',#2990,#2991);
#2990 = CARTESIAN_POINT('',(-0.32,-2.86,8.38));
#2991 = VECTOR('',#2992,1.);
#2992 = DIRECTION('',(1.,0.,0.));
#2993 = PLANE('',#2994);
#2994 = AXIS2_PLACEMENT_3D('',#2995,#2996,#2997);
#2995 = CARTESIAN_POINT('',(-0.32,-2.86,-3.));
#2996 = DIRECTION('',(0.,1.,0.));
#2997 = DIRECTION('',(0.,-0.,1.));
#2998 = ADVANCED_FACE('',(#2999),#3010,.T.);
#2999 = FACE_BOUND('',#3000,.T.);
#3000 = EDGE_LOOP('',(#3001,#3002,#3003,#3004));
#3001 = ORIENTED_EDGE('',*,*,#2978,.F.);
#3002 = ORIENTED_EDGE('',*,*,#1727,.T.);
#3003 = ORIENTED_EDGE('',*,*,#2923,.T.);
#3004 = ORIENTED_EDGE('',*,*,#3005,.F.);
#3005 = EDGE_CURVE('',#2979,#2924,#3006,.T.);
#3006 = LINE('',#3007,#3008);
#3007 = CARTESIAN_POINT('',(0.32,-2.86,8.38));
#3008 = VECTOR('',#3009,1.);
#3009 = DIRECTION('',(0.,1.,0.));
#3010 = PLANE('',#3011);
#3011 = AXIS2_PLACEMENT_3D('',#3012,#3013,#3014);
#3012 = CARTESIAN_POINT('',(0.32,-2.86,-3.));
#3013 = DIRECTION('',(1.,0.,0.));
#3014 = DIRECTION('',(0.,0.,1.));
#3015 = ADVANCED_FACE('',(#3016),#3041,.T.);
#3016 = FACE_BOUND('',#3017,.T.);
#3017 = EDGE_LOOP('',(#3018,#3026,#3027,#3035));
#3018 = ORIENTED_EDGE('',*,*,#3019,.F.);
#3019 = EDGE_CURVE('',#1752,#3020,#3022,.T.);
#3020 = VERTEX_POINT('',#3021);
#3021 = CARTESIAN_POINT('',(0.32,-4.76,8.38));
#3022 = LINE('',#3023,#3024);
#3023 = CARTESIAN_POINT('',(0.32,-4.76,-3.));
#3024 = VECTOR('',#3025,1.);
#3025 = DIRECTION('',(0.,0.,1.));
#3026 = ORIENTED_EDGE('',*,*,#1751,.T.);
#3027 = ORIENTED_EDGE('',*,*,#3028,.T.);
#3028 = EDGE_CURVE('',#1754,#3029,#3031,.T.);
#3029 = VERTEX_POINT('',#3030);
#3030 = CARTESIAN_POINT('',(-0.32,-4.76,8.38));
#3031 = LINE('',#3032,#3033);
#3032 = CARTESIAN_POINT('',(-0.32,-4.76,-3.));
#3033 = VECTOR('',#3034,1.);
#3034 = DIRECTION('',(0.,0.,1.));
#3035 = ORIENTED_EDGE('',*,*,#3036,.T.);
#3036 = EDGE_CURVE('',#3029,#3020,#3037,.T.);
#3037 = LINE('',#3038,#3039);
#3038 = CARTESIAN_POINT('',(-0.32,-4.76,8.38));
#3039 = VECTOR('',#3040,1.);
#3040 = DIRECTION('',(1.,0.,0.));
#3041 = PLANE('',#3042);
#3042 = AXIS2_PLACEMENT_3D('',#3043,#3044,#3045);
#3043 = CARTESIAN_POINT('',(-0.32,-4.76,-3.));
#3044 = DIRECTION('',(0.,1.,0.));
#3045 = DIRECTION('',(0.,-0.,1.));
#3046 = ADVANCED_FACE('',(#3047),#3065,.F.);
#3047 = FACE_BOUND('',#3048,.F.);
#3048 = EDGE_LOOP('',(#3049,#3057,#3058,#3059));
#3049 = ORIENTED_EDGE('',*,*,#3050,.F.);
#3050 = EDGE_CURVE('',#1770,#3051,#3053,.T.);
#3051 = VERTEX_POINT('',#3052);
#3052 = CARTESIAN_POINT('',(-0.32,-5.4,8.38));
#3053 = LINE('',#3054,#3055);
#3054 = CARTESIAN_POINT('',(-0.32,-5.4,-3.));
#3055 = VECTOR('',#3056,1.);
#3056 = DIRECTION('',(0.,0.,1.));
#3057 = ORIENTED_EDGE('',*,*,#1777,.T.);
#3058 = ORIENTED_EDGE('',*,*,#3028,.T.);
#3059 = ORIENTED_EDGE('',*,*,#3060,.F.);
#3060 = EDGE_CURVE('',#3051,#3029,#3061,.T.);
#3061 = LINE('',#3062,#3063);
#3062 = CARTESIAN_POINT('',(-0.32,-5.4,8.38));
#3063 = VECTOR('',#3064,1.);
#3064 = DIRECTION('',(0.,1.,0.));
#3065 = PLANE('',#3066);
#3066 = AXIS2_PLACEMENT_3D('',#3067,#3068,#3069);
#3067 = CARTESIAN_POINT('',(-0.32,-5.4,-3.));
#3068 = DIRECTION('',(1.,0.,0.));
#3069 = DIRECTION('',(0.,0.,1.));
#3070 = ADVANCED_FACE('',(#3071),#3089,.F.);
#3071 = FACE_BOUND('',#3072,.F.);
#3072 = EDGE_LOOP('',(#3073,#3081,#3082,#3083));
#3073 = ORIENTED_EDGE('',*,*,#3074,.F.);
#3074 = EDGE_CURVE('',#1762,#3075,#3077,.T.);
#3075 = VERTEX_POINT('',#3076);
#3076 = CARTESIAN_POINT('',(0.32,-5.4,8.38));
#3077 = LINE('',#3078,#3079);
#3078 = CARTESIAN_POINT('',(0.32,-5.4,-3.));
#3079 = VECTOR('',#3080,1.);
#3080 = DIRECTION('',(0.,0.,1.));
#3081 = ORIENTED_EDGE('',*,*,#1769,.T.);
#3082 = ORIENTED_EDGE('',*,*,#3050,.T.);
#3083 = ORIENTED_EDGE('',*,*,#3084,.T.);
#3084 = EDGE_CURVE('',#3051,#3075,#3085,.T.);
#3085 = LINE('',#3086,#3087);
#3086 = CARTESIAN_POINT('',(-0.32,-5.4,8.38));
#3087 = VECTOR('',#3088,1.);
#3088 = DIRECTION('',(1.,0.,0.));
#3089 = PLANE('',#3090);
#3090 = AXIS2_PLACEMENT_3D('',#3091,#3092,#3093);
#3091 = CARTESIAN_POINT('',(-0.32,-5.4,-3.));
#3092 = DIRECTION('',(0.,1.,0.));
#3093 = DIRECTION('',(0.,-0.,1.));
#3094 = ADVANCED_FACE('',(#3095),#3106,.T.);
#3095 = FACE_BOUND('',#3096,.T.);
#3096 = EDGE_LOOP('',(#3097,#3098,#3099,#3100));
#3097 = ORIENTED_EDGE('',*,*,#3074,.F.);
#3098 = ORIENTED_EDGE('',*,*,#1761,.T.);
#3099 = ORIENTED_EDGE('',*,*,#3019,.T.);
#3100 = ORIENTED_EDGE('',*,*,#3101,.F.);
#3101 = EDGE_CURVE('',#3075,#3020,#3102,.T.);
#3102 = LINE('',#3103,#3104);
#3103 = CARTESIAN_POINT('',(0.32,-5.4,8.38));
#3104 = VECTOR('',#3105,1.);
#3105 = DIRECTION('',(0.,1.,0.));
#3106 = PLANE('',#3107);
#3107 = AXIS2_PLACEMENT_3D('',#3108,#3109,#3110);
#3108 = CARTESIAN_POINT('',(0.32,-5.4,-3.));
#3109 = DIRECTION('',(1.,0.,0.));
#3110 = DIRECTION('',(0.,0.,1.));
#3111 = ADVANCED_FACE('',(#3112),#3137,.T.);
#3112 = FACE_BOUND('',#3113,.T.);
#3113 = EDGE_LOOP('',(#3114,#3122,#3123,#3131));
#3114 = ORIENTED_EDGE('',*,*,#3115,.F.);
#3115 = EDGE_CURVE('',#1786,#3116,#3118,.T.);
#3116 = VERTEX_POINT('',#3117);
#3117 = CARTESIAN_POINT('',(0.32,-9.84,8.38));
#3118 = LINE('',#3119,#3120);
#3119 = CARTESIAN_POINT('',(0.32,-9.84,-3.));
#3120 = VECTOR('',#3121,1.);
#3121 = DIRECTION('',(0.,0.,1.));
#3122 = ORIENTED_EDGE('',*,*,#1785,.T.);
#3123 = ORIENTED_EDGE('',*,*,#3124,.T.);
#3124 = EDGE_CURVE('',#1788,#3125,#3127,.T.);
#3125 = VERTEX_POINT('',#3126);
#3126 = CARTESIAN_POINT('',(-0.32,-9.84,8.38));
#3127 = LINE('',#3128,#3129);
#3128 = CARTESIAN_POINT('',(-0.32,-9.84,-3.));
#3129 = VECTOR('',#3130,1.);
#3130 = DIRECTION('',(0.,0.,1.));
#3131 = ORIENTED_EDGE('',*,*,#3132,.T.);
#3132 = EDGE_CURVE('',#3125,#3116,#3133,.T.);
#3133 = LINE('',#3134,#3135);
#3134 = CARTESIAN_POINT('',(-0.32,-9.84,8.38));
#3135 = VECTOR('',#3136,1.);
#3136 = DIRECTION('',(1.,0.,0.));
#3137 = PLANE('',#3138);
#3138 = AXIS2_PLACEMENT_3D('',#3139,#3140,#3141);
#3139 = CARTESIAN_POINT('',(-0.32,-9.84,-3.));
#3140 = DIRECTION('',(0.,1.,0.));
#3141 = DIRECTION('',(0.,-0.,1.));
#3142 = ADVANCED_FACE('',(#3143),#3161,.F.);
#3143 = FACE_BOUND('',#3144,.F.);
#3144 = EDGE_LOOP('',(#3145,#3153,#3154,#3155));
#3145 = ORIENTED_EDGE('',*,*,#3146,.F.);
#3146 = EDGE_CURVE('',#1804,#3147,#3149,.T.);
#3147 = VERTEX_POINT('',#3148);
#3148 = CARTESIAN_POINT('',(-0.32,-10.48,8.38));
#3149 = LINE('',#3150,#3151);
#3150 = CARTESIAN_POINT('',(-0.32,-10.48,-3.));
#3151 = VECTOR('',#3152,1.);
#3152 = DIRECTION('',(0.,0.,1.));
#3153 = ORIENTED_EDGE('',*,*,#1811,.T.);
#3154 = ORIENTED_EDGE('',*,*,#3124,.T.);
#3155 = ORIENTED_EDGE('',*,*,#3156,.F.);
#3156 = EDGE_CURVE('',#3147,#3125,#3157,.T.);
#3157 = LINE('',#3158,#3159);
#3158 = CARTESIAN_POINT('',(-0.32,-10.48,8.38));
#3159 = VECTOR('',#3160,1.);
#3160 = DIRECTION('',(0.,1.,0.));
#3161 = PLANE('',#3162);
#3162 = AXIS2_PLACEMENT_3D('',#3163,#3164,#3165);
#3163 = CARTESIAN_POINT('',(-0.32,-10.48,-3.));
#3164 = DIRECTION('',(1.,0.,0.));
#3165 = DIRECTION('',(0.,0.,1.));
#3166 = ADVANCED_FACE('',(#3167),#3185,.F.);
#3167 = FACE_BOUND('',#3168,.F.);
#3168 = EDGE_LOOP('',(#3169,#3177,#3178,#3179));
#3169 = ORIENTED_EDGE('',*,*,#3170,.F.);
#3170 = EDGE_CURVE('',#1796,#3171,#3173,.T.);
#3171 = VERTEX_POINT('',#3172);
#3172 = CARTESIAN_POINT('',(0.32,-10.48,8.38));
#3173 = LINE('',#3174,#3175);
#3174 = CARTESIAN_POINT('',(0.32,-10.48,-3.));
#3175 = VECTOR('',#3176,1.);
#3176 = DIRECTION('',(0.,0.,1.));
#3177 = ORIENTED_EDGE('',*,*,#1803,.T.);
#3178 = ORIENTED_EDGE('',*,*,#3146,.T.);
#3179 = ORIENTED_EDGE('',*,*,#3180,.T.);
#3180 = EDGE_CURVE('',#3147,#3171,#3181,.T.);
#3181 = LINE('',#3182,#3183);
#3182 = CARTESIAN_POINT('',(-0.32,-10.48,8.38));
#3183 = VECTOR('',#3184,1.);
#3184 = DIRECTION('',(1.,0.,0.));
#3185 = PLANE('',#3186);
#3186 = AXIS2_PLACEMENT_3D('',#3187,#3188,#3189);
#3187 = CARTESIAN_POINT('',(-0.32,-10.48,-3.));
#3188 = DIRECTION('',(0.,1.,0.));
#3189 = DIRECTION('',(0.,-0.,1.));
#3190 = ADVANCED_FACE('',(#3191),#3202,.T.);
#3191 = FACE_BOUND('',#3192,.T.);
#3192 = EDGE_LOOP('',(#3193,#3194,#3195,#3196));
#3193 = ORIENTED_EDGE('',*,*,#3170,.F.);
#3194 = ORIENTED_EDGE('',*,*,#1795,.T.);
#3195 = ORIENTED_EDGE('',*,*,#3115,.T.);
#3196 = ORIENTED_EDGE('',*,*,#3197,.F.);
#3197 = EDGE_CURVE('',#3171,#3116,#3198,.T.);
#3198 = LINE('',#3199,#3200);
#3199 = CARTESIAN_POINT('',(0.32,-10.48,8.38));
#3200 = VECTOR('',#3201,1.);
#3201 = DIRECTION('',(0.,1.,0.));
#3202 = PLANE('',#3203);
#3203 = AXIS2_PLACEMENT_3D('',#3204,#3205,#3206);
#3204 = CARTESIAN_POINT('',(0.32,-10.48,-3.));
#3205 = DIRECTION('',(1.,0.,0.));
#3206 = DIRECTION('',(0.,0.,1.));
#3207 = ADVANCED_FACE('',(#3208),#3233,.F.);
#3208 = FACE_BOUND('',#3209,.F.);
#3209 = EDGE_LOOP('',(#3210,#3218,#3219,#3227));
#3210 = ORIENTED_EDGE('',*,*,#3211,.F.);
#3211 = EDGE_CURVE('',#1820,#3212,#3214,.T.);
#3212 = VERTEX_POINT('',#3213);
#3213 = CARTESIAN_POINT('',(0.32,-7.94,8.38));
#3214 = LINE('',#3215,#3216);
#3215 = CARTESIAN_POINT('',(0.32,-7.94,-3.));
#3216 = VECTOR('',#3217,1.);
#3217 = DIRECTION('',(0.,0.,1.));
#3218 = ORIENTED_EDGE('',*,*,#1819,.T.);
#3219 = ORIENTED_EDGE('',*,*,#3220,.T.);
#3220 = EDGE_CURVE('',#1822,#3221,#3223,.T.);
#3221 = VERTEX_POINT('',#3222);
#3222 = CARTESIAN_POINT('',(-0.32,-7.94,8.38));
#3223 = LINE('',#3224,#3225);
#3224 = CARTESIAN_POINT('',(-0.32,-7.94,-3.));
#3225 = VECTOR('',#3226,1.);
#3226 = DIRECTION('',(0.,0.,1.));
#3227 = ORIENTED_EDGE('',*,*,#3228,.T.);
#3228 = EDGE_CURVE('',#3221,#3212,#3229,.T.);
#3229 = LINE('',#3230,#3231);
#3230 = CARTESIAN_POINT('',(-0.32,-7.94,8.38));
#3231 = VECTOR('',#3232,1.);
#3232 = DIRECTION('',(1.,0.,0.));
#3233 = PLANE('',#3234);
#3234 = AXIS2_PLACEMENT_3D('',#3235,#3236,#3237);
#3235 = CARTESIAN_POINT('',(-0.32,-7.94,-3.));
#3236 = DIRECTION('',(0.,1.,0.));
#3237 = DIRECTION('',(0.,-0.,1.));
#3238 = ADVANCED_FACE('',(#3239),#3257,.T.);
#3239 = FACE_BOUND('',#3240,.T.);
#3240 = EDGE_LOOP('',(#3241,#3242,#3243,#3251));
#3241 = ORIENTED_EDGE('',*,*,#3211,.F.);
#3242 = ORIENTED_EDGE('',*,*,#1845,.T.);
#3243 = ORIENTED_EDGE('',*,*,#3244,.T.);
#3244 = EDGE_CURVE('',#1838,#3245,#3247,.T.);
#3245 = VERTEX_POINT('',#3246);
#3246 = CARTESIAN_POINT('',(0.32,-7.3,8.38));
#3247 = LINE('',#3248,#3249);
#3248 = CARTESIAN_POINT('',(0.32,-7.3,-3.));
#3249 = VECTOR('',#3250,1.);
#3250 = DIRECTION('',(0.,0.,1.));
#3251 = ORIENTED_EDGE('',*,*,#3252,.F.);
#3252 = EDGE_CURVE('',#3212,#3245,#3253,.T.);
#3253 = LINE('',#3254,#3255);
#3254 = CARTESIAN_POINT('',(0.32,-7.94,8.38));
#3255 = VECTOR('',#3256,1.);
#3256 = DIRECTION('',(0.,1.,0.));
#3257 = PLANE('',#3258);
#3258 = AXIS2_PLACEMENT_3D('',#3259,#3260,#3261);
#3259 = CARTESIAN_POINT('',(0.32,-7.94,-3.));
#3260 = DIRECTION('',(1.,0.,0.));
#3261 = DIRECTION('',(0.,0.,1.));
#3262 = ADVANCED_FACE('',(#3263),#3281,.T.);
#3263 = FACE_BOUND('',#3264,.T.);
#3264 = EDGE_LOOP('',(#3265,#3266,#3267,#3275));
#3265 = ORIENTED_EDGE('',*,*,#3244,.F.);
#3266 = ORIENTED_EDGE('',*,*,#1837,.T.);
#3267 = ORIENTED_EDGE('',*,*,#3268,.T.);
#3268 = EDGE_CURVE('',#1830,#3269,#3271,.T.);
#3269 = VERTEX_POINT('',#3270);
#3270 = CARTESIAN_POINT('',(-0.32,-7.3,8.38));
#3271 = LINE('',#3272,#3273);
#3272 = CARTESIAN_POINT('',(-0.32,-7.3,-3.));
#3273 = VECTOR('',#3274,1.);
#3274 = DIRECTION('',(0.,0.,1.));
#3275 = ORIENTED_EDGE('',*,*,#3276,.T.);
#3276 = EDGE_CURVE('',#3269,#3245,#3277,.T.);
#3277 = LINE('',#3278,#3279);
#3278 = CARTESIAN_POINT('',(-0.32,-7.3,8.38));
#3279 = VECTOR('',#3280,1.);
#3280 = DIRECTION('',(1.,0.,0.));
#3281 = PLANE('',#3282);
#3282 = AXIS2_PLACEMENT_3D('',#3283,#3284,#3285);
#3283 = CARTESIAN_POINT('',(-0.32,-7.3,-3.));
#3284 = DIRECTION('',(0.,1.,0.));
#3285 = DIRECTION('',(0.,-0.,1.));
#3286 = ADVANCED_FACE('',(#3287),#3298,.F.);
#3287 = FACE_BOUND('',#3288,.F.);
#3288 = EDGE_LOOP('',(#3289,#3290,#3291,#3292));
#3289 = ORIENTED_EDGE('',*,*,#3220,.F.);
#3290 = ORIENTED_EDGE('',*,*,#1829,.T.);
#3291 = ORIENTED_EDGE('',*,*,#3268,.T.);
#3292 = ORIENTED_EDGE('',*,*,#3293,.F.);
#3293 = EDGE_CURVE('',#3221,#3269,#3294,.T.);
#3294 = LINE('',#3295,#3296);
#3295 = CARTESIAN_POINT('',(-0.32,-7.94,8.38));
#3296 = VECTOR('',#3297,1.);
#3297 = DIRECTION('',(0.,1.,0.));
#3298 = PLANE('',#3299);
#3299 = AXIS2_PLACEMENT_3D('',#3300,#3301,#3302);
#3300 = CARTESIAN_POINT('',(-0.32,-7.94,-3.));
#3301 = DIRECTION('',(1.,0.,0.));
#3302 = DIRECTION('',(0.,0.,1.));
#3303 = ADVANCED_FACE('',(#3304),#3329,.F.);
#3304 = FACE_BOUND('',#3305,.F.);
#3305 = EDGE_LOOP('',(#3306,#3314,#3315,#3323));
#3306 = ORIENTED_EDGE('',*,*,#3307,.F.);
#3307 = EDGE_CURVE('',#2348,#3308,#3310,.T.);
#3308 = VERTEX_POINT('',#3309);
#3309 = CARTESIAN_POINT('',(0.16,-0.16,-3.));
#3310 = LINE('',#3311,#3312);
#3311 = CARTESIAN_POINT('',(0.16,-0.16,-3.));
#3312 = VECTOR('',#3313,1.);
#3313 = DIRECTION('',(-0.57735026919,0.57735026919,-0.57735026919));
#3314 = ORIENTED_EDGE('',*,*,#2355,.T.);
#3315 = ORIENTED_EDGE('',*,*,#3316,.T.);
#3316 = EDGE_CURVE('',#2356,#3317,#3319,.T.);
#3317 = VERTEX_POINT('',#3318);
#3318 = CARTESIAN_POINT('',(0.16,0.16,-3.));
#3319 = LINE('',#3320,#3321);
#3320 = CARTESIAN_POINT('',(5.333333333333E-02,5.333333333333E-02,
    -3.106666666667));
#3321 = VECTOR('',#3322,1.);
#3322 = DIRECTION('',(-0.57735026919,-0.57735026919,-0.57735026919));
#3323 = ORIENTED_EDGE('',*,*,#3324,.F.);
#3324 = EDGE_CURVE('',#3308,#3317,#3325,.T.);
#3325 = LINE('',#3326,#3327);
#3326 = CARTESIAN_POINT('',(0.16,-0.32,-3.));
#3327 = VECTOR('',#3328,1.);
#3328 = DIRECTION('',(0.,1.,0.));
#3329 = PLANE('',#3330);
#3330 = AXIS2_PLACEMENT_3D('',#3331,#3332,#3333);
#3331 = CARTESIAN_POINT('',(0.24,-0.32,-2.92));
#3332 = DIRECTION('',(-0.707106781187,1.735167508357E-18,0.707106781187)
  );
#3333 = DIRECTION('',(1.226948711654E-18,1.,-1.226948711654E-18));
#3334 = ADVANCED_FACE('',(#3335),#3353,.F.);
#3335 = FACE_BOUND('',#3336,.T.);
#3336 = EDGE_LOOP('',(#3337,#3345,#3346,#3347));
#3337 = ORIENTED_EDGE('',*,*,#3338,.F.);
#3338 = EDGE_CURVE('',#2380,#3339,#3341,.T.);
#3339 = VERTEX_POINT('',#3340);
#3340 = CARTESIAN_POINT('',(-0.16,0.16,-3.));
#3341 = LINE('',#3342,#3343);
#3342 = CARTESIAN_POINT('',(-0.16,0.16,-3.));
#3343 = VECTOR('',#3344,1.);
#3344 = DIRECTION('',(0.57735026919,-0.57735026919,-0.57735026919));
#3345 = ORIENTED_EDGE('',*,*,#2379,.T.);
#3346 = ORIENTED_EDGE('',*,*,#3316,.T.);
#3347 = ORIENTED_EDGE('',*,*,#3348,.F.);
#3348 = EDGE_CURVE('',#3339,#3317,#3349,.T.);
#3349 = LINE('',#3350,#3351);
#3350 = CARTESIAN_POINT('',(-0.32,0.16,-3.));
#3351 = VECTOR('',#3352,1.);
#3352 = DIRECTION('',(1.,0.,0.));
#3353 = PLANE('',#3354);
#3354 = AXIS2_PLACEMENT_3D('',#3355,#3356,#3357);
#3355 = CARTESIAN_POINT('',(-0.32,0.24,-2.92));
#3356 = DIRECTION('',(-1.735167508357E-18,-0.707106781187,0.707106781187
    ));
#3357 = DIRECTION('',(-1.,1.226948711654E-18,-1.226948711654E-18));
#3358 = ADVANCED_FACE('',(#3359),#3377,.T.);
#3359 = FACE_BOUND('',#3360,.T.);
#3360 = EDGE_LOOP('',(#3361,#3369,#3370,#3371));
#3361 = ORIENTED_EDGE('',*,*,#3362,.F.);
#3362 = EDGE_CURVE('',#2403,#3363,#3365,.T.);
#3363 = VERTEX_POINT('',#3364);
#3364 = CARTESIAN_POINT('',(-0.16,-0.16,-3.));
#3365 = LINE('',#3366,#3367);
#3366 = CARTESIAN_POINT('',(-0.266666666667,-0.266666666667,
    -2.893333333333));
#3367 = VECTOR('',#3368,1.);
#3368 = DIRECTION('',(0.57735026919,0.57735026919,-0.57735026919));
#3369 = ORIENTED_EDGE('',*,*,#2410,.T.);
#3370 = ORIENTED_EDGE('',*,*,#3338,.T.);
#3371 = ORIENTED_EDGE('',*,*,#3372,.F.);
#3372 = EDGE_CURVE('',#3363,#3339,#3373,.T.);
#3373 = LINE('',#3374,#3375);
#3374 = CARTESIAN_POINT('',(-0.16,-0.32,-3.));
#3375 = VECTOR('',#3376,1.);
#3376 = DIRECTION('',(0.,1.,0.));
#3377 = PLANE('',#3378);
#3378 = AXIS2_PLACEMENT_3D('',#3379,#3380,#3381);
#3379 = CARTESIAN_POINT('',(-0.24,-0.32,-2.92));
#3380 = DIRECTION('',(-0.707106781187,-1.735167508357E-18,
    -0.707106781187));
#3381 = DIRECTION('',(-1.226948711654E-18,1.,-1.226948711654E-18));
#3382 = ADVANCED_FACE('',(#3383),#3394,.T.);
#3383 = FACE_BOUND('',#3384,.F.);
#3384 = EDGE_LOOP('',(#3385,#3386,#3387,#3388));
#3385 = ORIENTED_EDGE('',*,*,#3362,.F.);
#3386 = ORIENTED_EDGE('',*,*,#2427,.T.);
#3387 = ORIENTED_EDGE('',*,*,#3307,.T.);
#3388 = ORIENTED_EDGE('',*,*,#3389,.F.);
#3389 = EDGE_CURVE('',#3363,#3308,#3390,.T.);
#3390 = LINE('',#3391,#3392);
#3391 = CARTESIAN_POINT('',(-0.32,-0.16,-3.));
#3392 = VECTOR('',#3393,1.);
#3393 = DIRECTION('',(1.,0.,0.));
#3394 = PLANE('',#3395);
#3395 = AXIS2_PLACEMENT_3D('',#3396,#3397,#3398);
#3396 = CARTESIAN_POINT('',(-0.32,-0.24,-2.92));
#3397 = DIRECTION('',(1.735167508357E-18,-0.707106781187,-0.707106781187
    ));
#3398 = DIRECTION('',(-1.,-1.226948711654E-18,-1.226948711654E-18));
#3399 = ADVANCED_FACE('',(#3400),#3425,.F.);
#3400 = FACE_BOUND('',#3401,.T.);
#3401 = EDGE_LOOP('',(#3402,#3410,#3411,#3419));
#3402 = ORIENTED_EDGE('',*,*,#3403,.F.);
#3403 = EDGE_CURVE('',#2452,#3404,#3406,.T.);
#3404 = VERTEX_POINT('',#3405);
#3405 = CARTESIAN_POINT('',(-0.16,-2.38,-3.));
#3406 = LINE('',#3407,#3408);
#3407 = CARTESIAN_POINT('',(-0.16,-2.38,-3.));
#3408 = VECTOR('',#3409,1.);
#3409 = DIRECTION('',(0.57735026919,-0.57735026919,-0.57735026919));
#3410 = ORIENTED_EDGE('',*,*,#2451,.T.);
#3411 = ORIENTED_EDGE('',*,*,#3412,.T.);
#3412 = EDGE_CURVE('',#2444,#3413,#3415,.T.);
#3413 = VERTEX_POINT('',#3414);
#3414 = CARTESIAN_POINT('',(0.16,-2.38,-3.));
#3415 = LINE('',#3416,#3417);
#3416 = CARTESIAN_POINT('',(5.333333333333E-02,-2.486666666667,
    -3.106666666667));
#3417 = VECTOR('',#3418,1.);
#3418 = DIRECTION('',(-0.57735026919,-0.57735026919,-0.57735026919));
#3419 = ORIENTED_EDGE('',*,*,#3420,.F.);
#3420 = EDGE_CURVE('',#3404,#3413,#3421,.T.);
#3421 = LINE('',#3422,#3423);
#3422 = CARTESIAN_POINT('',(-0.32,-2.38,-3.));
#3423 = VECTOR('',#3424,1.);
#3424 = DIRECTION('',(1.,0.,0.));
#3425 = PLANE('',#3426);
#3426 = AXIS2_PLACEMENT_3D('',#3427,#3428,#3429);
#3427 = CARTESIAN_POINT('',(-0.32,-2.3,-2.92));
#3428 = DIRECTION('',(-1.735167508357E-18,-0.707106781187,0.707106781187
    ));
#3429 = DIRECTION('',(-1.,1.226948711654E-18,-1.226948711654E-18));
#3430 = ADVANCED_FACE('',(#3431),#3449,.T.);
#3431 = FACE_BOUND('',#3432,.T.);
#3432 = EDGE_LOOP('',(#3433,#3441,#3442,#3443));
#3433 = ORIENTED_EDGE('',*,*,#3434,.F.);
#3434 = EDGE_CURVE('',#2475,#3435,#3437,.T.);
#3435 = VERTEX_POINT('',#3436);
#3436 = CARTESIAN_POINT('',(-0.16,-2.7,-3.));
#3437 = LINE('',#3438,#3439);
#3438 = CARTESIAN_POINT('',(-0.266666666667,-2.806666666667,
    -2.893333333333));
#3439 = VECTOR('',#3440,1.);
#3440 = DIRECTION('',(0.57735026919,0.57735026919,-0.57735026919));
#3441 = ORIENTED_EDGE('',*,*,#2482,.T.);
#3442 = ORIENTED_EDGE('',*,*,#3403,.T.);
#3443 = ORIENTED_EDGE('',*,*,#3444,.F.);
#3444 = EDGE_CURVE('',#3435,#3404,#3445,.T.);
#3445 = LINE('',#3446,#3447);
#3446 = CARTESIAN_POINT('',(-0.16,-2.86,-3.));
#3447 = VECTOR('',#3448,1.);
#3448 = DIRECTION('',(0.,1.,0.));
#3449 = PLANE('',#3450);
#3450 = AXIS2_PLACEMENT_3D('',#3451,#3452,#3453);
#3451 = CARTESIAN_POINT('',(-0.24,-2.86,-2.92));
#3452 = DIRECTION('',(-0.707106781187,-1.735167508357E-18,
    -0.707106781187));
#3453 = DIRECTION('',(-1.226948711654E-18,1.,-1.226948711654E-18));
#3454 = ADVANCED_FACE('',(#3455),#3473,.T.);
#3455 = FACE_BOUND('',#3456,.F.);
#3456 = EDGE_LOOP('',(#3457,#3458,#3459,#3467));
#3457 = ORIENTED_EDGE('',*,*,#3434,.F.);
#3458 = ORIENTED_EDGE('',*,*,#2506,.T.);
#3459 = ORIENTED_EDGE('',*,*,#3460,.T.);
#3460 = EDGE_CURVE('',#2499,#3461,#3463,.T.);
#3461 = VERTEX_POINT('',#3462);
#3462 = CARTESIAN_POINT('',(0.16,-2.7,-3.));
#3463 = LINE('',#3464,#3465);
#3464 = CARTESIAN_POINT('',(0.16,-2.7,-3.));
#3465 = VECTOR('',#3466,1.);
#3466 = DIRECTION('',(-0.57735026919,0.57735026919,-0.57735026919));
#3467 = ORIENTED_EDGE('',*,*,#3468,.F.);
#3468 = EDGE_CURVE('',#3435,#3461,#3469,.T.);
#3469 = LINE('',#3470,#3471);
#3470 = CARTESIAN_POINT('',(-0.32,-2.7,-3.));
#3471 = VECTOR('',#3472,1.);
#3472 = DIRECTION('',(1.,0.,0.));
#3473 = PLANE('',#3474);
#3474 = AXIS2_PLACEMENT_3D('',#3475,#3476,#3477);
#3475 = CARTESIAN_POINT('',(-0.32,-2.78,-2.92));
#3476 = DIRECTION('',(1.735167508357E-18,-0.707106781187,-0.707106781187
    ));
#3477 = DIRECTION('',(-1.,-1.226948711654E-18,-1.226948711654E-18));
#3478 = ADVANCED_FACE('',(#3479),#3490,.F.);
#3479 = FACE_BOUND('',#3480,.F.);
#3480 = EDGE_LOOP('',(#3481,#3482,#3483,#3484));
#3481 = ORIENTED_EDGE('',*,*,#3460,.F.);
#3482 = ORIENTED_EDGE('',*,*,#2523,.T.);
#3483 = ORIENTED_EDGE('',*,*,#3412,.T.);
#3484 = ORIENTED_EDGE('',*,*,#3485,.F.);
#3485 = EDGE_CURVE('',#3461,#3413,#3486,.T.);
#3486 = LINE('',#3487,#3488);
#3487 = CARTESIAN_POINT('',(0.16,-2.86,-3.));
#3488 = VECTOR('',#3489,1.);
#3489 = DIRECTION('',(0.,1.,0.));
#3490 = PLANE('',#3491);
#3491 = AXIS2_PLACEMENT_3D('',#3492,#3493,#3494);
#3492 = CARTESIAN_POINT('',(0.24,-2.86,-2.92));
#3493 = DIRECTION('',(-0.707106781187,1.735167508357E-18,0.707106781187)
  );
#3494 = DIRECTION('',(1.226948711654E-18,1.,-1.226948711654E-18));
#3495 = ADVANCED_FACE('',(#3496),#3521,.F.);
#3496 = FACE_BOUND('',#3497,.T.);
#3497 = EDGE_LOOP('',(#3498,#3506,#3507,#3515));
#3498 = ORIENTED_EDGE('',*,*,#3499,.F.);
#3499 = EDGE_CURVE('',#2548,#3500,#3502,.T.);
#3500 = VERTEX_POINT('',#3501);
#3501 = CARTESIAN_POINT('',(-0.16,-4.92,-3.));
#3502 = LINE('',#3503,#3504);
#3503 = CARTESIAN_POINT('',(-0.16,-4.92,-3.));
#3504 = VECTOR('',#3505,1.);
#3505 = DIRECTION('',(0.57735026919,-0.57735026919,-0.57735026919));
#3506 = ORIENTED_EDGE('',*,*,#2547,.T.);
#3507 = ORIENTED_EDGE('',*,*,#3508,.T.);
#3508 = EDGE_CURVE('',#2540,#3509,#3511,.T.);
#3509 = VERTEX_POINT('',#3510);
#3510 = CARTESIAN_POINT('',(0.16,-4.92,-3.));
#3511 = LINE('',#3512,#3513);
#3512 = CARTESIAN_POINT('',(5.333333333333E-02,-5.026666666667,
    -3.106666666667));
#3513 = VECTOR('',#3514,1.);
#3514 = DIRECTION('',(-0.57735026919,-0.57735026919,-0.57735026919));
#3515 = ORIENTED_EDGE('',*,*,#3516,.F.);
#3516 = EDGE_CURVE('',#3500,#3509,#3517,.T.);
#3517 = LINE('',#3518,#3519);
#3518 = CARTESIAN_POINT('',(-0.32,-4.92,-3.));
#3519 = VECTOR('',#3520,1.);
#3520 = DIRECTION('',(1.,0.,0.));
#3521 = PLANE('',#3522);
#3522 = AXIS2_PLACEMENT_3D('',#3523,#3524,#3525);
#3523 = CARTESIAN_POINT('',(-0.32,-4.84,-2.92));
#3524 = DIRECTION('',(-1.735167508357E-18,-0.707106781187,0.707106781187
    ));
#3525 = DIRECTION('',(-1.,1.226948711654E-18,-1.226948711654E-18));
#3526 = ADVANCED_FACE('',(#3527),#3545,.T.);
#3527 = FACE_BOUND('',#3528,.T.);
#3528 = EDGE_LOOP('',(#3529,#3537,#3538,#3539));
#3529 = ORIENTED_EDGE('',*,*,#3530,.F.);
#3530 = EDGE_CURVE('',#2571,#3531,#3533,.T.);
#3531 = VERTEX_POINT('',#3532);
#3532 = CARTESIAN_POINT('',(-0.16,-5.24,-3.));
#3533 = LINE('',#3534,#3535);
#3534 = CARTESIAN_POINT('',(-0.266666666667,-5.346666666667,
    -2.893333333333));
#3535 = VECTOR('',#3536,1.);
#3536 = DIRECTION('',(0.57735026919,0.57735026919,-0.57735026919));
#3537 = ORIENTED_EDGE('',*,*,#2578,.T.);
#3538 = ORIENTED_EDGE('',*,*,#3499,.T.);
#3539 = ORIENTED_EDGE('',*,*,#3540,.F.);
#3540 = EDGE_CURVE('',#3531,#3500,#3541,.T.);
#3541 = LINE('',#3542,#3543);
#3542 = CARTESIAN_POINT('',(-0.16,-5.4,-3.));
#3543 = VECTOR('',#3544,1.);
#3544 = DIRECTION('',(0.,1.,0.));
#3545 = PLANE('',#3546);
#3546 = AXIS2_PLACEMENT_3D('',#3547,#3548,#3549);
#3547 = CARTESIAN_POINT('',(-0.24,-5.4,-2.92));
#3548 = DIRECTION('',(-0.707106781187,-1.735167508357E-18,
    -0.707106781187));
#3549 = DIRECTION('',(-1.226948711654E-18,1.,-1.226948711654E-18));
#3550 = ADVANCED_FACE('',(#3551),#3569,.T.);
#3551 = FACE_BOUND('',#3552,.F.);
#3552 = EDGE_LOOP('',(#3553,#3554,#3555,#3563));
#3553 = ORIENTED_EDGE('',*,*,#3530,.F.);
#3554 = ORIENTED_EDGE('',*,*,#2602,.T.);
#3555 = ORIENTED_EDGE('',*,*,#3556,.T.);
#3556 = EDGE_CURVE('',#2595,#3557,#3559,.T.);
#3557 = VERTEX_POINT('',#3558);
#3558 = CARTESIAN_POINT('',(0.16,-5.24,-3.));
#3559 = LINE('',#3560,#3561);
#3560 = CARTESIAN_POINT('',(0.16,-5.24,-3.));
#3561 = VECTOR('',#3562,1.);
#3562 = DIRECTION('',(-0.57735026919,0.57735026919,-0.57735026919));
#3563 = ORIENTED_EDGE('',*,*,#3564,.F.);
#3564 = EDGE_CURVE('',#3531,#3557,#3565,.T.);
#3565 = LINE('',#3566,#3567);
#3566 = CARTESIAN_POINT('',(-0.32,-5.24,-3.));
#3567 = VECTOR('',#3568,1.);
#3568 = DIRECTION('',(1.,0.,0.));
#3569 = PLANE('',#3570);
#3570 = AXIS2_PLACEMENT_3D('',#3571,#3572,#3573);
#3571 = CARTESIAN_POINT('',(-0.32,-5.32,-2.92));
#3572 = DIRECTION('',(1.735167508357E-18,-0.707106781187,-0.707106781187
    ));
#3573 = DIRECTION('',(-1.,-1.226948711654E-18,-1.226948711654E-18));
#3574 = ADVANCED_FACE('',(#3575),#3586,.F.);
#3575 = FACE_BOUND('',#3576,.F.);
#3576 = EDGE_LOOP('',(#3577,#3578,#3579,#3580));
#3577 = ORIENTED_EDGE('',*,*,#3556,.F.);
#3578 = ORIENTED_EDGE('',*,*,#2619,.T.);
#3579 = ORIENTED_EDGE('',*,*,#3508,.T.);
#3580 = ORIENTED_EDGE('',*,*,#3581,.F.);
#3581 = EDGE_CURVE('',#3557,#3509,#3582,.T.);
#3582 = LINE('',#3583,#3584);
#3583 = CARTESIAN_POINT('',(0.16,-5.4,-3.));
#3584 = VECTOR('',#3585,1.);
#3585 = DIRECTION('',(0.,1.,0.));
#3586 = PLANE('',#3587);
#3587 = AXIS2_PLACEMENT_3D('',#3588,#3589,#3590);
#3588 = CARTESIAN_POINT('',(0.24,-5.4,-2.92));
#3589 = DIRECTION('',(-0.707106781187,1.735167508357E-18,0.707106781187)
  );
#3590 = DIRECTION('',(1.226948711654E-18,1.,-1.226948711654E-18));
#3591 = ADVANCED_FACE('',(#3592),#3617,.F.);
#3592 = FACE_BOUND('',#3593,.T.);
#3593 = EDGE_LOOP('',(#3594,#3602,#3603,#3611));
#3594 = ORIENTED_EDGE('',*,*,#3595,.F.);
#3595 = EDGE_CURVE('',#2644,#3596,#3598,.T.);
#3596 = VERTEX_POINT('',#3597);
#3597 = CARTESIAN_POINT('',(-0.16,-10.,-3.));
#3598 = LINE('',#3599,#3600);
#3599 = CARTESIAN_POINT('',(-0.16,-10.,-3.));
#3600 = VECTOR('',#3601,1.);
#3601 = DIRECTION('',(0.57735026919,-0.57735026919,-0.57735026919));
#3602 = ORIENTED_EDGE('',*,*,#2643,.T.);
#3603 = ORIENTED_EDGE('',*,*,#3604,.T.);
#3604 = EDGE_CURVE('',#2636,#3605,#3607,.T.);
#3605 = VERTEX_POINT('',#3606);
#3606 = CARTESIAN_POINT('',(0.16,-10.,-3.));
#3607 = LINE('',#3608,#3609);
#3608 = CARTESIAN_POINT('',(5.333333333333E-02,-10.10666666666,
    -3.106666666667));
#3609 = VECTOR('',#3610,1.);
#3610 = DIRECTION('',(-0.57735026919,-0.57735026919,-0.57735026919));
#3611 = ORIENTED_EDGE('',*,*,#3612,.F.);
#3612 = EDGE_CURVE('',#3596,#3605,#3613,.T.);
#3613 = LINE('',#3614,#3615);
#3614 = CARTESIAN_POINT('',(-0.32,-10.,-3.));
#3615 = VECTOR('',#3616,1.);
#3616 = DIRECTION('',(1.,0.,0.));
#3617 = PLANE('',#3618);
#3618 = AXIS2_PLACEMENT_3D('',#3619,#3620,#3621);
#3619 = CARTESIAN_POINT('',(-0.32,-9.92,-2.92));
#3620 = DIRECTION('',(-1.735167508357E-18,-0.707106781187,0.707106781187
    ));
#3621 = DIRECTION('',(-1.,1.226948711654E-18,-1.226948711654E-18));
#3622 = ADVANCED_FACE('',(#3623),#3641,.T.);
#3623 = FACE_BOUND('',#3624,.T.);
#3624 = EDGE_LOOP('',(#3625,#3633,#3634,#3635));
#3625 = ORIENTED_EDGE('',*,*,#3626,.F.);
#3626 = EDGE_CURVE('',#2667,#3627,#3629,.T.);
#3627 = VERTEX_POINT('',#3628);
#3628 = CARTESIAN_POINT('',(-0.16,-10.32,-3.));
#3629 = LINE('',#3630,#3631);
#3630 = CARTESIAN_POINT('',(-0.266666666667,-10.42666666666,
    -2.893333333333));
#3631 = VECTOR('',#3632,1.);
#3632 = DIRECTION('',(0.57735026919,0.57735026919,-0.57735026919));
#3633 = ORIENTED_EDGE('',*,*,#2674,.T.);
#3634 = ORIENTED_EDGE('',*,*,#3595,.T.);
#3635 = ORIENTED_EDGE('',*,*,#3636,.F.);
#3636 = EDGE_CURVE('',#3627,#3596,#3637,.T.);
#3637 = LINE('',#3638,#3639);
#3638 = CARTESIAN_POINT('',(-0.16,-10.48,-3.));
#3639 = VECTOR('',#3640,1.);
#3640 = DIRECTION('',(0.,1.,0.));
#3641 = PLANE('',#3642);
#3642 = AXIS2_PLACEMENT_3D('',#3643,#3644,#3645);
#3643 = CARTESIAN_POINT('',(-0.24,-10.48,-2.92));
#3644 = DIRECTION('',(-0.707106781187,-1.735167508357E-18,
    -0.707106781187));
#3645 = DIRECTION('',(-1.226948711654E-18,1.,-1.226948711654E-18));
#3646 = ADVANCED_FACE('',(#3647),#3665,.T.);
#3647 = FACE_BOUND('',#3648,.F.);
#3648 = EDGE_LOOP('',(#3649,#3650,#3651,#3659));
#3649 = ORIENTED_EDGE('',*,*,#3626,.F.);
#3650 = ORIENTED_EDGE('',*,*,#2698,.T.);
#3651 = ORIENTED_EDGE('',*,*,#3652,.T.);
#3652 = EDGE_CURVE('',#2691,#3653,#3655,.T.);
#3653 = VERTEX_POINT('',#3654);
#3654 = CARTESIAN_POINT('',(0.16,-10.32,-3.));
#3655 = LINE('',#3656,#3657);
#3656 = CARTESIAN_POINT('',(0.16,-10.32,-3.));
#3657 = VECTOR('',#3658,1.);
#3658 = DIRECTION('',(-0.57735026919,0.57735026919,-0.57735026919));
#3659 = ORIENTED_EDGE('',*,*,#3660,.F.);
#3660 = EDGE_CURVE('',#3627,#3653,#3661,.T.);
#3661 = LINE('',#3662,#3663);
#3662 = CARTESIAN_POINT('',(-0.32,-10.32,-3.));
#3663 = VECTOR('',#3664,1.);
#3664 = DIRECTION('',(1.,0.,0.));
#3665 = PLANE('',#3666);
#3666 = AXIS2_PLACEMENT_3D('',#3667,#3668,#3669);
#3667 = CARTESIAN_POINT('',(-0.32,-10.4,-2.92));
#3668 = DIRECTION('',(1.735167508357E-18,-0.707106781187,-0.707106781187
    ));
#3669 = DIRECTION('',(-1.,-1.226948711654E-18,-1.226948711654E-18));
#3670 = ADVANCED_FACE('',(#3671),#3682,.F.);
#3671 = FACE_BOUND('',#3672,.F.);
#3672 = EDGE_LOOP('',(#3673,#3674,#3675,#3676));
#3673 = ORIENTED_EDGE('',*,*,#3652,.F.);
#3674 = ORIENTED_EDGE('',*,*,#2715,.T.);
#3675 = ORIENTED_EDGE('',*,*,#3604,.T.);
#3676 = ORIENTED_EDGE('',*,*,#3677,.F.);
#3677 = EDGE_CURVE('',#3653,#3605,#3678,.T.);
#3678 = LINE('',#3679,#3680);
#3679 = CARTESIAN_POINT('',(0.16,-10.48,-3.));
#3680 = VECTOR('',#3681,1.);
#3681 = DIRECTION('',(0.,1.,0.));
#3682 = PLANE('',#3683);
#3683 = AXIS2_PLACEMENT_3D('',#3684,#3685,#3686);
#3684 = CARTESIAN_POINT('',(0.24,-10.48,-2.92));
#3685 = DIRECTION('',(-0.707106781187,1.735167508357E-18,0.707106781187)
  );
#3686 = DIRECTION('',(1.226948711654E-18,1.,-1.226948711654E-18));
#3687 = ADVANCED_FACE('',(#3688),#3713,.T.);
#3688 = FACE_BOUND('',#3689,.F.);
#3689 = EDGE_LOOP('',(#3690,#3698,#3699,#3707));
#3690 = ORIENTED_EDGE('',*,*,#3691,.F.);
#3691 = EDGE_CURVE('',#2740,#3692,#3694,.T.);
#3692 = VERTEX_POINT('',#3693);
#3693 = CARTESIAN_POINT('',(-0.16,-7.78,-3.));
#3694 = LINE('',#3695,#3696);
#3695 = CARTESIAN_POINT('',(-0.266666666667,-7.886666666667,
    -2.893333333333));
#3696 = VECTOR('',#3697,1.);
#3697 = DIRECTION('',(0.57735026919,0.57735026919,-0.57735026919));
#3698 = ORIENTED_EDGE('',*,*,#2739,.T.);
#3699 = ORIENTED_EDGE('',*,*,#3700,.T.);
#3700 = EDGE_CURVE('',#2732,#3701,#3703,.T.);
#3701 = VERTEX_POINT('',#3702);
#3702 = CARTESIAN_POINT('',(0.16,-7.78,-3.));
#3703 = LINE('',#3704,#3705);
#3704 = CARTESIAN_POINT('',(0.16,-7.78,-3.));
#3705 = VECTOR('',#3706,1.);
#3706 = DIRECTION('',(-0.57735026919,0.57735026919,-0.57735026919));
#3707 = ORIENTED_EDGE('',*,*,#3708,.F.);
#3708 = EDGE_CURVE('',#3692,#3701,#3709,.T.);
#3709 = LINE('',#3710,#3711);
#3710 = CARTESIAN_POINT('',(-0.32,-7.78,-3.));
#3711 = VECTOR('',#3712,1.);
#3712 = DIRECTION('',(1.,0.,0.));
#3713 = PLANE('',#3714);
#3714 = AXIS2_PLACEMENT_3D('',#3715,#3716,#3717);
#3715 = CARTESIAN_POINT('',(-0.32,-7.86,-2.92));
#3716 = DIRECTION('',(1.735167508357E-18,-0.707106781187,-0.707106781187
    ));
#3717 = DIRECTION('',(-1.,-1.226948711654E-18,-1.226948711654E-18));
#3718 = ADVANCED_FACE('',(#3719),#3737,.F.);
#3719 = FACE_BOUND('',#3720,.F.);
#3720 = EDGE_LOOP('',(#3721,#3722,#3723,#3731));
#3721 = ORIENTED_EDGE('',*,*,#3700,.F.);
#3722 = ORIENTED_EDGE('',*,*,#2763,.T.);
#3723 = ORIENTED_EDGE('',*,*,#3724,.T.);
#3724 = EDGE_CURVE('',#2764,#3725,#3727,.T.);
#3725 = VERTEX_POINT('',#3726);
#3726 = CARTESIAN_POINT('',(0.16,-7.46,-3.));
#3727 = LINE('',#3728,#3729);
#3728 = CARTESIAN_POINT('',(5.333333333333E-02,-7.566666666667,
    -3.106666666667));
#3729 = VECTOR('',#3730,1.);
#3730 = DIRECTION('',(-0.57735026919,-0.57735026919,-0.57735026919));
#3731 = ORIENTED_EDGE('',*,*,#3732,.F.);
#3732 = EDGE_CURVE('',#3701,#3725,#3733,.T.);
#3733 = LINE('',#3734,#3735);
#3734 = CARTESIAN_POINT('',(0.16,-7.94,-3.));
#3735 = VECTOR('',#3736,1.);
#3736 = DIRECTION('',(0.,1.,0.));
#3737 = PLANE('',#3738);
#3738 = AXIS2_PLACEMENT_3D('',#3739,#3740,#3741);
#3739 = CARTESIAN_POINT('',(0.24,-7.94,-2.92));
#3740 = DIRECTION('',(-0.707106781187,1.735167508357E-18,0.707106781187)
  );
#3741 = DIRECTION('',(1.226948711654E-18,1.,-1.226948711654E-18));
#3742 = ADVANCED_FACE('',(#3743),#3761,.F.);
#3743 = FACE_BOUND('',#3744,.T.);
#3744 = EDGE_LOOP('',(#3745,#3753,#3754,#3755));
#3745 = ORIENTED_EDGE('',*,*,#3746,.F.);
#3746 = EDGE_CURVE('',#2788,#3747,#3749,.T.);
#3747 = VERTEX_POINT('',#3748);
#3748 = CARTESIAN_POINT('',(-0.16,-7.46,-3.));
#3749 = LINE('',#3750,#3751);
#3750 = CARTESIAN_POINT('',(-0.16,-7.46,-3.));
#3751 = VECTOR('',#3752,1.);
#3752 = DIRECTION('',(0.57735026919,-0.57735026919,-0.57735026919));
#3753 = ORIENTED_EDGE('',*,*,#2787,.T.);
#3754 = ORIENTED_EDGE('',*,*,#3724,.T.);
#3755 = ORIENTED_EDGE('',*,*,#3756,.F.);
#3756 = EDGE_CURVE('',#3747,#3725,#3757,.T.);
#3757 = LINE('',#3758,#3759);
#3758 = CARTESIAN_POINT('',(-0.32,-7.46,-3.));
#3759 = VECTOR('',#3760,1.);
#3760 = DIRECTION('',(1.,0.,0.));
#3761 = PLANE('',#3762);
#3762 = AXIS2_PLACEMENT_3D('',#3763,#3764,#3765);
#3763 = CARTESIAN_POINT('',(-0.32,-7.38,-2.92));
#3764 = DIRECTION('',(-1.735167508357E-18,-0.707106781187,0.707106781187
    ));
#3765 = DIRECTION('',(-1.,1.226948711654E-18,-1.226948711654E-18));
#3766 = ADVANCED_FACE('',(#3767),#3778,.T.);
#3767 = FACE_BOUND('',#3768,.T.);
#3768 = EDGE_LOOP('',(#3769,#3770,#3771,#3772));
#3769 = ORIENTED_EDGE('',*,*,#3691,.F.);
#3770 = ORIENTED_EDGE('',*,*,#2811,.T.);
#3771 = ORIENTED_EDGE('',*,*,#3746,.T.);
#3772 = ORIENTED_EDGE('',*,*,#3773,.F.);
#3773 = EDGE_CURVE('',#3692,#3747,#3774,.T.);
#3774 = LINE('',#3775,#3776);
#3775 = CARTESIAN_POINT('',(-0.16,-7.94,-3.));
#3776 = VECTOR('',#3777,1.);
#3777 = DIRECTION('',(0.,1.,0.));
#3778 = PLANE('',#3779);
#3779 = AXIS2_PLACEMENT_3D('',#3780,#3781,#3782);
#3780 = CARTESIAN_POINT('',(-0.24,-7.94,-2.92));
#3781 = DIRECTION('',(-0.707106781187,-1.735167508357E-18,
    -0.707106781187));
#3782 = DIRECTION('',(-1.226948711654E-18,1.,-1.226948711654E-18));
#3783 = ADVANCED_FACE('',(#3784),#3809,.T.);
#3784 = FACE_BOUND('',#3785,.T.);
#3785 = EDGE_LOOP('',(#3786,#3794,#3795,#3803));
#3786 = ORIENTED_EDGE('',*,*,#3787,.F.);
#3787 = EDGE_CURVE('',#2828,#3788,#3790,.T.);
#3788 = VERTEX_POINT('',#3789);
#3789 = CARTESIAN_POINT('',(0.16,-0.16,8.54));
#3790 = LINE('',#3791,#3792);
#3791 = CARTESIAN_POINT('',(0.16,-0.16,8.54));
#3792 = VECTOR('',#3793,1.);
#3793 = DIRECTION('',(-0.57735026919,0.57735026919,0.57735026919));
#3794 = ORIENTED_EDGE('',*,*,#2844,.T.);
#3795 = ORIENTED_EDGE('',*,*,#3796,.T.);
#3796 = EDGE_CURVE('',#2837,#3797,#3799,.T.);
#3797 = VERTEX_POINT('',#3798);
#3798 = CARTESIAN_POINT('',(0.16,0.16,8.54));
#3799 = LINE('',#3800,#3801);
#3800 = CARTESIAN_POINT('',(5.333333333333E-02,5.333333333333E-02,
    8.646666666667));
#3801 = VECTOR('',#3802,1.);
#3802 = DIRECTION('',(-0.57735026919,-0.57735026919,0.57735026919));
#3803 = ORIENTED_EDGE('',*,*,#3804,.F.);
#3804 = EDGE_CURVE('',#3788,#3797,#3805,.T.);
#3805 = LINE('',#3806,#3807);
#3806 = CARTESIAN_POINT('',(0.16,-0.32,8.54));
#3807 = VECTOR('',#3808,1.);
#3808 = DIRECTION('',(0.,1.,0.));
#3809 = PLANE('',#3810);
#3810 = AXIS2_PLACEMENT_3D('',#3811,#3812,#3813);
#3811 = CARTESIAN_POINT('',(0.24,-0.32,8.46));
#3812 = DIRECTION('',(0.707106781187,-1.735167508357E-18,0.707106781187)
  );
#3813 = DIRECTION('',(1.226948711654E-18,1.,1.226948711654E-18));
#3814 = ADVANCED_FACE('',(#3815),#3833,.T.);
#3815 = FACE_BOUND('',#3816,.F.);
#3816 = EDGE_LOOP('',(#3817,#3825,#3826,#3827));
#3817 = ORIENTED_EDGE('',*,*,#3818,.F.);
#3818 = EDGE_CURVE('',#2861,#3819,#3821,.T.);
#3819 = VERTEX_POINT('',#3820);
#3820 = CARTESIAN_POINT('',(-0.16,0.16,8.54));
#3821 = LINE('',#3822,#3823);
#3822 = CARTESIAN_POINT('',(-0.16,0.16,8.54));
#3823 = VECTOR('',#3824,1.);
#3824 = DIRECTION('',(0.57735026919,-0.57735026919,0.57735026919));
#3825 = ORIENTED_EDGE('',*,*,#2868,.T.);
#3826 = ORIENTED_EDGE('',*,*,#3796,.T.);
#3827 = ORIENTED_EDGE('',*,*,#3828,.F.);
#3828 = EDGE_CURVE('',#3819,#3797,#3829,.T.);
#3829 = LINE('',#3830,#3831);
#3830 = CARTESIAN_POINT('',(-0.32,0.16,8.54));
#3831 = VECTOR('',#3832,1.);
#3832 = DIRECTION('',(1.,0.,0.));
#3833 = PLANE('',#3834);
#3834 = AXIS2_PLACEMENT_3D('',#3835,#3836,#3837);
#3835 = CARTESIAN_POINT('',(-0.32,0.24,8.46));
#3836 = DIRECTION('',(1.735167508357E-18,0.707106781187,0.707106781187)
  );
#3837 = DIRECTION('',(-1.,1.226948711654E-18,1.226948711654E-18));
#3838 = ADVANCED_FACE('',(#3839),#3857,.F.);
#3839 = FACE_BOUND('',#3840,.F.);
#3840 = EDGE_LOOP('',(#3841,#3849,#3850,#3851));
#3841 = ORIENTED_EDGE('',*,*,#3842,.F.);
#3842 = EDGE_CURVE('',#2883,#3843,#3845,.T.);
#3843 = VERTEX_POINT('',#3844);
#3844 = CARTESIAN_POINT('',(-0.16,-0.16,8.54));
#3845 = LINE('',#3846,#3847);
#3846 = CARTESIAN_POINT('',(-0.266666666667,-0.266666666667,
    8.433333333333));
#3847 = VECTOR('',#3848,1.);
#3848 = DIRECTION('',(0.57735026919,0.57735026919,0.57735026919));
#3849 = ORIENTED_EDGE('',*,*,#2892,.T.);
#3850 = ORIENTED_EDGE('',*,*,#3818,.T.);
#3851 = ORIENTED_EDGE('',*,*,#3852,.F.);
#3852 = EDGE_CURVE('',#3843,#3819,#3853,.T.);
#3853 = LINE('',#3854,#3855);
#3854 = CARTESIAN_POINT('',(-0.16,-0.32,8.54));
#3855 = VECTOR('',#3856,1.);
#3856 = DIRECTION('',(0.,1.,0.));
#3857 = PLANE('',#3858);
#3858 = AXIS2_PLACEMENT_3D('',#3859,#3860,#3861);
#3859 = CARTESIAN_POINT('',(-0.24,-0.32,8.46));
#3860 = DIRECTION('',(0.707106781187,1.735167508357E-18,-0.707106781187)
  );
#3861 = DIRECTION('',(-1.226948711654E-18,1.,1.226948711654E-18));
#3862 = ADVANCED_FACE('',(#3863),#3874,.F.);
#3863 = FACE_BOUND('',#3864,.T.);
#3864 = EDGE_LOOP('',(#3865,#3866,#3867,#3868));
#3865 = ORIENTED_EDGE('',*,*,#3842,.F.);
#3866 = ORIENTED_EDGE('',*,*,#2909,.T.);
#3867 = ORIENTED_EDGE('',*,*,#3787,.T.);
#3868 = ORIENTED_EDGE('',*,*,#3869,.F.);
#3869 = EDGE_CURVE('',#3843,#3788,#3870,.T.);
#3870 = LINE('',#3871,#3872);
#3871 = CARTESIAN_POINT('',(-0.32,-0.16,8.54));
#3872 = VECTOR('',#3873,1.);
#3873 = DIRECTION('',(1.,0.,0.));
#3874 = PLANE('',#3875);
#3875 = AXIS2_PLACEMENT_3D('',#3876,#3877,#3878);
#3876 = CARTESIAN_POINT('',(-0.32,-0.24,8.46));
#3877 = DIRECTION('',(-1.735167508357E-18,0.707106781187,-0.707106781187
    ));
#3878 = DIRECTION('',(-1.,-1.226948711654E-18,1.226948711654E-18));
#3879 = ADVANCED_FACE('',(#3880),#3905,.T.);
#3880 = FACE_BOUND('',#3881,.F.);
#3881 = EDGE_LOOP('',(#3882,#3890,#3891,#3899));
#3882 = ORIENTED_EDGE('',*,*,#3883,.F.);
#3883 = EDGE_CURVE('',#2933,#3884,#3886,.T.);
#3884 = VERTEX_POINT('',#3885);
#3885 = CARTESIAN_POINT('',(-0.16,-2.38,8.54));
#3886 = LINE('',#3887,#3888);
#3887 = CARTESIAN_POINT('',(-0.16,-2.38,8.54));
#3888 = VECTOR('',#3889,1.);
#3889 = DIRECTION('',(0.57735026919,-0.57735026919,0.57735026919));
#3890 = ORIENTED_EDGE('',*,*,#2940,.T.);
#3891 = ORIENTED_EDGE('',*,*,#3892,.T.);
#3892 = EDGE_CURVE('',#2924,#3893,#3895,.T.);
#3893 = VERTEX_POINT('',#3894);
#3894 = CARTESIAN_POINT('',(0.16,-2.38,8.54));
#3895 = LINE('',#3896,#3897);
#3896 = CARTESIAN_POINT('',(5.333333333333E-02,-2.486666666667,
    8.646666666667));
#3897 = VECTOR('',#3898,1.);
#3898 = DIRECTION('',(-0.57735026919,-0.57735026919,0.57735026919));
#3899 = ORIENTED_EDGE('',*,*,#3900,.F.);
#3900 = EDGE_CURVE('',#3884,#3893,#3901,.T.);
#3901 = LINE('',#3902,#3903);
#3902 = CARTESIAN_POINT('',(-0.32,-2.38,8.54));
#3903 = VECTOR('',#3904,1.);
#3904 = DIRECTION('',(1.,0.,0.));
#3905 = PLANE('',#3906);
#3906 = AXIS2_PLACEMENT_3D('',#3907,#3908,#3909);
#3907 = CARTESIAN_POINT('',(-0.32,-2.3,8.46));
#3908 = DIRECTION('',(1.735167508357E-18,0.707106781187,0.707106781187)
  );
#3909 = DIRECTION('',(-1.,1.226948711654E-18,1.226948711654E-18));
#3910 = ADVANCED_FACE('',(#3911),#3929,.F.);
#3911 = FACE_BOUND('',#3912,.F.);
#3912 = EDGE_LOOP('',(#3913,#3921,#3922,#3923));
#3913 = ORIENTED_EDGE('',*,*,#3914,.F.);
#3914 = EDGE_CURVE('',#2955,#3915,#3917,.T.);
#3915 = VERTEX_POINT('',#3916);
#3916 = CARTESIAN_POINT('',(-0.16,-2.7,8.54));
#3917 = LINE('',#3918,#3919);
#3918 = CARTESIAN_POINT('',(-0.266666666667,-2.806666666667,
    8.433333333333));
#3919 = VECTOR('',#3920,1.);
#3920 = DIRECTION('',(0.57735026919,0.57735026919,0.57735026919));
#3921 = ORIENTED_EDGE('',*,*,#2964,.T.);
#3922 = ORIENTED_EDGE('',*,*,#3883,.T.);
#3923 = ORIENTED_EDGE('',*,*,#3924,.F.);
#3924 = EDGE_CURVE('',#3915,#3884,#3925,.T.);
#3925 = LINE('',#3926,#3927);
#3926 = CARTESIAN_POINT('',(-0.16,-2.86,8.54));
#3927 = VECTOR('',#3928,1.);
#3928 = DIRECTION('',(0.,1.,0.));
#3929 = PLANE('',#3930);
#3930 = AXIS2_PLACEMENT_3D('',#3931,#3932,#3933);
#3931 = CARTESIAN_POINT('',(-0.24,-2.86,8.46));
#3932 = DIRECTION('',(0.707106781187,1.735167508357E-18,-0.707106781187)
  );
#3933 = DIRECTION('',(-1.226948711654E-18,1.,1.226948711654E-18));
#3934 = ADVANCED_FACE('',(#3935),#3953,.F.);
#3935 = FACE_BOUND('',#3936,.T.);
#3936 = EDGE_LOOP('',(#3937,#3938,#3939,#3947));
#3937 = ORIENTED_EDGE('',*,*,#3914,.F.);
#3938 = ORIENTED_EDGE('',*,*,#2988,.T.);
#3939 = ORIENTED_EDGE('',*,*,#3940,.T.);
#3940 = EDGE_CURVE('',#2979,#3941,#3943,.T.);
#3941 = VERTEX_POINT('',#3942);
#3942 = CARTESIAN_POINT('',(0.16,-2.7,8.54));
#3943 = LINE('',#3944,#3945);
#3944 = CARTESIAN_POINT('',(0.16,-2.7,8.54));
#3945 = VECTOR('',#3946,1.);
#3946 = DIRECTION('',(-0.57735026919,0.57735026919,0.57735026919));
#3947 = ORIENTED_EDGE('',*,*,#3948,.F.);
#3948 = EDGE_CURVE('',#3915,#3941,#3949,.T.);
#3949 = LINE('',#3950,#3951);
#3950 = CARTESIAN_POINT('',(-0.32,-2.7,8.54));
#3951 = VECTOR('',#3952,1.);
#3952 = DIRECTION('',(1.,0.,0.));
#3953 = PLANE('',#3954);
#3954 = AXIS2_PLACEMENT_3D('',#3955,#3956,#3957);
#3955 = CARTESIAN_POINT('',(-0.32,-2.78,8.46));
#3956 = DIRECTION('',(-1.735167508357E-18,0.707106781187,-0.707106781187
    ));
#3957 = DIRECTION('',(-1.,-1.226948711654E-18,1.226948711654E-18));
#3958 = ADVANCED_FACE('',(#3959),#3970,.T.);
#3959 = FACE_BOUND('',#3960,.T.);
#3960 = EDGE_LOOP('',(#3961,#3962,#3963,#3964));
#3961 = ORIENTED_EDGE('',*,*,#3940,.F.);
#3962 = ORIENTED_EDGE('',*,*,#3005,.T.);
#3963 = ORIENTED_EDGE('',*,*,#3892,.T.);
#3964 = ORIENTED_EDGE('',*,*,#3965,.F.);
#3965 = EDGE_CURVE('',#3941,#3893,#3966,.T.);
#3966 = LINE('',#3967,#3968);
#3967 = CARTESIAN_POINT('',(0.16,-2.86,8.54));
#3968 = VECTOR('',#3969,1.);
#3969 = DIRECTION('',(0.,1.,0.));
#3970 = PLANE('',#3971);
#3971 = AXIS2_PLACEMENT_3D('',#3972,#3973,#3974);
#3972 = CARTESIAN_POINT('',(0.24,-2.86,8.46));
#3973 = DIRECTION('',(0.707106781187,-1.735167508357E-18,0.707106781187)
  );
#3974 = DIRECTION('',(1.226948711654E-18,1.,1.226948711654E-18));
#3975 = ADVANCED_FACE('',(#3976),#4001,.T.);
#3976 = FACE_BOUND('',#3977,.F.);
#3977 = EDGE_LOOP('',(#3978,#3986,#3987,#3995));
#3978 = ORIENTED_EDGE('',*,*,#3979,.F.);
#3979 = EDGE_CURVE('',#3029,#3980,#3982,.T.);
#3980 = VERTEX_POINT('',#3981);
#3981 = CARTESIAN_POINT('',(-0.16,-4.92,8.54));
#3982 = LINE('',#3983,#3984);
#3983 = CARTESIAN_POINT('',(-0.16,-4.92,8.54));
#3984 = VECTOR('',#3985,1.);
#3985 = DIRECTION('',(0.57735026919,-0.57735026919,0.57735026919));
#3986 = ORIENTED_EDGE('',*,*,#3036,.T.);
#3987 = ORIENTED_EDGE('',*,*,#3988,.T.);
#3988 = EDGE_CURVE('',#3020,#3989,#3991,.T.);
#3989 = VERTEX_POINT('',#3990);
#3990 = CARTESIAN_POINT('',(0.16,-4.92,8.54));
#3991 = LINE('',#3992,#3993);
#3992 = CARTESIAN_POINT('',(5.333333333333E-02,-5.026666666667,
    8.646666666667));
#3993 = VECTOR('',#3994,1.);
#3994 = DIRECTION('',(-0.57735026919,-0.57735026919,0.57735026919));
#3995 = ORIENTED_EDGE('',*,*,#3996,.F.);
#3996 = EDGE_CURVE('',#3980,#3989,#3997,.T.);
#3997 = LINE('',#3998,#3999);
#3998 = CARTESIAN_POINT('',(-0.32,-4.92,8.54));
#3999 = VECTOR('',#4000,1.);
#4000 = DIRECTION('',(1.,0.,0.));
#4001 = PLANE('',#4002);
#4002 = AXIS2_PLACEMENT_3D('',#4003,#4004,#4005);
#4003 = CARTESIAN_POINT('',(-0.32,-4.84,8.46));
#4004 = DIRECTION('',(1.735167508357E-18,0.707106781187,0.707106781187)
  );
#4005 = DIRECTION('',(-1.,1.226948711654E-18,1.226948711654E-18));
#4006 = ADVANCED_FACE('',(#4007),#4025,.F.);
#4007 = FACE_BOUND('',#4008,.F.);
#4008 = EDGE_LOOP('',(#4009,#4017,#4018,#4019));
#4009 = ORIENTED_EDGE('',*,*,#4010,.F.);
#4010 = EDGE_CURVE('',#3051,#4011,#4013,.T.);
#4011 = VERTEX_POINT('',#4012);
#4012 = CARTESIAN_POINT('',(-0.16,-5.24,8.54));
#4013 = LINE('',#4014,#4015);
#4014 = CARTESIAN_POINT('',(-0.266666666667,-5.346666666667,
    8.433333333333));
#4015 = VECTOR('',#4016,1.);
#4016 = DIRECTION('',(0.57735026919,0.57735026919,0.57735026919));
#4017 = ORIENTED_EDGE('',*,*,#3060,.T.);
#4018 = ORIENTED_EDGE('',*,*,#3979,.T.);
#4019 = ORIENTED_EDGE('',*,*,#4020,.F.);
#4020 = EDGE_CURVE('',#4011,#3980,#4021,.T.);
#4021 = LINE('',#4022,#4023);
#4022 = CARTESIAN_POINT('',(-0.16,-5.4,8.54));
#4023 = VECTOR('',#4024,1.);
#4024 = DIRECTION('',(0.,1.,0.));
#4025 = PLANE('',#4026);
#4026 = AXIS2_PLACEMENT_3D('',#4027,#4028,#4029);
#4027 = CARTESIAN_POINT('',(-0.24,-5.4,8.46));
#4028 = DIRECTION('',(0.707106781187,1.735167508357E-18,-0.707106781187)
  );
#4029 = DIRECTION('',(-1.226948711654E-18,1.,1.226948711654E-18));
#4030 = ADVANCED_FACE('',(#4031),#4049,.F.);
#4031 = FACE_BOUND('',#4032,.T.);
#4032 = EDGE_LOOP('',(#4033,#4034,#4035,#4043));
#4033 = ORIENTED_EDGE('',*,*,#4010,.F.);
#4034 = ORIENTED_EDGE('',*,*,#3084,.T.);
#4035 = ORIENTED_EDGE('',*,*,#4036,.T.);
#4036 = EDGE_CURVE('',#3075,#4037,#4039,.T.);
#4037 = VERTEX_POINT('',#4038);
#4038 = CARTESIAN_POINT('',(0.16,-5.24,8.54));
#4039 = LINE('',#4040,#4041);
#4040 = CARTESIAN_POINT('',(0.16,-5.24,8.54));
#4041 = VECTOR('',#4042,1.);
#4042 = DIRECTION('',(-0.57735026919,0.57735026919,0.57735026919));
#4043 = ORIENTED_EDGE('',*,*,#4044,.F.);
#4044 = EDGE_CURVE('',#4011,#4037,#4045,.T.);
#4045 = LINE('',#4046,#4047);
#4046 = CARTESIAN_POINT('',(-0.32,-5.24,8.54));
#4047 = VECTOR('',#4048,1.);
#4048 = DIRECTION('',(1.,0.,0.));
#4049 = PLANE('',#4050);
#4050 = AXIS2_PLACEMENT_3D('',#4051,#4052,#4053);
#4051 = CARTESIAN_POINT('',(-0.32,-5.32,8.46));
#4052 = DIRECTION('',(-1.735167508357E-18,0.707106781187,-0.707106781187
    ));
#4053 = DIRECTION('',(-1.,-1.226948711654E-18,1.226948711654E-18));
#4054 = ADVANCED_FACE('',(#4055),#4066,.T.);
#4055 = FACE_BOUND('',#4056,.T.);
#4056 = EDGE_LOOP('',(#4057,#4058,#4059,#4060));
#4057 = ORIENTED_EDGE('',*,*,#4036,.F.);
#4058 = ORIENTED_EDGE('',*,*,#3101,.T.);
#4059 = ORIENTED_EDGE('',*,*,#3988,.T.);
#4060 = ORIENTED_EDGE('',*,*,#4061,.F.);
#4061 = EDGE_CURVE('',#4037,#3989,#4062,.T.);
#4062 = LINE('',#4063,#4064);
#4063 = CARTESIAN_POINT('',(0.16,-5.4,8.54));
#4064 = VECTOR('',#4065,1.);
#4065 = DIRECTION('',(0.,1.,0.));
#4066 = PLANE('',#4067);
#4067 = AXIS2_PLACEMENT_3D('',#4068,#4069,#4070);
#4068 = CARTESIAN_POINT('',(0.24,-5.4,8.46));
#4069 = DIRECTION('',(0.707106781187,-1.735167508357E-18,0.707106781187)
  );
#4070 = DIRECTION('',(1.226948711654E-18,1.,1.226948711654E-18));
#4071 = ADVANCED_FACE('',(#4072),#4097,.T.);
#4072 = FACE_BOUND('',#4073,.F.);
#4073 = EDGE_LOOP('',(#4074,#4082,#4083,#4091));
#4074 = ORIENTED_EDGE('',*,*,#4075,.F.);
#4075 = EDGE_CURVE('',#3125,#4076,#4078,.T.);
#4076 = VERTEX_POINT('',#4077);
#4077 = CARTESIAN_POINT('',(-0.16,-10.,8.54));
#4078 = LINE('',#4079,#4080);
#4079 = CARTESIAN_POINT('',(-0.16,-10.,8.54));
#4080 = VECTOR('',#4081,1.);
#4081 = DIRECTION('',(0.57735026919,-0.57735026919,0.57735026919));
#4082 = ORIENTED_EDGE('',*,*,#3132,.T.);
#4083 = ORIENTED_EDGE('',*,*,#4084,.T.);
#4084 = EDGE_CURVE('',#3116,#4085,#4087,.T.);
#4085 = VERTEX_POINT('',#4086);
#4086 = CARTESIAN_POINT('',(0.16,-10.,8.54));
#4087 = LINE('',#4088,#4089);
#4088 = CARTESIAN_POINT('',(5.333333333333E-02,-10.10666666666,
    8.646666666667));
#4089 = VECTOR('',#4090,1.);
#4090 = DIRECTION('',(-0.57735026919,-0.57735026919,0.57735026919));
#4091 = ORIENTED_EDGE('',*,*,#4092,.F.);
#4092 = EDGE_CURVE('',#4076,#4085,#4093,.T.);
#4093 = LINE('',#4094,#4095);
#4094 = CARTESIAN_POINT('',(-0.32,-10.,8.54));
#4095 = VECTOR('',#4096,1.);
#4096 = DIRECTION('',(1.,0.,0.));
#4097 = PLANE('',#4098);
#4098 = AXIS2_PLACEMENT_3D('',#4099,#4100,#4101);
#4099 = CARTESIAN_POINT('',(-0.32,-9.92,8.46));
#4100 = DIRECTION('',(1.735167508357E-18,0.707106781187,0.707106781187)
  );
#4101 = DIRECTION('',(-1.,1.226948711654E-18,1.226948711654E-18));
#4102 = ADVANCED_FACE('',(#4103),#4121,.F.);
#4103 = FACE_BOUND('',#4104,.F.);
#4104 = EDGE_LOOP('',(#4105,#4113,#4114,#4115));
#4105 = ORIENTED_EDGE('',*,*,#4106,.F.);
#4106 = EDGE_CURVE('',#3147,#4107,#4109,.T.);
#4107 = VERTEX_POINT('',#4108);
#4108 = CARTESIAN_POINT('',(-0.16,-10.32,8.54));
#4109 = LINE('',#4110,#4111);
#4110 = CARTESIAN_POINT('',(-0.266666666667,-10.42666666666,
    8.433333333333));
#4111 = VECTOR('',#4112,1.);
#4112 = DIRECTION('',(0.57735026919,0.57735026919,0.57735026919));
#4113 = ORIENTED_EDGE('',*,*,#3156,.T.);
#4114 = ORIENTED_EDGE('',*,*,#4075,.T.);
#4115 = ORIENTED_EDGE('',*,*,#4116,.F.);
#4116 = EDGE_CURVE('',#4107,#4076,#4117,.T.);
#4117 = LINE('',#4118,#4119);
#4118 = CARTESIAN_POINT('',(-0.16,-10.48,8.54));
#4119 = VECTOR('',#4120,1.);
#4120 = DIRECTION('',(0.,1.,0.));
#4121 = PLANE('',#4122);
#4122 = AXIS2_PLACEMENT_3D('',#4123,#4124,#4125);
#4123 = CARTESIAN_POINT('',(-0.24,-10.48,8.46));
#4124 = DIRECTION('',(0.707106781187,1.735167508357E-18,-0.707106781187)
  );
#4125 = DIRECTION('',(-1.226948711654E-18,1.,1.226948711654E-18));
#4126 = ADVANCED_FACE('',(#4127),#4145,.F.);
#4127 = FACE_BOUND('',#4128,.T.);
#4128 = EDGE_LOOP('',(#4129,#4130,#4131,#4139));
#4129 = ORIENTED_EDGE('',*,*,#4106,.F.);
#4130 = ORIENTED_EDGE('',*,*,#3180,.T.);
#4131 = ORIENTED_EDGE('',*,*,#4132,.T.);
#4132 = EDGE_CURVE('',#3171,#4133,#4135,.T.);
#4133 = VERTEX_POINT('',#4134);
#4134 = CARTESIAN_POINT('',(0.16,-10.32,8.54));
#4135 = LINE('',#4136,#4137);
#4136 = CARTESIAN_POINT('',(0.16,-10.32,8.54));
#4137 = VECTOR('',#4138,1.);
#4138 = DIRECTION('',(-0.57735026919,0.57735026919,0.57735026919));
#4139 = ORIENTED_EDGE('',*,*,#4140,.F.);
#4140 = EDGE_CURVE('',#4107,#4133,#4141,.T.);
#4141 = LINE('',#4142,#4143);
#4142 = CARTESIAN_POINT('',(-0.32,-10.32,8.54));
#4143 = VECTOR('',#4144,1.);
#4144 = DIRECTION('',(1.,0.,0.));
#4145 = PLANE('',#4146);
#4146 = AXIS2_PLACEMENT_3D('',#4147,#4148,#4149);
#4147 = CARTESIAN_POINT('',(-0.32,-10.4,8.46));
#4148 = DIRECTION('',(-1.735167508357E-18,0.707106781187,-0.707106781187
    ));
#4149 = DIRECTION('',(-1.,-1.226948711654E-18,1.226948711654E-18));
#4150 = ADVANCED_FACE('',(#4151),#4162,.T.);
#4151 = FACE_BOUND('',#4152,.T.);
#4152 = EDGE_LOOP('',(#4153,#4154,#4155,#4156));
#4153 = ORIENTED_EDGE('',*,*,#4132,.F.);
#4154 = ORIENTED_EDGE('',*,*,#3197,.T.);
#4155 = ORIENTED_EDGE('',*,*,#4084,.T.);
#4156 = ORIENTED_EDGE('',*,*,#4157,.F.);
#4157 = EDGE_CURVE('',#4133,#4085,#4158,.T.);
#4158 = LINE('',#4159,#4160);
#4159 = CARTESIAN_POINT('',(0.16,-10.48,8.54));
#4160 = VECTOR('',#4161,1.);
#4161 = DIRECTION('',(0.,1.,0.));
#4162 = PLANE('',#4163);
#4163 = AXIS2_PLACEMENT_3D('',#4164,#4165,#4166);
#4164 = CARTESIAN_POINT('',(0.24,-10.48,8.46));
#4165 = DIRECTION('',(0.707106781187,-1.735167508357E-18,0.707106781187)
  );
#4166 = DIRECTION('',(1.226948711654E-18,1.,1.226948711654E-18));
#4167 = ADVANCED_FACE('',(#4168),#4193,.F.);
#4168 = FACE_BOUND('',#4169,.T.);
#4169 = EDGE_LOOP('',(#4170,#4178,#4179,#4187));
#4170 = ORIENTED_EDGE('',*,*,#4171,.F.);
#4171 = EDGE_CURVE('',#3221,#4172,#4174,.T.);
#4172 = VERTEX_POINT('',#4173);
#4173 = CARTESIAN_POINT('',(-0.16,-7.78,8.54));
#4174 = LINE('',#4175,#4176);
#4175 = CARTESIAN_POINT('',(-0.266666666667,-7.886666666667,
    8.433333333333));
#4176 = VECTOR('',#4177,1.);
#4177 = DIRECTION('',(0.57735026919,0.57735026919,0.57735026919));
#4178 = ORIENTED_EDGE('',*,*,#3228,.T.);
#4179 = ORIENTED_EDGE('',*,*,#4180,.T.);
#4180 = EDGE_CURVE('',#3212,#4181,#4183,.T.);
#4181 = VERTEX_POINT('',#4182);
#4182 = CARTESIAN_POINT('',(0.16,-7.78,8.54));
#4183 = LINE('',#4184,#4185);
#4184 = CARTESIAN_POINT('',(0.16,-7.78,8.54));
#4185 = VECTOR('',#4186,1.);
#4186 = DIRECTION('',(-0.57735026919,0.57735026919,0.57735026919));
#4187 = ORIENTED_EDGE('',*,*,#4188,.F.);
#4188 = EDGE_CURVE('',#4172,#4181,#4189,.T.);
#4189 = LINE('',#4190,#4191);
#4190 = CARTESIAN_POINT('',(-0.32,-7.78,8.54));
#4191 = VECTOR('',#4192,1.);
#4192 = DIRECTION('',(1.,0.,0.));
#4193 = PLANE('',#4194);
#4194 = AXIS2_PLACEMENT_3D('',#4195,#4196,#4197);
#4195 = CARTESIAN_POINT('',(-0.32,-7.86,8.46));
#4196 = DIRECTION('',(-1.735167508357E-18,0.707106781187,-0.707106781187
    ));
#4197 = DIRECTION('',(-1.,-1.226948711654E-18,1.226948711654E-18));
#4198 = ADVANCED_FACE('',(#4199),#4217,.T.);
#4199 = FACE_BOUND('',#4200,.T.);
#4200 = EDGE_LOOP('',(#4201,#4202,#4203,#4211));
#4201 = ORIENTED_EDGE('',*,*,#4180,.F.);
#4202 = ORIENTED_EDGE('',*,*,#3252,.T.);
#4203 = ORIENTED_EDGE('',*,*,#4204,.T.);
#4204 = EDGE_CURVE('',#3245,#4205,#4207,.T.);
#4205 = VERTEX_POINT('',#4206);
#4206 = CARTESIAN_POINT('',(0.16,-7.46,8.54));
#4207 = LINE('',#4208,#4209);
#4208 = CARTESIAN_POINT('',(5.333333333333E-02,-7.566666666667,
    8.646666666667));
#4209 = VECTOR('',#4210,1.);
#4210 = DIRECTION('',(-0.57735026919,-0.57735026919,0.57735026919));
#4211 = ORIENTED_EDGE('',*,*,#4212,.F.);
#4212 = EDGE_CURVE('',#4181,#4205,#4213,.T.);
#4213 = LINE('',#4214,#4215);
#4214 = CARTESIAN_POINT('',(0.16,-7.94,8.54));
#4215 = VECTOR('',#4216,1.);
#4216 = DIRECTION('',(0.,1.,0.));
#4217 = PLANE('',#4218);
#4218 = AXIS2_PLACEMENT_3D('',#4219,#4220,#4221);
#4219 = CARTESIAN_POINT('',(0.24,-7.94,8.46));
#4220 = DIRECTION('',(0.707106781187,-1.735167508357E-18,0.707106781187)
  );
#4221 = DIRECTION('',(1.226948711654E-18,1.,1.226948711654E-18));
#4222 = ADVANCED_FACE('',(#4223),#4241,.T.);
#4223 = FACE_BOUND('',#4224,.F.);
#4224 = EDGE_LOOP('',(#4225,#4233,#4234,#4235));
#4225 = ORIENTED_EDGE('',*,*,#4226,.F.);
#4226 = EDGE_CURVE('',#3269,#4227,#4229,.T.);
#4227 = VERTEX_POINT('',#4228);
#4228 = CARTESIAN_POINT('',(-0.16,-7.46,8.54));
#4229 = LINE('',#4230,#4231);
#4230 = CARTESIAN_POINT('',(-0.16,-7.46,8.54));
#4231 = VECTOR('',#4232,1.);
#4232 = DIRECTION('',(0.57735026919,-0.57735026919,0.57735026919));
#4233 = ORIENTED_EDGE('',*,*,#3276,.T.);
#4234 = ORIENTED_EDGE('',*,*,#4204,.T.);
#4235 = ORIENTED_EDGE('',*,*,#4236,.F.);
#4236 = EDGE_CURVE('',#4227,#4205,#4237,.T.);
#4237 = LINE('',#4238,#4239);
#4238 = CARTESIAN_POINT('',(-0.32,-7.46,8.54));
#4239 = VECTOR('',#4240,1.);
#4240 = DIRECTION('',(1.,0.,0.));
#4241 = PLANE('',#4242);
#4242 = AXIS2_PLACEMENT_3D('',#4243,#4244,#4245);
#4243 = CARTESIAN_POINT('',(-0.32,-7.38,8.46));
#4244 = DIRECTION('',(1.735167508357E-18,0.707106781187,0.707106781187)
  );
#4245 = DIRECTION('',(-1.,1.226948711654E-18,1.226948711654E-18));
#4246 = ADVANCED_FACE('',(#4247),#4258,.F.);
#4247 = FACE_BOUND('',#4248,.F.);
#4248 = EDGE_LOOP('',(#4249,#4250,#4251,#4252));
#4249 = ORIENTED_EDGE('',*,*,#4171,.F.);
#4250 = ORIENTED_EDGE('',*,*,#3293,.T.);
#4251 = ORIENTED_EDGE('',*,*,#4226,.T.);
#4252 = ORIENTED_EDGE('',*,*,#4253,.F.);
#4253 = EDGE_CURVE('',#4172,#4227,#4254,.T.);
#4254 = LINE('',#4255,#4256);
#4255 = CARTESIAN_POINT('',(-0.16,-7.94,8.54));
#4256 = VECTOR('',#4257,1.);
#4257 = DIRECTION('',(0.,1.,0.));
#4258 = PLANE('',#4259);
#4259 = AXIS2_PLACEMENT_3D('',#4260,#4261,#4262);
#4260 = CARTESIAN_POINT('',(-0.24,-7.94,8.46));
#4261 = DIRECTION('',(0.707106781187,1.735167508357E-18,-0.707106781187)
  );
#4262 = DIRECTION('',(-1.226948711654E-18,1.,1.226948711654E-18));
#4263 = ADVANCED_FACE('',(#4264),#4270,.F.);
#4264 = FACE_BOUND('',#4265,.F.);
#4265 = EDGE_LOOP('',(#4266,#4267,#4268,#4269));
#4266 = ORIENTED_EDGE('',*,*,#3389,.T.);
#4267 = ORIENTED_EDGE('',*,*,#3324,.T.);
#4268 = ORIENTED_EDGE('',*,*,#3348,.F.);
#4269 = ORIENTED_EDGE('',*,*,#3372,.F.);
#4270 = PLANE('',#4271);
#4271 = AXIS2_PLACEMENT_3D('',#4272,#4273,#4274);
#4272 = CARTESIAN_POINT('',(-0.32,-0.32,-3.));
#4273 = DIRECTION('',(0.,0.,1.));
#4274 = DIRECTION('',(1.,0.,-0.));
#4275 = ADVANCED_FACE('',(#4276),#4282,.F.);
#4276 = FACE_BOUND('',#4277,.F.);
#4277 = EDGE_LOOP('',(#4278,#4279,#4280,#4281));
#4278 = ORIENTED_EDGE('',*,*,#3468,.T.);
#4279 = ORIENTED_EDGE('',*,*,#3485,.T.);
#4280 = ORIENTED_EDGE('',*,*,#3420,.F.);
#4281 = ORIENTED_EDGE('',*,*,#3444,.F.);
#4282 = PLANE('',#4283);
#4283 = AXIS2_PLACEMENT_3D('',#4284,#4285,#4286);
#4284 = CARTESIAN_POINT('',(-0.32,-2.86,-3.));
#4285 = DIRECTION('',(0.,0.,1.));
#4286 = DIRECTION('',(1.,0.,-0.));
#4287 = ADVANCED_FACE('',(#4288),#4294,.F.);
#4288 = FACE_BOUND('',#4289,.F.);
#4289 = EDGE_LOOP('',(#4290,#4291,#4292,#4293));
#4290 = ORIENTED_EDGE('',*,*,#3564,.T.);
#4291 = ORIENTED_EDGE('',*,*,#3581,.T.);
#4292 = ORIENTED_EDGE('',*,*,#3516,.F.);
#4293 = ORIENTED_EDGE('',*,*,#3540,.F.);
#4294 = PLANE('',#4295);
#4295 = AXIS2_PLACEMENT_3D('',#4296,#4297,#4298);
#4296 = CARTESIAN_POINT('',(-0.32,-5.4,-3.));
#4297 = DIRECTION('',(0.,0.,1.));
#4298 = DIRECTION('',(1.,0.,-0.));
#4299 = ADVANCED_FACE('',(#4300),#4306,.F.);
#4300 = FACE_BOUND('',#4301,.F.);
#4301 = EDGE_LOOP('',(#4302,#4303,#4304,#4305));
#4302 = ORIENTED_EDGE('',*,*,#3660,.T.);
#4303 = ORIENTED_EDGE('',*,*,#3677,.T.);
#4304 = ORIENTED_EDGE('',*,*,#3612,.F.);
#4305 = ORIENTED_EDGE('',*,*,#3636,.F.);
#4306 = PLANE('',#4307);
#4307 = AXIS2_PLACEMENT_3D('',#4308,#4309,#4310);
#4308 = CARTESIAN_POINT('',(-0.32,-10.48,-3.));
#4309 = DIRECTION('',(0.,0.,1.));
#4310 = DIRECTION('',(1.,0.,-0.));
#4311 = ADVANCED_FACE('',(#4312),#4318,.F.);
#4312 = FACE_BOUND('',#4313,.F.);
#4313 = EDGE_LOOP('',(#4314,#4315,#4316,#4317));
#4314 = ORIENTED_EDGE('',*,*,#3708,.T.);
#4315 = ORIENTED_EDGE('',*,*,#3732,.T.);
#4316 = ORIENTED_EDGE('',*,*,#3756,.F.);
#4317 = ORIENTED_EDGE('',*,*,#3773,.F.);
#4318 = PLANE('',#4319);
#4319 = AXIS2_PLACEMENT_3D('',#4320,#4321,#4322);
#4320 = CARTESIAN_POINT('',(-0.32,-7.94,-3.));
#4321 = DIRECTION('',(0.,0.,1.));
#4322 = DIRECTION('',(1.,0.,-0.));
#4323 = ADVANCED_FACE('',(#4324),#4330,.T.);
#4324 = FACE_BOUND('',#4325,.T.);
#4325 = EDGE_LOOP('',(#4326,#4327,#4328,#4329));
#4326 = ORIENTED_EDGE('',*,*,#3804,.T.);
#4327 = ORIENTED_EDGE('',*,*,#3828,.F.);
#4328 = ORIENTED_EDGE('',*,*,#3852,.F.);
#4329 = ORIENTED_EDGE('',*,*,#3869,.T.);
#4330 = PLANE('',#4331);
#4331 = AXIS2_PLACEMENT_3D('',#4332,#4333,#4334);
#4332 = CARTESIAN_POINT('',(-0.32,-0.32,8.54));
#4333 = DIRECTION('',(0.,0.,1.));
#4334 = DIRECTION('',(1.,0.,-0.));
#4335 = ADVANCED_FACE('',(#4336),#4342,.T.);
#4336 = FACE_BOUND('',#4337,.T.);
#4337 = EDGE_LOOP('',(#4338,#4339,#4340,#4341));
#4338 = ORIENTED_EDGE('',*,*,#3965,.T.);
#4339 = ORIENTED_EDGE('',*,*,#3900,.F.);
#4340 = ORIENTED_EDGE('',*,*,#3924,.F.);
#4341 = ORIENTED_EDGE('',*,*,#3948,.T.);
#4342 = PLANE('',#4343);
#4343 = AXIS2_PLACEMENT_3D('',#4344,#4345,#4346);
#4344 = CARTESIAN_POINT('',(-0.32,-2.86,8.54));
#4345 = DIRECTION('',(0.,0.,1.));
#4346 = DIRECTION('',(1.,0.,-0.));
#4347 = ADVANCED_FACE('',(#4348),#4354,.T.);
#4348 = FACE_BOUND('',#4349,.T.);
#4349 = EDGE_LOOP('',(#4350,#4351,#4352,#4353));
#4350 = ORIENTED_EDGE('',*,*,#4061,.T.);
#4351 = ORIENTED_EDGE('',*,*,#3996,.F.);
#4352 = ORIENTED_EDGE('',*,*,#4020,.F.);
#4353 = ORIENTED_EDGE('',*,*,#4044,.T.);
#4354 = PLANE('',#4355);
#4355 = AXIS2_PLACEMENT_3D('',#4356,#4357,#4358);
#4356 = CARTESIAN_POINT('',(-0.32,-5.4,8.54));
#4357 = DIRECTION('',(0.,0.,1.));
#4358 = DIRECTION('',(1.,0.,-0.));
#4359 = ADVANCED_FACE('',(#4360),#4366,.T.);
#4360 = FACE_BOUND('',#4361,.T.);
#4361 = EDGE_LOOP('',(#4362,#4363,#4364,#4365));
#4362 = ORIENTED_EDGE('',*,*,#4157,.T.);
#4363 = ORIENTED_EDGE('',*,*,#4092,.F.);
#4364 = ORIENTED_EDGE('',*,*,#4116,.F.);
#4365 = ORIENTED_EDGE('',*,*,#4140,.T.);
#4366 = PLANE('',#4367);
#4367 = AXIS2_PLACEMENT_3D('',#4368,#4369,#4370);
#4368 = CARTESIAN_POINT('',(-0.32,-10.48,8.54));
#4369 = DIRECTION('',(0.,0.,1.));
#4370 = DIRECTION('',(1.,0.,-0.));
#4371 = ADVANCED_FACE('',(#4372),#4378,.T.);
#4372 = FACE_BOUND('',#4373,.T.);
#4373 = EDGE_LOOP('',(#4374,#4375,#4376,#4377));
#4374 = ORIENTED_EDGE('',*,*,#4212,.T.);
#4375 = ORIENTED_EDGE('',*,*,#4236,.F.);
#4376 = ORIENTED_EDGE('',*,*,#4253,.F.);
#4377 = ORIENTED_EDGE('',*,*,#4188,.T.);
#4378 = PLANE('',#4379);
#4379 = AXIS2_PLACEMENT_3D('',#4380,#4381,#4382);
#4380 = CARTESIAN_POINT('',(-0.32,-7.94,8.54));
#4381 = DIRECTION('',(0.,0.,1.));
#4382 = DIRECTION('',(1.,0.,-0.));
#4383 = ( GEOMETRIC_REPRESENTATION_CONTEXT(3) 
GLOBAL_UNCERTAINTY_ASSIGNED_CONTEXT((#4387)) 
GLOBAL_UNIT_ASSIGNED_CONTEXT((#4384,#4385,#4386)) REPRESENTATION_CONTEXT
('Context #1','3D Context with UNIT and UNCERTAINTY') );
#4384 = ( LENGTH_UNIT() NAMED_UNIT(*) SI_UNIT(.MILLI.,.METRE.) );
#4385 = ( NAMED_UNIT(*) PLANE_ANGLE_UNIT() SI_UNIT($,.RADIAN.) );
#4386 = ( NAMED_UNIT(*) SI_UNIT($,.STERADIAN.) SOLID_ANGLE_UNIT() );
#4387 = UNCERTAINTY_MEASURE_WITH_UNIT(LENGTH_MEASURE(1.E-07),#4384,
  'distance_accuracy_value','confusion accuracy');
#4388 = CONTEXT_DEPENDENT_SHAPE_REPRESENTATION(#4389,#4391);
#4389 = ( REPRESENTATION_RELATIONSHIP('','',#928,#10) 
REPRESENTATION_RELATIONSHIP_WITH_TRANSFORMATION(#4390) 
SHAPE_REPRESENTATION_RELATIONSHIP() );
#4390 = ITEM_DEFINED_TRANSFORMATION('','',#11,#19);
#4391 = PRODUCT_DEFINITION_SHAPE('Placement','Placement of an item',
  #4392);
#4392 = NEXT_ASSEMBLY_USAGE_OCCURRENCE('3','J4','',#5,#923,$);
#4393 = PRODUCT_RELATED_PRODUCT_CATEGORY('part',$,(#925));
#4394 = CONTEXT_DEPENDENT_SHAPE_REPRESENTATION(#4395,#4397);
#4395 = ( REPRESENTATION_RELATIONSHIP('','',#928,#10) 
REPRESENTATION_RELATIONSHIP_WITH_TRANSFORMATION(#4396) 
SHAPE_REPRESENTATION_RELATIONSHIP() );
#4396 = ITEM_DEFINED_TRANSFORMATION('','',#11,#23);
#4397 = PRODUCT_DEFINITION_SHAPE('Placement','Placement of an item',
  #4398);
#4398 = NEXT_ASSEMBLY_USAGE_OCCURRENCE('4','J3','',#5,#923,$);
#4399 = CONTEXT_DEPENDENT_SHAPE_REPRESENTATION(#4400,#4402);
#4400 = ( REPRESENTATION_RELATIONSHIP('','',#928,#10) 
REPRESENTATION_RELATIONSHIP_WITH_TRANSFORMATION(#4401) 
SHAPE_REPRESENTATION_RELATIONSHIP() );
#4401 = ITEM_DEFINED_TRANSFORMATION('','',#11,#27);
#4402 = PRODUCT_DEFINITION_SHAPE('Placement','Placement of an item',
  #4403);
#4403 = NEXT_ASSEMBLY_USAGE_OCCURRENCE('5','J2','',#5,#923,$);
#4404 = SHAPE_DEFINITION_REPRESENTATION(#4405,#4411);
#4405 = PRODUCT_DEFINITION_SHAPE('','',#4406);
#4406 = PRODUCT_DEFINITION('design','',#4407,#4410);
#4407 = PRODUCT_DEFINITION_FORMATION('','',#4408);
#4408 = PRODUCT('PinHeader_1x06_P2.54mm_Vertical',
  'PinHeader_1x06_P2.54mm_Vertical','',(#4409));
#4409 = PRODUCT_CONTEXT('',#2,'mechanical');
#4410 = PRODUCT_DEFINITION_CONTEXT('part definition',#2,'design');
#4411 = ADVANCED_BREP_SHAPE_REPRESENTATION('',(#11,#4412),#8540);
#4412 = MANIFOLD_SOLID_BREP('',#4413);
#4413 = CLOSED_SHELL('',(#4414,#4454,#4485,#4516,#5009,#5502,#5519,#5536
    ,#5553,#5570,#5587,#5604,#5621,#5638,#5655,#5672,#5689,#5706,#5723,
    #5740,#5757,#5774,#5791,#5808,#5825,#5842,#5859,#5876,#5893,#5910,
    #5927,#5944,#5961,#5978,#5995,#6012,#6029,#6046,#6063,#6080,#6092,
    #6123,#6147,#6171,#6188,#6219,#6243,#6267,#6284,#6315,#6339,#6363,
    #6380,#6411,#6435,#6459,#6476,#6507,#6531,#6555,#6572,#6603,#6627,
    #6651,#6668,#6699,#6723,#6747,#6764,#6795,#6819,#6843,#6860,#6891,
    #6915,#6939,#6956,#6987,#7011,#7035,#7052,#7083,#7107,#7131,#7148,
    #7179,#7203,#7227,#7244,#7275,#7299,#7323,#7340,#7371,#7395,#7419,
    #7436,#7467,#7491,#7515,#7532,#7563,#7587,#7611,#7628,#7659,#7683,
    #7707,#7724,#7755,#7779,#7803,#7820,#7851,#7875,#7899,#7916,#7947,
    #7971,#7995,#8012,#8043,#8067,#8091,#8108,#8139,#8163,#8187,#8204,
    #8235,#8259,#8283,#8300,#8331,#8355,#8379,#8396,#8408,#8420,#8432,
    #8444,#8456,#8468,#8480,#8492,#8504,#8516,#8528));
#4414 = ADVANCED_FACE('',(#4415),#4449,.F.);
#4415 = FACE_BOUND('',#4416,.F.);
#4416 = EDGE_LOOP('',(#4417,#4427,#4435,#4443));
#4417 = ORIENTED_EDGE('',*,*,#4418,.T.);
#4418 = EDGE_CURVE('',#4419,#4421,#4423,.T.);
#4419 = VERTEX_POINT('',#4420);
#4420 = CARTESIAN_POINT('',(-1.016,1.27,0.));
#4421 = VERTEX_POINT('',#4422);
#4422 = CARTESIAN_POINT('',(-1.016,1.27,2.54));
#4423 = LINE('',#4424,#4425);
#4424 = CARTESIAN_POINT('',(-1.016,1.27,0.));
#4425 = VECTOR('',#4426,1.);
#4426 = DIRECTION('',(0.,0.,1.));
#4427 = ORIENTED_EDGE('',*,*,#4428,.T.);
#4428 = EDGE_CURVE('',#4421,#4429,#4431,.T.);
#4429 = VERTEX_POINT('',#4430);
#4430 = CARTESIAN_POINT('',(-1.27,1.016,2.54));
#4431 = LINE('',#4432,#4433);
#4432 = CARTESIAN_POINT('',(-1.016,1.27,2.54));
#4433 = VECTOR('',#4434,1.);
#4434 = DIRECTION('',(-0.707106781187,-0.707106781187,0.));
#4435 = ORIENTED_EDGE('',*,*,#4436,.F.);
#4436 = EDGE_CURVE('',#4437,#4429,#4439,.T.);
#4437 = VERTEX_POINT('',#4438);
#4438 = CARTESIAN_POINT('',(-1.27,1.016,0.));
#4439 = LINE('',#4440,#4441);
#4440 = CARTESIAN_POINT('',(-1.27,1.016,0.));
#4441 = VECTOR('',#4442,1.);
#4442 = DIRECTION('',(0.,0.,1.));
#4443 = ORIENTED_EDGE('',*,*,#4444,.F.);
#4444 = EDGE_CURVE('',#4419,#4437,#4445,.T.);
#4445 = LINE('',#4446,#4447);
#4446 = CARTESIAN_POINT('',(-1.016,1.27,0.));
#4447 = VECTOR('',#4448,1.);
#4448 = DIRECTION('',(-0.707106781187,-0.707106781187,0.));
#4449 = PLANE('',#4450);
#4450 = AXIS2_PLACEMENT_3D('',#4451,#4452,#4453);
#4451 = CARTESIAN_POINT('',(-1.016,1.27,0.));
#4452 = DIRECTION('',(0.707106781187,-0.707106781187,0.));
#4453 = DIRECTION('',(-0.707106781187,-0.707106781187,0.));
#4454 = ADVANCED_FACE('',(#4455),#4480,.F.);
#4455 = FACE_BOUND('',#4456,.F.);
#4456 = EDGE_LOOP('',(#4457,#4467,#4473,#4474));
#4457 = ORIENTED_EDGE('',*,*,#4458,.T.);
#4458 = EDGE_CURVE('',#4459,#4461,#4463,.T.);
#4459 = VERTEX_POINT('',#4460);
#4460 = CARTESIAN_POINT('',(1.016,1.27,0.));
#4461 = VERTEX_POINT('',#4462);
#4462 = CARTESIAN_POINT('',(1.016,1.27,2.54));
#4463 = LINE('',#4464,#4465);
#4464 = CARTESIAN_POINT('',(1.016,1.27,0.));
#4465 = VECTOR('',#4466,1.);
#4466 = DIRECTION('',(0.,0.,1.));
#4467 = ORIENTED_EDGE('',*,*,#4468,.T.);
#4468 = EDGE_CURVE('',#4461,#4421,#4469,.T.);
#4469 = LINE('',#4470,#4471);
#4470 = CARTESIAN_POINT('',(1.016,1.27,2.54));
#4471 = VECTOR('',#4472,1.);
#4472 = DIRECTION('',(-1.,0.,0.));
#4473 = ORIENTED_EDGE('',*,*,#4418,.F.);
#4474 = ORIENTED_EDGE('',*,*,#4475,.F.);
#4475 = EDGE_CURVE('',#4459,#4419,#4476,.T.);
#4476 = LINE('',#4477,#4478);
#4477 = CARTESIAN_POINT('',(1.016,1.27,0.));
#4478 = VECTOR('',#4479,1.);
#4479 = DIRECTION('',(-1.,0.,0.));
#4480 = PLANE('',#4481);
#4481 = AXIS2_PLACEMENT_3D('',#4482,#4483,#4484);
#4482 = CARTESIAN_POINT('',(1.016,1.27,0.));
#4483 = DIRECTION('',(0.,-1.,0.));
#4484 = DIRECTION('',(-1.,0.,0.));
#4485 = ADVANCED_FACE('',(#4486),#4511,.F.);
#4486 = FACE_BOUND('',#4487,.F.);
#4487 = EDGE_LOOP('',(#4488,#4489,#4497,#4505));
#4488 = ORIENTED_EDGE('',*,*,#4436,.T.);
#4489 = ORIENTED_EDGE('',*,*,#4490,.T.);
#4490 = EDGE_CURVE('',#4429,#4491,#4493,.T.);
#4491 = VERTEX_POINT('',#4492);
#4492 = CARTESIAN_POINT('',(-1.27,-1.016,2.54));
#4493 = LINE('',#4494,#4495);
#4494 = CARTESIAN_POINT('',(-1.27,1.016,2.54));
#4495 = VECTOR('',#4496,1.);
#4496 = DIRECTION('',(0.,-1.,0.));
#4497 = ORIENTED_EDGE('',*,*,#4498,.F.);
#4498 = EDGE_CURVE('',#4499,#4491,#4501,.T.);
#4499 = VERTEX_POINT('',#4500);
#4500 = CARTESIAN_POINT('',(-1.27,-1.016,0.));
#4501 = LINE('',#4502,#4503);
#4502 = CARTESIAN_POINT('',(-1.27,-1.016,0.));
#4503 = VECTOR('',#4504,1.);
#4504 = DIRECTION('',(0.,0.,1.));
#4505 = ORIENTED_EDGE('',*,*,#4506,.F.);
#4506 = EDGE_CURVE('',#4437,#4499,#4507,.T.);
#4507 = LINE('',#4508,#4509);
#4508 = CARTESIAN_POINT('',(-1.27,1.016,0.));
#4509 = VECTOR('',#4510,1.);
#4510 = DIRECTION('',(0.,-1.,0.));
#4511 = PLANE('',#4512);
#4512 = AXIS2_PLACEMENT_3D('',#4513,#4514,#4515);
#4513 = CARTESIAN_POINT('',(-1.27,1.016,0.));
#4514 = DIRECTION('',(1.,0.,0.));
#4515 = DIRECTION('',(0.,-1.,0.));
#4516 = ADVANCED_FACE('',(#4517,#4800,#4834,#4868,#4902,#4936,#4970),
  #5004,.F.);
#4517 = FACE_BOUND('',#4518,.F.);
#4518 = EDGE_LOOP('',(#4519,#4520,#4521,#4529,#4537,#4545,#4553,#4561,
    #4569,#4577,#4585,#4593,#4601,#4609,#4617,#4625,#4633,#4641,#4649,
    #4657,#4665,#4673,#4681,#4689,#4697,#4705,#4713,#4721,#4729,#4737,
    #4745,#4753,#4761,#4769,#4777,#4785,#4793,#4799));
#4519 = ORIENTED_EDGE('',*,*,#4444,.T.);
#4520 = ORIENTED_EDGE('',*,*,#4506,.T.);
#4521 = ORIENTED_EDGE('',*,*,#4522,.T.);
#4522 = EDGE_CURVE('',#4499,#4523,#4525,.T.);
#4523 = VERTEX_POINT('',#4524);
#4524 = CARTESIAN_POINT('',(-1.016,-1.27,0.));
#4525 = LINE('',#4526,#4527);
#4526 = CARTESIAN_POINT('',(-1.27,-1.016,0.));
#4527 = VECTOR('',#4528,1.);
#4528 = DIRECTION('',(0.707106781187,-0.707106781187,0.));
#4529 = ORIENTED_EDGE('',*,*,#4530,.T.);
#4530 = EDGE_CURVE('',#4523,#4531,#4533,.T.);
#4531 = VERTEX_POINT('',#4532);
#4532 = CARTESIAN_POINT('',(-1.27,-1.524,0.));
#4533 = LINE('',#4534,#4535);
#4534 = CARTESIAN_POINT('',(-1.016,-1.27,0.));
#4535 = VECTOR('',#4536,1.);
#4536 = DIRECTION('',(-0.707106781187,-0.707106781187,0.));
#4537 = ORIENTED_EDGE('',*,*,#4538,.T.);
#4538 = EDGE_CURVE('',#4531,#4539,#4541,.T.);
#4539 = VERTEX_POINT('',#4540);
#4540 = CARTESIAN_POINT('',(-1.27,-3.556,0.));
#4541 = LINE('',#4542,#4543);
#4542 = CARTESIAN_POINT('',(-1.27,-1.524,0.));
#4543 = VECTOR('',#4544,1.);
#4544 = DIRECTION('',(0.,-1.,0.));
#4545 = ORIENTED_EDGE('',*,*,#4546,.T.);
#4546 = EDGE_CURVE('',#4539,#4547,#4549,.T.);
#4547 = VERTEX_POINT('',#4548);
#4548 = CARTESIAN_POINT('',(-1.016,-3.81,0.));
#4549 = LINE('',#4550,#4551);
#4550 = CARTESIAN_POINT('',(-1.27,-3.556,0.));
#4551 = VECTOR('',#4552,1.);
#4552 = DIRECTION('',(0.707106781187,-0.707106781187,0.));
#4553 = ORIENTED_EDGE('',*,*,#4554,.T.);
#4554 = EDGE_CURVE('',#4547,#4555,#4557,.T.);
#4555 = VERTEX_POINT('',#4556);
#4556 = CARTESIAN_POINT('',(-1.27,-4.064,0.));
#4557 = LINE('',#4558,#4559);
#4558 = CARTESIAN_POINT('',(-1.016,-3.81,0.));
#4559 = VECTOR('',#4560,1.);
#4560 = DIRECTION('',(-0.707106781187,-0.707106781187,0.));
#4561 = ORIENTED_EDGE('',*,*,#4562,.T.);
#4562 = EDGE_CURVE('',#4555,#4563,#4565,.T.);
#4563 = VERTEX_POINT('',#4564);
#4564 = CARTESIAN_POINT('',(-1.27,-6.096,0.));
#4565 = LINE('',#4566,#4567);
#4566 = CARTESIAN_POINT('',(-1.27,-4.064,0.));
#4567 = VECTOR('',#4568,1.);
#4568 = DIRECTION('',(0.,-1.,0.));
#4569 = ORIENTED_EDGE('',*,*,#4570,.T.);
#4570 = EDGE_CURVE('',#4563,#4571,#4573,.T.);
#4571 = VERTEX_POINT('',#4572);
#4572 = CARTESIAN_POINT('',(-1.016,-6.35,0.));
#4573 = LINE('',#4574,#4575);
#4574 = CARTESIAN_POINT('',(-1.27,-6.096,0.));
#4575 = VECTOR('',#4576,1.);
#4576 = DIRECTION('',(0.707106781187,-0.707106781187,0.));
#4577 = ORIENTED_EDGE('',*,*,#4578,.T.);
#4578 = EDGE_CURVE('',#4571,#4579,#4581,.T.);
#4579 = VERTEX_POINT('',#4580);
#4580 = CARTESIAN_POINT('',(-1.27,-6.604,0.));
#4581 = LINE('',#4582,#4583);
#4582 = CARTESIAN_POINT('',(-1.016,-6.35,0.));
#4583 = VECTOR('',#4584,1.);
#4584 = DIRECTION('',(-0.707106781187,-0.707106781187,0.));
#4585 = ORIENTED_EDGE('',*,*,#4586,.T.);
#4586 = EDGE_CURVE('',#4579,#4587,#4589,.T.);
#4587 = VERTEX_POINT('',#4588);
#4588 = CARTESIAN_POINT('',(-1.27,-8.636,0.));
#4589 = LINE('',#4590,#4591);
#4590 = CARTESIAN_POINT('',(-1.27,-6.604,0.));
#4591 = VECTOR('',#4592,1.);
#4592 = DIRECTION('',(0.,-1.,0.));
#4593 = ORIENTED_EDGE('',*,*,#4594,.T.);
#4594 = EDGE_CURVE('',#4587,#4595,#4597,.T.);
#4595 = VERTEX_POINT('',#4596);
#4596 = CARTESIAN_POINT('',(-1.016,-8.89,0.));
#4597 = LINE('',#4598,#4599);
#4598 = CARTESIAN_POINT('',(-1.27,-8.636,0.));
#4599 = VECTOR('',#4600,1.);
#4600 = DIRECTION('',(0.707106781187,-0.707106781187,0.));
#4601 = ORIENTED_EDGE('',*,*,#4602,.T.);
#4602 = EDGE_CURVE('',#4595,#4603,#4605,.T.);
#4603 = VERTEX_POINT('',#4604);
#4604 = CARTESIAN_POINT('',(-1.27,-9.144,0.));
#4605 = LINE('',#4606,#4607);
#4606 = CARTESIAN_POINT('',(-1.016,-8.89,0.));
#4607 = VECTOR('',#4608,1.);
#4608 = DIRECTION('',(-0.707106781187,-0.707106781187,0.));
#4609 = ORIENTED_EDGE('',*,*,#4610,.T.);
#4610 = EDGE_CURVE('',#4603,#4611,#4613,.T.);
#4611 = VERTEX_POINT('',#4612);
#4612 = CARTESIAN_POINT('',(-1.27,-11.176,0.));
#4613 = LINE('',#4614,#4615);
#4614 = CARTESIAN_POINT('',(-1.27,-9.144,0.));
#4615 = VECTOR('',#4616,1.);
#4616 = DIRECTION('',(0.,-1.,0.));
#4617 = ORIENTED_EDGE('',*,*,#4618,.T.);
#4618 = EDGE_CURVE('',#4611,#4619,#4621,.T.);
#4619 = VERTEX_POINT('',#4620);
#4620 = CARTESIAN_POINT('',(-1.016,-11.43,0.));
#4621 = LINE('',#4622,#4623);
#4622 = CARTESIAN_POINT('',(-1.27,-11.176,0.));
#4623 = VECTOR('',#4624,1.);
#4624 = DIRECTION('',(0.707106781187,-0.707106781187,0.));
#4625 = ORIENTED_EDGE('',*,*,#4626,.T.);
#4626 = EDGE_CURVE('',#4619,#4627,#4629,.T.);
#4627 = VERTEX_POINT('',#4628);
#4628 = CARTESIAN_POINT('',(-1.27,-11.684,0.));
#4629 = LINE('',#4630,#4631);
#4630 = CARTESIAN_POINT('',(-1.016,-11.43,0.));
#4631 = VECTOR('',#4632,1.);
#4632 = DIRECTION('',(-0.707106781187,-0.707106781187,0.));
#4633 = ORIENTED_EDGE('',*,*,#4634,.T.);
#4634 = EDGE_CURVE('',#4627,#4635,#4637,.T.);
#4635 = VERTEX_POINT('',#4636);
#4636 = CARTESIAN_POINT('',(-1.27,-13.716,0.));
#4637 = LINE('',#4638,#4639);
#4638 = CARTESIAN_POINT('',(-1.27,-11.684,0.));
#4639 = VECTOR('',#4640,1.);
#4640 = DIRECTION('',(0.,-1.,0.));
#4641 = ORIENTED_EDGE('',*,*,#4642,.T.);
#4642 = EDGE_CURVE('',#4635,#4643,#4645,.T.);
#4643 = VERTEX_POINT('',#4644);
#4644 = CARTESIAN_POINT('',(-1.016,-13.97,0.));
#4645 = LINE('',#4646,#4647);
#4646 = CARTESIAN_POINT('',(-1.27,-13.716,0.));
#4647 = VECTOR('',#4648,1.);
#4648 = DIRECTION('',(0.707106781187,-0.707106781187,0.));
#4649 = ORIENTED_EDGE('',*,*,#4650,.T.);
#4650 = EDGE_CURVE('',#4643,#4651,#4653,.T.);
#4651 = VERTEX_POINT('',#4652);
#4652 = CARTESIAN_POINT('',(1.016,-13.97,0.));
#4653 = LINE('',#4654,#4655);
#4654 = CARTESIAN_POINT('',(-1.016,-13.97,0.));
#4655 = VECTOR('',#4656,1.);
#4656 = DIRECTION('',(1.,0.,0.));
#4657 = ORIENTED_EDGE('',*,*,#4658,.T.);
#4658 = EDGE_CURVE('',#4651,#4659,#4661,.T.);
#4659 = VERTEX_POINT('',#4660);
#4660 = CARTESIAN_POINT('',(1.27,-13.716,0.));
#4661 = LINE('',#4662,#4663);
#4662 = CARTESIAN_POINT('',(1.016,-13.97,0.));
#4663 = VECTOR('',#4664,1.);
#4664 = DIRECTION('',(0.707106781187,0.707106781187,0.));
#4665 = ORIENTED_EDGE('',*,*,#4666,.T.);
#4666 = EDGE_CURVE('',#4659,#4667,#4669,.T.);
#4667 = VERTEX_POINT('',#4668);
#4668 = CARTESIAN_POINT('',(1.27,-11.684,0.));
#4669 = LINE('',#4670,#4671);
#4670 = CARTESIAN_POINT('',(1.27,-13.716,0.));
#4671 = VECTOR('',#4672,1.);
#4672 = DIRECTION('',(0.,1.,0.));
#4673 = ORIENTED_EDGE('',*,*,#4674,.T.);
#4674 = EDGE_CURVE('',#4667,#4675,#4677,.T.);
#4675 = VERTEX_POINT('',#4676);
#4676 = CARTESIAN_POINT('',(1.016,-11.43,0.));
#4677 = LINE('',#4678,#4679);
#4678 = CARTESIAN_POINT('',(1.27,-11.684,0.));
#4679 = VECTOR('',#4680,1.);
#4680 = DIRECTION('',(-0.707106781187,0.707106781187,0.));
#4681 = ORIENTED_EDGE('',*,*,#4682,.T.);
#4682 = EDGE_CURVE('',#4675,#4683,#4685,.T.);
#4683 = VERTEX_POINT('',#4684);
#4684 = CARTESIAN_POINT('',(1.27,-11.176,0.));
#4685 = LINE('',#4686,#4687);
#4686 = CARTESIAN_POINT('',(1.016,-11.43,0.));
#4687 = VECTOR('',#4688,1.);
#4688 = DIRECTION('',(0.707106781187,0.707106781187,0.));
#4689 = ORIENTED_EDGE('',*,*,#4690,.T.);
#4690 = EDGE_CURVE('',#4683,#4691,#4693,.T.);
#4691 = VERTEX_POINT('',#4692);
#4692 = CARTESIAN_POINT('',(1.27,-9.144,0.));
#4693 = LINE('',#4694,#4695);
#4694 = CARTESIAN_POINT('',(1.27,-11.176,0.));
#4695 = VECTOR('',#4696,1.);
#4696 = DIRECTION('',(0.,1.,0.));
#4697 = ORIENTED_EDGE('',*,*,#4698,.T.);
#4698 = EDGE_CURVE('',#4691,#4699,#4701,.T.);
#4699 = VERTEX_POINT('',#4700);
#4700 = CARTESIAN_POINT('',(1.016,-8.89,0.));
#4701 = LINE('',#4702,#4703);
#4702 = CARTESIAN_POINT('',(1.27,-9.144,0.));
#4703 = VECTOR('',#4704,1.);
#4704 = DIRECTION('',(-0.707106781187,0.707106781187,0.));
#4705 = ORIENTED_EDGE('',*,*,#4706,.T.);
#4706 = EDGE_CURVE('',#4699,#4707,#4709,.T.);
#4707 = VERTEX_POINT('',#4708);
#4708 = CARTESIAN_POINT('',(1.27,-8.636,0.));
#4709 = LINE('',#4710,#4711);
#4710 = CARTESIAN_POINT('',(1.016,-8.89,0.));
#4711 = VECTOR('',#4712,1.);
#4712 = DIRECTION('',(0.707106781187,0.707106781187,0.));
#4713 = ORIENTED_EDGE('',*,*,#4714,.T.);
#4714 = EDGE_CURVE('',#4707,#4715,#4717,.T.);
#4715 = VERTEX_POINT('',#4716);
#4716 = CARTESIAN_POINT('',(1.27,-6.604,0.));
#4717 = LINE('',#4718,#4719);
#4718 = CARTESIAN_POINT('',(1.27,-8.636,0.));
#4719 = VECTOR('',#4720,1.);
#4720 = DIRECTION('',(0.,1.,0.));
#4721 = ORIENTED_EDGE('',*,*,#4722,.T.);
#4722 = EDGE_CURVE('',#4715,#4723,#4725,.T.);
#4723 = VERTEX_POINT('',#4724);
#4724 = CARTESIAN_POINT('',(1.016,-6.35,0.));
#4725 = LINE('',#4726,#4727);
#4726 = CARTESIAN_POINT('',(1.27,-6.604,0.));
#4727 = VECTOR('',#4728,1.);
#4728 = DIRECTION('',(-0.707106781187,0.707106781187,0.));
#4729 = ORIENTED_EDGE('',*,*,#4730,.T.);
#4730 = EDGE_CURVE('',#4723,#4731,#4733,.T.);
#4731 = VERTEX_POINT('',#4732);
#4732 = CARTESIAN_POINT('',(1.27,-6.096,0.));
#4733 = LINE('',#4734,#4735);
#4734 = CARTESIAN_POINT('',(1.016,-6.35,0.));
#4735 = VECTOR('',#4736,1.);
#4736 = DIRECTION('',(0.707106781187,0.707106781187,0.));
#4737 = ORIENTED_EDGE('',*,*,#4738,.T.);
#4738 = EDGE_CURVE('',#4731,#4739,#4741,.T.);
#4739 = VERTEX_POINT('',#4740);
#4740 = CARTESIAN_POINT('',(1.27,-4.064,0.));
#4741 = LINE('',#4742,#4743);
#4742 = CARTESIAN_POINT('',(1.27,-6.096,0.));
#4743 = VECTOR('',#4744,1.);
#4744 = DIRECTION('',(0.,1.,0.));
#4745 = ORIENTED_EDGE('',*,*,#4746,.T.);
#4746 = EDGE_CURVE('',#4739,#4747,#4749,.T.);
#4747 = VERTEX_POINT('',#4748);
#4748 = CARTESIAN_POINT('',(1.016,-3.81,0.));
#4749 = LINE('',#4750,#4751);
#4750 = CARTESIAN_POINT('',(1.27,-4.064,0.));
#4751 = VECTOR('',#4752,1.);
#4752 = DIRECTION('',(-0.707106781187,0.707106781187,0.));
#4753 = ORIENTED_EDGE('',*,*,#4754,.T.);
#4754 = EDGE_CURVE('',#4747,#4755,#4757,.T.);
#4755 = VERTEX_POINT('',#4756);
#4756 = CARTESIAN_POINT('',(1.27,-3.556,0.));
#4757 = LINE('',#4758,#4759);
#4758 = CARTESIAN_POINT('',(1.016,-3.81,0.));
#4759 = VECTOR('',#4760,1.);
#4760 = DIRECTION('',(0.707106781187,0.707106781187,0.));
#4761 = ORIENTED_EDGE('',*,*,#4762,.T.);
#4762 = EDGE_CURVE('',#4755,#4763,#4765,.T.);
#4763 = VERTEX_POINT('',#4764);
#4764 = CARTESIAN_POINT('',(1.27,-1.524,0.));
#4765 = LINE('',#4766,#4767);
#4766 = CARTESIAN_POINT('',(1.27,-3.556,0.));
#4767 = VECTOR('',#4768,1.);
#4768 = DIRECTION('',(0.,1.,0.));
#4769 = ORIENTED_EDGE('',*,*,#4770,.T.);
#4770 = EDGE_CURVE('',#4763,#4771,#4773,.T.);
#4771 = VERTEX_POINT('',#4772);
#4772 = CARTESIAN_POINT('',(1.016,-1.27,0.));
#4773 = LINE('',#4774,#4775);
#4774 = CARTESIAN_POINT('',(1.27,-1.524,0.));
#4775 = VECTOR('',#4776,1.);
#4776 = DIRECTION('',(-0.707106781187,0.707106781187,0.));
#4777 = ORIENTED_EDGE('',*,*,#4778,.T.);
#4778 = EDGE_CURVE('',#4771,#4779,#4781,.T.);
#4779 = VERTEX_POINT('',#4780);
#4780 = CARTESIAN_POINT('',(1.27,-1.016,0.));
#4781 = LINE('',#4782,#4783);
#4782 = CARTESIAN_POINT('',(1.016,-1.27,0.));
#4783 = VECTOR('',#4784,1.);
#4784 = DIRECTION('',(0.707106781187,0.707106781187,0.));
#4785 = ORIENTED_EDGE('',*,*,#4786,.T.);
#4786 = EDGE_CURVE('',#4779,#4787,#4789,.T.);
#4787 = VERTEX_POINT('',#4788);
#4788 = CARTESIAN_POINT('',(1.27,1.016,0.));
#4789 = LINE('',#4790,#4791);
#4790 = CARTESIAN_POINT('',(1.27,-1.016,0.));
#4791 = VECTOR('',#4792,1.);
#4792 = DIRECTION('',(0.,1.,0.));
#4793 = ORIENTED_EDGE('',*,*,#4794,.T.);
#4794 = EDGE_CURVE('',#4787,#4459,#4795,.T.);
#4795 = LINE('',#4796,#4797);
#4796 = CARTESIAN_POINT('',(1.27,1.016,0.));
#4797 = VECTOR('',#4798,1.);
#4798 = DIRECTION('',(-0.707106781187,0.707106781187,0.));
#4799 = ORIENTED_EDGE('',*,*,#4475,.T.);
#4800 = FACE_BOUND('',#4801,.F.);
#4801 = EDGE_LOOP('',(#4802,#4812,#4820,#4828));
#4802 = ORIENTED_EDGE('',*,*,#4803,.F.);
#4803 = EDGE_CURVE('',#4804,#4806,#4808,.T.);
#4804 = VERTEX_POINT('',#4805);
#4805 = CARTESIAN_POINT('',(0.32,-0.32,0.));
#4806 = VERTEX_POINT('',#4807);
#4807 = CARTESIAN_POINT('',(0.32,0.32,0.));
#4808 = LINE('',#4809,#4810);
#4809 = CARTESIAN_POINT('',(0.32,-3.335,0.));
#4810 = VECTOR('',#4811,1.);
#4811 = DIRECTION('',(0.,1.,0.));
#4812 = ORIENTED_EDGE('',*,*,#4813,.T.);
#4813 = EDGE_CURVE('',#4804,#4814,#4816,.T.);
#4814 = VERTEX_POINT('',#4815);
#4815 = CARTESIAN_POINT('',(-0.32,-0.32,0.));
#4816 = LINE('',#4817,#4818);
#4817 = CARTESIAN_POINT('',(-0.16,-0.32,0.));
#4818 = VECTOR('',#4819,1.);
#4819 = DIRECTION('',(-1.,0.,0.));
#4820 = ORIENTED_EDGE('',*,*,#4821,.T.);
#4821 = EDGE_CURVE('',#4814,#4822,#4824,.T.);
#4822 = VERTEX_POINT('',#4823);
#4823 = CARTESIAN_POINT('',(-0.32,0.32,0.));
#4824 = LINE('',#4825,#4826);
#4825 = CARTESIAN_POINT('',(-0.32,-3.335,0.));
#4826 = VECTOR('',#4827,1.);
#4827 = DIRECTION('',(0.,1.,0.));
#4828 = ORIENTED_EDGE('',*,*,#4829,.F.);
#4829 = EDGE_CURVE('',#4806,#4822,#4830,.T.);
#4830 = LINE('',#4831,#4832);
#4831 = CARTESIAN_POINT('',(-0.16,0.32,0.));
#4832 = VECTOR('',#4833,1.);
#4833 = DIRECTION('',(-1.,0.,0.));
#4834 = FACE_BOUND('',#4835,.F.);
#4835 = EDGE_LOOP('',(#4836,#4846,#4854,#4862));
#4836 = ORIENTED_EDGE('',*,*,#4837,.F.);
#4837 = EDGE_CURVE('',#4838,#4840,#4842,.T.);
#4838 = VERTEX_POINT('',#4839);
#4839 = CARTESIAN_POINT('',(0.32,-5.4,0.));
#4840 = VERTEX_POINT('',#4841);
#4841 = CARTESIAN_POINT('',(0.32,-4.76,0.));
#4842 = LINE('',#4843,#4844);
#4843 = CARTESIAN_POINT('',(0.32,-5.875,0.));
#4844 = VECTOR('',#4845,1.);
#4845 = DIRECTION('',(0.,1.,0.));
#4846 = ORIENTED_EDGE('',*,*,#4847,.T.);
#4847 = EDGE_CURVE('',#4838,#4848,#4850,.T.);
#4848 = VERTEX_POINT('',#4849);
#4849 = CARTESIAN_POINT('',(-0.32,-5.4,0.));
#4850 = LINE('',#4851,#4852);
#4851 = CARTESIAN_POINT('',(-0.16,-5.4,0.));
#4852 = VECTOR('',#4853,1.);
#4853 = DIRECTION('',(-1.,0.,0.));
#4854 = ORIENTED_EDGE('',*,*,#4855,.T.);
#4855 = EDGE_CURVE('',#4848,#4856,#4858,.T.);
#4856 = VERTEX_POINT('',#4857);
#4857 = CARTESIAN_POINT('',(-0.32,-4.76,0.));
#4858 = LINE('',#4859,#4860);
#4859 = CARTESIAN_POINT('',(-0.32,-5.875,0.));
#4860 = VECTOR('',#4861,1.);
#4861 = DIRECTION('',(0.,1.,0.));
#4862 = ORIENTED_EDGE('',*,*,#4863,.F.);
#4863 = EDGE_CURVE('',#4840,#4856,#4864,.T.);
#4864 = LINE('',#4865,#4866);
#4865 = CARTESIAN_POINT('',(-0.16,-4.76,0.));
#4866 = VECTOR('',#4867,1.);
#4867 = DIRECTION('',(-1.,0.,0.));
#4868 = FACE_BOUND('',#4869,.F.);
#4869 = EDGE_LOOP('',(#4870,#4880,#4888,#4896));
#4870 = ORIENTED_EDGE('',*,*,#4871,.F.);
#4871 = EDGE_CURVE('',#4872,#4874,#4876,.T.);
#4872 = VERTEX_POINT('',#4873);
#4873 = CARTESIAN_POINT('',(0.32,-2.86,0.));
#4874 = VERTEX_POINT('',#4875);
#4875 = CARTESIAN_POINT('',(0.32,-2.22,0.));
#4876 = LINE('',#4877,#4878);
#4877 = CARTESIAN_POINT('',(0.32,-4.605,0.));
#4878 = VECTOR('',#4879,1.);
#4879 = DIRECTION('',(0.,1.,0.));
#4880 = ORIENTED_EDGE('',*,*,#4881,.T.);
#4881 = EDGE_CURVE('',#4872,#4882,#4884,.T.);
#4882 = VERTEX_POINT('',#4883);
#4883 = CARTESIAN_POINT('',(-0.32,-2.86,0.));
#4884 = LINE('',#4885,#4886);
#4885 = CARTESIAN_POINT('',(-0.16,-2.86,0.));
#4886 = VECTOR('',#4887,1.);
#4887 = DIRECTION('',(-1.,0.,0.));
#4888 = ORIENTED_EDGE('',*,*,#4889,.T.);
#4889 = EDGE_CURVE('',#4882,#4890,#4892,.T.);
#4890 = VERTEX_POINT('',#4891);
#4891 = CARTESIAN_POINT('',(-0.32,-2.22,0.));
#4892 = LINE('',#4893,#4894);
#4893 = CARTESIAN_POINT('',(-0.32,-4.605,0.));
#4894 = VECTOR('',#4895,1.);
#4895 = DIRECTION('',(0.,1.,0.));
#4896 = ORIENTED_EDGE('',*,*,#4897,.F.);
#4897 = EDGE_CURVE('',#4874,#4890,#4898,.T.);
#4898 = LINE('',#4899,#4900);
#4899 = CARTESIAN_POINT('',(-0.16,-2.22,0.));
#4900 = VECTOR('',#4901,1.);
#4901 = DIRECTION('',(-1.,0.,0.));
#4902 = FACE_BOUND('',#4903,.F.);
#4903 = EDGE_LOOP('',(#4904,#4914,#4922,#4930));
#4904 = ORIENTED_EDGE('',*,*,#4905,.T.);
#4905 = EDGE_CURVE('',#4906,#4908,#4910,.T.);
#4906 = VERTEX_POINT('',#4907);
#4907 = CARTESIAN_POINT('',(0.32,-13.02,0.));
#4908 = VERTEX_POINT('',#4909);
#4909 = CARTESIAN_POINT('',(-0.32,-13.02,0.));
#4910 = LINE('',#4911,#4912);
#4911 = CARTESIAN_POINT('',(-0.16,-13.02,0.));
#4912 = VECTOR('',#4913,1.);
#4913 = DIRECTION('',(-1.,0.,0.));
#4914 = ORIENTED_EDGE('',*,*,#4915,.T.);
#4915 = EDGE_CURVE('',#4908,#4916,#4918,.T.);
#4916 = VERTEX_POINT('',#4917);
#4917 = CARTESIAN_POINT('',(-0.32,-12.38,0.));
#4918 = LINE('',#4919,#4920);
#4919 = CARTESIAN_POINT('',(-0.32,-9.685,0.));
#4920 = VECTOR('',#4921,1.);
#4921 = DIRECTION('',(0.,1.,0.));
#4922 = ORIENTED_EDGE('',*,*,#4923,.F.);
#4923 = EDGE_CURVE('',#4924,#4916,#4926,.T.);
#4924 = VERTEX_POINT('',#4925);
#4925 = CARTESIAN_POINT('',(0.32,-12.38,0.));
#4926 = LINE('',#4927,#4928);
#4927 = CARTESIAN_POINT('',(-0.16,-12.38,0.));
#4928 = VECTOR('',#4929,1.);
#4929 = DIRECTION('',(-1.,0.,0.));
#4930 = ORIENTED_EDGE('',*,*,#4931,.F.);
#4931 = EDGE_CURVE('',#4906,#4924,#4932,.T.);
#4932 = LINE('',#4933,#4934);
#4933 = CARTESIAN_POINT('',(0.32,-9.685,0.));
#4934 = VECTOR('',#4935,1.);
#4935 = DIRECTION('',(0.,1.,0.));
#4936 = FACE_BOUND('',#4937,.F.);
#4937 = EDGE_LOOP('',(#4938,#4948,#4956,#4964));
#4938 = ORIENTED_EDGE('',*,*,#4939,.F.);
#4939 = EDGE_CURVE('',#4940,#4942,#4944,.T.);
#4940 = VERTEX_POINT('',#4941);
#4941 = CARTESIAN_POINT('',(0.32,-9.84,0.));
#4942 = VERTEX_POINT('',#4943);
#4943 = CARTESIAN_POINT('',(-0.32,-9.84,0.));
#4944 = LINE('',#4945,#4946);
#4945 = CARTESIAN_POINT('',(-0.16,-9.84,0.));
#4946 = VECTOR('',#4947,1.);
#4947 = DIRECTION('',(-1.,0.,0.));
#4948 = ORIENTED_EDGE('',*,*,#4949,.F.);
#4949 = EDGE_CURVE('',#4950,#4940,#4952,.T.);
#4950 = VERTEX_POINT('',#4951);
#4951 = CARTESIAN_POINT('',(0.32,-10.48,0.));
#4952 = LINE('',#4953,#4954);
#4953 = CARTESIAN_POINT('',(0.32,-8.415,0.));
#4954 = VECTOR('',#4955,1.);
#4955 = DIRECTION('',(0.,1.,0.));
#4956 = ORIENTED_EDGE('',*,*,#4957,.T.);
#4957 = EDGE_CURVE('',#4950,#4958,#4960,.T.);
#4958 = VERTEX_POINT('',#4959);
#4959 = CARTESIAN_POINT('',(-0.32,-10.48,0.));
#4960 = LINE('',#4961,#4962);
#4961 = CARTESIAN_POINT('',(-0.16,-10.48,0.));
#4962 = VECTOR('',#4963,1.);
#4963 = DIRECTION('',(-1.,0.,0.));
#4964 = ORIENTED_EDGE('',*,*,#4965,.T.);
#4965 = EDGE_CURVE('',#4958,#4942,#4966,.T.);
#4966 = LINE('',#4967,#4968);
#4967 = CARTESIAN_POINT('',(-0.32,-8.415,0.));
#4968 = VECTOR('',#4969,1.);
#4969 = DIRECTION('',(0.,1.,0.));
#4970 = FACE_BOUND('',#4971,.F.);
#4971 = EDGE_LOOP('',(#4972,#4982,#4990,#4998));
#4972 = ORIENTED_EDGE('',*,*,#4973,.T.);
#4973 = EDGE_CURVE('',#4974,#4976,#4978,.T.);
#4974 = VERTEX_POINT('',#4975);
#4975 = CARTESIAN_POINT('',(0.32,-7.94,0.));
#4976 = VERTEX_POINT('',#4977);
#4977 = CARTESIAN_POINT('',(-0.32,-7.94,0.));
#4978 = LINE('',#4979,#4980);
#4979 = CARTESIAN_POINT('',(-0.16,-7.94,0.));
#4980 = VECTOR('',#4981,1.);
#4981 = DIRECTION('',(-1.,0.,0.));
#4982 = ORIENTED_EDGE('',*,*,#4983,.T.);
#4983 = EDGE_CURVE('',#4976,#4984,#4986,.T.);
#4984 = VERTEX_POINT('',#4985);
#4985 = CARTESIAN_POINT('',(-0.32,-7.3,0.));
#4986 = LINE('',#4987,#4988);
#4987 = CARTESIAN_POINT('',(-0.32,-7.145,0.));
#4988 = VECTOR('',#4989,1.);
#4989 = DIRECTION('',(0.,1.,0.));
#4990 = ORIENTED_EDGE('',*,*,#4991,.F.);
#4991 = EDGE_CURVE('',#4992,#4984,#4994,.T.);
#4992 = VERTEX_POINT('',#4993);
#4993 = CARTESIAN_POINT('',(0.32,-7.3,0.));
#4994 = LINE('',#4995,#4996);
#4995 = CARTESIAN_POINT('',(-0.16,-7.3,0.));
#4996 = VECTOR('',#4997,1.);
#4997 = DIRECTION('',(-1.,0.,0.));
#4998 = ORIENTED_EDGE('',*,*,#4999,.F.);
#4999 = EDGE_CURVE('',#4974,#4992,#5000,.T.);
#5000 = LINE('',#5001,#5002);
#5001 = CARTESIAN_POINT('',(0.32,-7.145,0.));
#5002 = VECTOR('',#5003,1.);
#5003 = DIRECTION('',(0.,1.,0.));
#5004 = PLANE('',#5005);
#5005 = AXIS2_PLACEMENT_3D('',#5006,#5007,#5008);
#5006 = CARTESIAN_POINT('',(-1.797008255889E-17,-6.35,0.));
#5007 = DIRECTION('',(0.,0.,1.));
#5008 = DIRECTION('',(1.,0.,-0.));
#5009 = ADVANCED_FACE('',(#5010,#5293,#5327,#5361,#5395,#5429,#5463),
  #5497,.T.);
#5010 = FACE_BOUND('',#5011,.T.);
#5011 = EDGE_LOOP('',(#5012,#5013,#5014,#5022,#5030,#5038,#5046,#5054,
    #5062,#5070,#5078,#5086,#5094,#5102,#5110,#5118,#5126,#5134,#5142,
    #5150,#5158,#5166,#5174,#5182,#5190,#5198,#5206,#5214,#5222,#5230,
    #5238,#5246,#5254,#5262,#5270,#5278,#5286,#5292));
#5012 = ORIENTED_EDGE('',*,*,#4428,.T.);
#5013 = ORIENTED_EDGE('',*,*,#4490,.T.);
#5014 = ORIENTED_EDGE('',*,*,#5015,.T.);
#5015 = EDGE_CURVE('',#4491,#5016,#5018,.T.);
#5016 = VERTEX_POINT('',#5017);
#5017 = CARTESIAN_POINT('',(-1.016,-1.27,2.54));
#5018 = LINE('',#5019,#5020);
#5019 = CARTESIAN_POINT('',(-1.27,-1.016,2.54));
#5020 = VECTOR('',#5021,1.);
#5021 = DIRECTION('',(0.707106781187,-0.707106781187,0.));
#5022 = ORIENTED_EDGE('',*,*,#5023,.T.);
#5023 = EDGE_CURVE('',#5016,#5024,#5026,.T.);
#5024 = VERTEX_POINT('',#5025);
#5025 = CARTESIAN_POINT('',(-1.27,-1.524,2.54));
#5026 = LINE('',#5027,#5028);
#5027 = CARTESIAN_POINT('',(-1.016,-1.27,2.54));
#5028 = VECTOR('',#5029,1.);
#5029 = DIRECTION('',(-0.707106781187,-0.707106781187,0.));
#5030 = ORIENTED_EDGE('',*,*,#5031,.T.);
#5031 = EDGE_CURVE('',#5024,#5032,#5034,.T.);
#5032 = VERTEX_POINT('',#5033);
#5033 = CARTESIAN_POINT('',(-1.27,-3.556,2.54));
#5034 = LINE('',#5035,#5036);
#5035 = CARTESIAN_POINT('',(-1.27,-1.524,2.54));
#5036 = VECTOR('',#5037,1.);
#5037 = DIRECTION('',(0.,-1.,0.));
#5038 = ORIENTED_EDGE('',*,*,#5039,.T.);
#5039 = EDGE_CURVE('',#5032,#5040,#5042,.T.);
#5040 = VERTEX_POINT('',#5041);
#5041 = CARTESIAN_POINT('',(-1.016,-3.81,2.54));
#5042 = LINE('',#5043,#5044);
#5043 = CARTESIAN_POINT('',(-1.27,-3.556,2.54));
#5044 = VECTOR('',#5045,1.);
#5045 = DIRECTION('',(0.707106781187,-0.707106781187,0.));
#5046 = ORIENTED_EDGE('',*,*,#5047,.T.);
#5047 = EDGE_CURVE('',#5040,#5048,#5050,.T.);
#5048 = VERTEX_POINT('',#5049);
#5049 = CARTESIAN_POINT('',(-1.27,-4.064,2.54));
#5050 = LINE('',#5051,#5052);
#5051 = CARTESIAN_POINT('',(-1.016,-3.81,2.54));
#5052 = VECTOR('',#5053,1.);
#5053 = DIRECTION('',(-0.707106781187,-0.707106781187,0.));
#5054 = ORIENTED_EDGE('',*,*,#5055,.T.);
#5055 = EDGE_CURVE('',#5048,#5056,#5058,.T.);
#5056 = VERTEX_POINT('',#5057);
#5057 = CARTESIAN_POINT('',(-1.27,-6.096,2.54));
#5058 = LINE('',#5059,#5060);
#5059 = CARTESIAN_POINT('',(-1.27,-4.064,2.54));
#5060 = VECTOR('',#5061,1.);
#5061 = DIRECTION('',(0.,-1.,0.));
#5062 = ORIENTED_EDGE('',*,*,#5063,.T.);
#5063 = EDGE_CURVE('',#5056,#5064,#5066,.T.);
#5064 = VERTEX_POINT('',#5065);
#5065 = CARTESIAN_POINT('',(-1.016,-6.35,2.54));
#5066 = LINE('',#5067,#5068);
#5067 = CARTESIAN_POINT('',(-1.27,-6.096,2.54));
#5068 = VECTOR('',#5069,1.);
#5069 = DIRECTION('',(0.707106781187,-0.707106781187,0.));
#5070 = ORIENTED_EDGE('',*,*,#5071,.T.);
#5071 = EDGE_CURVE('',#5064,#5072,#5074,.T.);
#5072 = VERTEX_POINT('',#5073);
#5073 = CARTESIAN_POINT('',(-1.27,-6.604,2.54));
#5074 = LINE('',#5075,#5076);
#5075 = CARTESIAN_POINT('',(-1.016,-6.35,2.54));
#5076 = VECTOR('',#5077,1.);
#5077 = DIRECTION('',(-0.707106781187,-0.707106781187,0.));
#5078 = ORIENTED_EDGE('',*,*,#5079,.T.);
#5079 = EDGE_CURVE('',#5072,#5080,#5082,.T.);
#5080 = VERTEX_POINT('',#5081);
#5081 = CARTESIAN_POINT('',(-1.27,-8.636,2.54));
#5082 = LINE('',#5083,#5084);
#5083 = CARTESIAN_POINT('',(-1.27,-6.604,2.54));
#5084 = VECTOR('',#5085,1.);
#5085 = DIRECTION('',(0.,-1.,0.));
#5086 = ORIENTED_EDGE('',*,*,#5087,.T.);
#5087 = EDGE_CURVE('',#5080,#5088,#5090,.T.);
#5088 = VERTEX_POINT('',#5089);
#5089 = CARTESIAN_POINT('',(-1.016,-8.89,2.54));
#5090 = LINE('',#5091,#5092);
#5091 = CARTESIAN_POINT('',(-1.27,-8.636,2.54));
#5092 = VECTOR('',#5093,1.);
#5093 = DIRECTION('',(0.707106781187,-0.707106781187,0.));
#5094 = ORIENTED_EDGE('',*,*,#5095,.T.);
#5095 = EDGE_CURVE('',#5088,#5096,#5098,.T.);
#5096 = VERTEX_POINT('',#5097);
#5097 = CARTESIAN_POINT('',(-1.27,-9.144,2.54));
#5098 = LINE('',#5099,#5100);
#5099 = CARTESIAN_POINT('',(-1.016,-8.89,2.54));
#5100 = VECTOR('',#5101,1.);
#5101 = DIRECTION('',(-0.707106781187,-0.707106781187,0.));
#5102 = ORIENTED_EDGE('',*,*,#5103,.T.);
#5103 = EDGE_CURVE('',#5096,#5104,#5106,.T.);
#5104 = VERTEX_POINT('',#5105);
#5105 = CARTESIAN_POINT('',(-1.27,-11.176,2.54));
#5106 = LINE('',#5107,#5108);
#5107 = CARTESIAN_POINT('',(-1.27,-9.144,2.54));
#5108 = VECTOR('',#5109,1.);
#5109 = DIRECTION('',(0.,-1.,0.));
#5110 = ORIENTED_EDGE('',*,*,#5111,.T.);
#5111 = EDGE_CURVE('',#5104,#5112,#5114,.T.);
#5112 = VERTEX_POINT('',#5113);
#5113 = CARTESIAN_POINT('',(-1.016,-11.43,2.54));
#5114 = LINE('',#5115,#5116);
#5115 = CARTESIAN_POINT('',(-1.27,-11.176,2.54));
#5116 = VECTOR('',#5117,1.);
#5117 = DIRECTION('',(0.707106781187,-0.707106781187,0.));
#5118 = ORIENTED_EDGE('',*,*,#5119,.T.);
#5119 = EDGE_CURVE('',#5112,#5120,#5122,.T.);
#5120 = VERTEX_POINT('',#5121);
#5121 = CARTESIAN_POINT('',(-1.27,-11.684,2.54));
#5122 = LINE('',#5123,#5124);
#5123 = CARTESIAN_POINT('',(-1.016,-11.43,2.54));
#5124 = VECTOR('',#5125,1.);
#5125 = DIRECTION('',(-0.707106781187,-0.707106781187,0.));
#5126 = ORIENTED_EDGE('',*,*,#5127,.T.);
#5127 = EDGE_CURVE('',#5120,#5128,#5130,.T.);
#5128 = VERTEX_POINT('',#5129);
#5129 = CARTESIAN_POINT('',(-1.27,-13.716,2.54));
#5130 = LINE('',#5131,#5132);
#5131 = CARTESIAN_POINT('',(-1.27,-11.684,2.54));
#5132 = VECTOR('',#5133,1.);
#5133 = DIRECTION('',(0.,-1.,0.));
#5134 = ORIENTED_EDGE('',*,*,#5135,.T.);
#5135 = EDGE_CURVE('',#5128,#5136,#5138,.T.);
#5136 = VERTEX_POINT('',#5137);
#5137 = CARTESIAN_POINT('',(-1.016,-13.97,2.54));
#5138 = LINE('',#5139,#5140);
#5139 = CARTESIAN_POINT('',(-1.27,-13.716,2.54));
#5140 = VECTOR('',#5141,1.);
#5141 = DIRECTION('',(0.707106781187,-0.707106781187,0.));
#5142 = ORIENTED_EDGE('',*,*,#5143,.T.);
#5143 = EDGE_CURVE('',#5136,#5144,#5146,.T.);
#5144 = VERTEX_POINT('',#5145);
#5145 = CARTESIAN_POINT('',(1.016,-13.97,2.54));
#5146 = LINE('',#5147,#5148);
#5147 = CARTESIAN_POINT('',(-1.016,-13.97,2.54));
#5148 = VECTOR('',#5149,1.);
#5149 = DIRECTION('',(1.,0.,0.));
#5150 = ORIENTED_EDGE('',*,*,#5151,.T.);
#5151 = EDGE_CURVE('',#5144,#5152,#5154,.T.);
#5152 = VERTEX_POINT('',#5153);
#5153 = CARTESIAN_POINT('',(1.27,-13.716,2.54));
#5154 = LINE('',#5155,#5156);
#5155 = CARTESIAN_POINT('',(1.016,-13.97,2.54));
#5156 = VECTOR('',#5157,1.);
#5157 = DIRECTION('',(0.707106781187,0.707106781187,0.));
#5158 = ORIENTED_EDGE('',*,*,#5159,.T.);
#5159 = EDGE_CURVE('',#5152,#5160,#5162,.T.);
#5160 = VERTEX_POINT('',#5161);
#5161 = CARTESIAN_POINT('',(1.27,-11.684,2.54));
#5162 = LINE('',#5163,#5164);
#5163 = CARTESIAN_POINT('',(1.27,-13.716,2.54));
#5164 = VECTOR('',#5165,1.);
#5165 = DIRECTION('',(0.,1.,0.));
#5166 = ORIENTED_EDGE('',*,*,#5167,.T.);
#5167 = EDGE_CURVE('',#5160,#5168,#5170,.T.);
#5168 = VERTEX_POINT('',#5169);
#5169 = CARTESIAN_POINT('',(1.016,-11.43,2.54));
#5170 = LINE('',#5171,#5172);
#5171 = CARTESIAN_POINT('',(1.27,-11.684,2.54));
#5172 = VECTOR('',#5173,1.);
#5173 = DIRECTION('',(-0.707106781187,0.707106781187,0.));
#5174 = ORIENTED_EDGE('',*,*,#5175,.T.);
#5175 = EDGE_CURVE('',#5168,#5176,#5178,.T.);
#5176 = VERTEX_POINT('',#5177);
#5177 = CARTESIAN_POINT('',(1.27,-11.176,2.54));
#5178 = LINE('',#5179,#5180);
#5179 = CARTESIAN_POINT('',(1.016,-11.43,2.54));
#5180 = VECTOR('',#5181,1.);
#5181 = DIRECTION('',(0.707106781187,0.707106781187,0.));
#5182 = ORIENTED_EDGE('',*,*,#5183,.T.);
#5183 = EDGE_CURVE('',#5176,#5184,#5186,.T.);
#5184 = VERTEX_POINT('',#5185);
#5185 = CARTESIAN_POINT('',(1.27,-9.144,2.54));
#5186 = LINE('',#5187,#5188);
#5187 = CARTESIAN_POINT('',(1.27,-11.176,2.54));
#5188 = VECTOR('',#5189,1.);
#5189 = DIRECTION('',(0.,1.,0.));
#5190 = ORIENTED_EDGE('',*,*,#5191,.T.);
#5191 = EDGE_CURVE('',#5184,#5192,#5194,.T.);
#5192 = VERTEX_POINT('',#5193);
#5193 = CARTESIAN_POINT('',(1.016,-8.89,2.54));
#5194 = LINE('',#5195,#5196);
#5195 = CARTESIAN_POINT('',(1.27,-9.144,2.54));
#5196 = VECTOR('',#5197,1.);
#5197 = DIRECTION('',(-0.707106781187,0.707106781187,0.));
#5198 = ORIENTED_EDGE('',*,*,#5199,.T.);
#5199 = EDGE_CURVE('',#5192,#5200,#5202,.T.);
#5200 = VERTEX_POINT('',#5201);
#5201 = CARTESIAN_POINT('',(1.27,-8.636,2.54));
#5202 = LINE('',#5203,#5204);
#5203 = CARTESIAN_POINT('',(1.016,-8.89,2.54));
#5204 = VECTOR('',#5205,1.);
#5205 = DIRECTION('',(0.707106781187,0.707106781187,0.));
#5206 = ORIENTED_EDGE('',*,*,#5207,.T.);
#5207 = EDGE_CURVE('',#5200,#5208,#5210,.T.);
#5208 = VERTEX_POINT('',#5209);
#5209 = CARTESIAN_POINT('',(1.27,-6.604,2.54));
#5210 = LINE('',#5211,#5212);
#5211 = CARTESIAN_POINT('',(1.27,-8.636,2.54));
#5212 = VECTOR('',#5213,1.);
#5213 = DIRECTION('',(0.,1.,0.));
#5214 = ORIENTED_EDGE('',*,*,#5215,.T.);
#5215 = EDGE_CURVE('',#5208,#5216,#5218,.T.);
#5216 = VERTEX_POINT('',#5217);
#5217 = CARTESIAN_POINT('',(1.016,-6.35,2.54));
#5218 = LINE('',#5219,#5220);
#5219 = CARTESIAN_POINT('',(1.27,-6.604,2.54));
#5220 = VECTOR('',#5221,1.);
#5221 = DIRECTION('',(-0.707106781187,0.707106781187,0.));
#5222 = ORIENTED_EDGE('',*,*,#5223,.T.);
#5223 = EDGE_CURVE('',#5216,#5224,#5226,.T.);
#5224 = VERTEX_POINT('',#5225);
#5225 = CARTESIAN_POINT('',(1.27,-6.096,2.54));
#5226 = LINE('',#5227,#5228);
#5227 = CARTESIAN_POINT('',(1.016,-6.35,2.54));
#5228 = VECTOR('',#5229,1.);
#5229 = DIRECTION('',(0.707106781187,0.707106781187,0.));
#5230 = ORIENTED_EDGE('',*,*,#5231,.T.);
#5231 = EDGE_CURVE('',#5224,#5232,#5234,.T.);
#5232 = VERTEX_POINT('',#5233);
#5233 = CARTESIAN_POINT('',(1.27,-4.064,2.54));
#5234 = LINE('',#5235,#5236);
#5235 = CARTESIAN_POINT('',(1.27,-6.096,2.54));
#5236 = VECTOR('',#5237,1.);
#5237 = DIRECTION('',(0.,1.,0.));
#5238 = ORIENTED_EDGE('',*,*,#5239,.T.);
#5239 = EDGE_CURVE('',#5232,#5240,#5242,.T.);
#5240 = VERTEX_POINT('',#5241);
#5241 = CARTESIAN_POINT('',(1.016,-3.81,2.54));
#5242 = LINE('',#5243,#5244);
#5243 = CARTESIAN_POINT('',(1.27,-4.064,2.54));
#5244 = VECTOR('',#5245,1.);
#5245 = DIRECTION('',(-0.707106781187,0.707106781187,0.));
#5246 = ORIENTED_EDGE('',*,*,#5247,.T.);
#5247 = EDGE_CURVE('',#5240,#5248,#5250,.T.);
#5248 = VERTEX_POINT('',#5249);
#5249 = CARTESIAN_POINT('',(1.27,-3.556,2.54));
#5250 = LINE('',#5251,#5252);
#5251 = CARTESIAN_POINT('',(1.016,-3.81,2.54));
#5252 = VECTOR('',#5253,1.);
#5253 = DIRECTION('',(0.707106781187,0.707106781187,0.));
#5254 = ORIENTED_EDGE('',*,*,#5255,.T.);
#5255 = EDGE_CURVE('',#5248,#5256,#5258,.T.);
#5256 = VERTEX_POINT('',#5257);
#5257 = CARTESIAN_POINT('',(1.27,-1.524,2.54));
#5258 = LINE('',#5259,#5260);
#5259 = CARTESIAN_POINT('',(1.27,-3.556,2.54));
#5260 = VECTOR('',#5261,1.);
#5261 = DIRECTION('',(0.,1.,0.));
#5262 = ORIENTED_EDGE('',*,*,#5263,.T.);
#5263 = EDGE_CURVE('',#5256,#5264,#5266,.T.);
#5264 = VERTEX_POINT('',#5265);
#5265 = CARTESIAN_POINT('',(1.016,-1.27,2.54));
#5266 = LINE('',#5267,#5268);
#5267 = CARTESIAN_POINT('',(1.27,-1.524,2.54));
#5268 = VECTOR('',#5269,1.);
#5269 = DIRECTION('',(-0.707106781187,0.707106781187,0.));
#5270 = ORIENTED_EDGE('',*,*,#5271,.T.);
#5271 = EDGE_CURVE('',#5264,#5272,#5274,.T.);
#5272 = VERTEX_POINT('',#5273);
#5273 = CARTESIAN_POINT('',(1.27,-1.016,2.54));
#5274 = LINE('',#5275,#5276);
#5275 = CARTESIAN_POINT('',(1.016,-1.27,2.54));
#5276 = VECTOR('',#5277,1.);
#5277 = DIRECTION('',(0.707106781187,0.707106781187,0.));
#5278 = ORIENTED_EDGE('',*,*,#5279,.T.);
#5279 = EDGE_CURVE('',#5272,#5280,#5282,.T.);
#5280 = VERTEX_POINT('',#5281);
#5281 = CARTESIAN_POINT('',(1.27,1.016,2.54));
#5282 = LINE('',#5283,#5284);
#5283 = CARTESIAN_POINT('',(1.27,-1.016,2.54));
#5284 = VECTOR('',#5285,1.);
#5285 = DIRECTION('',(0.,1.,0.));
#5286 = ORIENTED_EDGE('',*,*,#5287,.T.);
#5287 = EDGE_CURVE('',#5280,#4461,#5288,.T.);
#5288 = LINE('',#5289,#5290);
#5289 = CARTESIAN_POINT('',(1.27,1.016,2.54));
#5290 = VECTOR('',#5291,1.);
#5291 = DIRECTION('',(-0.707106781187,0.707106781187,0.));
#5292 = ORIENTED_EDGE('',*,*,#4468,.T.);
#5293 = FACE_BOUND('',#5294,.T.);
#5294 = EDGE_LOOP('',(#5295,#5305,#5313,#5321));
#5295 = ORIENTED_EDGE('',*,*,#5296,.F.);
#5296 = EDGE_CURVE('',#5297,#5299,#5301,.T.);
#5297 = VERTEX_POINT('',#5298);
#5298 = CARTESIAN_POINT('',(0.32,-0.32,2.54));
#5299 = VERTEX_POINT('',#5300);
#5300 = CARTESIAN_POINT('',(0.32,0.32,2.54));
#5301 = LINE('',#5302,#5303);
#5302 = CARTESIAN_POINT('',(0.32,-3.335,2.54));
#5303 = VECTOR('',#5304,1.);
#5304 = DIRECTION('',(0.,1.,0.));
#5305 = ORIENTED_EDGE('',*,*,#5306,.T.);
#5306 = EDGE_CURVE('',#5297,#5307,#5309,.T.);
#5307 = VERTEX_POINT('',#5308);
#5308 = CARTESIAN_POINT('',(-0.32,-0.32,2.54));
#5309 = LINE('',#5310,#5311);
#5310 = CARTESIAN_POINT('',(-0.16,-0.32,2.54));
#5311 = VECTOR('',#5312,1.);
#5312 = DIRECTION('',(-1.,0.,0.));
#5313 = ORIENTED_EDGE('',*,*,#5314,.T.);
#5314 = EDGE_CURVE('',#5307,#5315,#5317,.T.);
#5315 = VERTEX_POINT('',#5316);
#5316 = CARTESIAN_POINT('',(-0.32,0.32,2.54));
#5317 = LINE('',#5318,#5319);
#5318 = CARTESIAN_POINT('',(-0.32,-3.335,2.54));
#5319 = VECTOR('',#5320,1.);
#5320 = DIRECTION('',(0.,1.,0.));
#5321 = ORIENTED_EDGE('',*,*,#5322,.F.);
#5322 = EDGE_CURVE('',#5299,#5315,#5323,.T.);
#5323 = LINE('',#5324,#5325);
#5324 = CARTESIAN_POINT('',(-0.16,0.32,2.54));
#5325 = VECTOR('',#5326,1.);
#5326 = DIRECTION('',(-1.,0.,0.));
#5327 = FACE_BOUND('',#5328,.T.);
#5328 = EDGE_LOOP('',(#5329,#5339,#5347,#5355));
#5329 = ORIENTED_EDGE('',*,*,#5330,.F.);
#5330 = EDGE_CURVE('',#5331,#5333,#5335,.T.);
#5331 = VERTEX_POINT('',#5332);
#5332 = CARTESIAN_POINT('',(0.32,-5.4,2.54));
#5333 = VERTEX_POINT('',#5334);
#5334 = CARTESIAN_POINT('',(0.32,-4.76,2.54));
#5335 = LINE('',#5336,#5337);
#5336 = CARTESIAN_POINT('',(0.32,-5.875,2.54));
#5337 = VECTOR('',#5338,1.);
#5338 = DIRECTION('',(0.,1.,0.));
#5339 = ORIENTED_EDGE('',*,*,#5340,.T.);
#5340 = EDGE_CURVE('',#5331,#5341,#5343,.T.);
#5341 = VERTEX_POINT('',#5342);
#5342 = CARTESIAN_POINT('',(-0.32,-5.4,2.54));
#5343 = LINE('',#5344,#5345);
#5344 = CARTESIAN_POINT('',(-0.16,-5.4,2.54));
#5345 = VECTOR('',#5346,1.);
#5346 = DIRECTION('',(-1.,0.,0.));
#5347 = ORIENTED_EDGE('',*,*,#5348,.T.);
#5348 = EDGE_CURVE('',#5341,#5349,#5351,.T.);
#5349 = VERTEX_POINT('',#5350);
#5350 = CARTESIAN_POINT('',(-0.32,-4.76,2.54));
#5351 = LINE('',#5352,#5353);
#5352 = CARTESIAN_POINT('',(-0.32,-5.875,2.54));
#5353 = VECTOR('',#5354,1.);
#5354 = DIRECTION('',(0.,1.,0.));
#5355 = ORIENTED_EDGE('',*,*,#5356,.F.);
#5356 = EDGE_CURVE('',#5333,#5349,#5357,.T.);
#5357 = LINE('',#5358,#5359);
#5358 = CARTESIAN_POINT('',(-0.16,-4.76,2.54));
#5359 = VECTOR('',#5360,1.);
#5360 = DIRECTION('',(-1.,0.,0.));
#5361 = FACE_BOUND('',#5362,.T.);
#5362 = EDGE_LOOP('',(#5363,#5373,#5381,#5389));
#5363 = ORIENTED_EDGE('',*,*,#5364,.F.);
#5364 = EDGE_CURVE('',#5365,#5367,#5369,.T.);
#5365 = VERTEX_POINT('',#5366);
#5366 = CARTESIAN_POINT('',(0.32,-2.86,2.54));
#5367 = VERTEX_POINT('',#5368);
#5368 = CARTESIAN_POINT('',(0.32,-2.22,2.54));
#5369 = LINE('',#5370,#5371);
#5370 = CARTESIAN_POINT('',(0.32,-4.605,2.54));
#5371 = VECTOR('',#5372,1.);
#5372 = DIRECTION('',(0.,1.,0.));
#5373 = ORIENTED_EDGE('',*,*,#5374,.T.);
#5374 = EDGE_CURVE('',#5365,#5375,#5377,.T.);
#5375 = VERTEX_POINT('',#5376);
#5376 = CARTESIAN_POINT('',(-0.32,-2.86,2.54));
#5377 = LINE('',#5378,#5379);
#5378 = CARTESIAN_POINT('',(-0.16,-2.86,2.54));
#5379 = VECTOR('',#5380,1.);
#5380 = DIRECTION('',(-1.,0.,0.));
#5381 = ORIENTED_EDGE('',*,*,#5382,.T.);
#5382 = EDGE_CURVE('',#5375,#5383,#5385,.T.);
#5383 = VERTEX_POINT('',#5384);
#5384 = CARTESIAN_POINT('',(-0.32,-2.22,2.54));
#5385 = LINE('',#5386,#5387);
#5386 = CARTESIAN_POINT('',(-0.32,-4.605,2.54));
#5387 = VECTOR('',#5388,1.);
#5388 = DIRECTION('',(0.,1.,0.));
#5389 = ORIENTED_EDGE('',*,*,#5390,.F.);
#5390 = EDGE_CURVE('',#5367,#5383,#5391,.T.);
#5391 = LINE('',#5392,#5393);
#5392 = CARTESIAN_POINT('',(-0.16,-2.22,2.54));
#5393 = VECTOR('',#5394,1.);
#5394 = DIRECTION('',(-1.,0.,0.));
#5395 = FACE_BOUND('',#5396,.T.);
#5396 = EDGE_LOOP('',(#5397,#5407,#5415,#5423));
#5397 = ORIENTED_EDGE('',*,*,#5398,.T.);
#5398 = EDGE_CURVE('',#5399,#5401,#5403,.T.);
#5399 = VERTEX_POINT('',#5400);
#5400 = CARTESIAN_POINT('',(0.32,-13.02,2.54));
#5401 = VERTEX_POINT('',#5402);
#5402 = CARTESIAN_POINT('',(-0.32,-13.02,2.54));
#5403 = LINE('',#5404,#5405);
#5404 = CARTESIAN_POINT('',(-0.16,-13.02,2.54));
#5405 = VECTOR('',#5406,1.);
#5406 = DIRECTION('',(-1.,0.,0.));
#5407 = ORIENTED_EDGE('',*,*,#5408,.T.);
#5408 = EDGE_CURVE('',#5401,#5409,#5411,.T.);
#5409 = VERTEX_POINT('',#5410);
#5410 = CARTESIAN_POINT('',(-0.32,-12.38,2.54));
#5411 = LINE('',#5412,#5413);
#5412 = CARTESIAN_POINT('',(-0.32,-9.685,2.54));
#5413 = VECTOR('',#5414,1.);
#5414 = DIRECTION('',(0.,1.,0.));
#5415 = ORIENTED_EDGE('',*,*,#5416,.F.);
#5416 = EDGE_CURVE('',#5417,#5409,#5419,.T.);
#5417 = VERTEX_POINT('',#5418);
#5418 = CARTESIAN_POINT('',(0.32,-12.38,2.54));
#5419 = LINE('',#5420,#5421);
#5420 = CARTESIAN_POINT('',(-0.16,-12.38,2.54));
#5421 = VECTOR('',#5422,1.);
#5422 = DIRECTION('',(-1.,0.,0.));
#5423 = ORIENTED_EDGE('',*,*,#5424,.F.);
#5424 = EDGE_CURVE('',#5399,#5417,#5425,.T.);
#5425 = LINE('',#5426,#5427);
#5426 = CARTESIAN_POINT('',(0.32,-9.685,2.54));
#5427 = VECTOR('',#5428,1.);
#5428 = DIRECTION('',(0.,1.,0.));
#5429 = FACE_BOUND('',#5430,.T.);
#5430 = EDGE_LOOP('',(#5431,#5441,#5449,#5457));
#5431 = ORIENTED_EDGE('',*,*,#5432,.F.);
#5432 = EDGE_CURVE('',#5433,#5435,#5437,.T.);
#5433 = VERTEX_POINT('',#5434);
#5434 = CARTESIAN_POINT('',(0.32,-9.84,2.54));
#5435 = VERTEX_POINT('',#5436);
#5436 = CARTESIAN_POINT('',(-0.32,-9.84,2.54));
#5437 = LINE('',#5438,#5439);
#5438 = CARTESIAN_POINT('',(-0.16,-9.84,2.54));
#5439 = VECTOR('',#5440,1.);
#5440 = DIRECTION('',(-1.,0.,0.));
#5441 = ORIENTED_EDGE('',*,*,#5442,.F.);
#5442 = EDGE_CURVE('',#5443,#5433,#5445,.T.);
#5443 = VERTEX_POINT('',#5444);
#5444 = CARTESIAN_POINT('',(0.32,-10.48,2.54));
#5445 = LINE('',#5446,#5447);
#5446 = CARTESIAN_POINT('',(0.32,-8.415,2.54));
#5447 = VECTOR('',#5448,1.);
#5448 = DIRECTION('',(0.,1.,0.));
#5449 = ORIENTED_EDGE('',*,*,#5450,.T.);
#5450 = EDGE_CURVE('',#5443,#5451,#5453,.T.);
#5451 = VERTEX_POINT('',#5452);
#5452 = CARTESIAN_POINT('',(-0.32,-10.48,2.54));
#5453 = LINE('',#5454,#5455);
#5454 = CARTESIAN_POINT('',(-0.16,-10.48,2.54));
#5455 = VECTOR('',#5456,1.);
#5456 = DIRECTION('',(-1.,0.,0.));
#5457 = ORIENTED_EDGE('',*,*,#5458,.T.);
#5458 = EDGE_CURVE('',#5451,#5435,#5459,.T.);
#5459 = LINE('',#5460,#5461);
#5460 = CARTESIAN_POINT('',(-0.32,-8.415,2.54));
#5461 = VECTOR('',#5462,1.);
#5462 = DIRECTION('',(0.,1.,0.));
#5463 = FACE_BOUND('',#5464,.T.);
#5464 = EDGE_LOOP('',(#5465,#5475,#5483,#5491));
#5465 = ORIENTED_EDGE('',*,*,#5466,.T.);
#5466 = EDGE_CURVE('',#5467,#5469,#5471,.T.);
#5467 = VERTEX_POINT('',#5468);
#5468 = CARTESIAN_POINT('',(0.32,-7.94,2.54));
#5469 = VERTEX_POINT('',#5470);
#5470 = CARTESIAN_POINT('',(-0.32,-7.94,2.54));
#5471 = LINE('',#5472,#5473);
#5472 = CARTESIAN_POINT('',(-0.16,-7.94,2.54));
#5473 = VECTOR('',#5474,1.);
#5474 = DIRECTION('',(-1.,0.,0.));
#5475 = ORIENTED_EDGE('',*,*,#5476,.T.);
#5476 = EDGE_CURVE('',#5469,#5477,#5479,.T.);
#5477 = VERTEX_POINT('',#5478);
#5478 = CARTESIAN_POINT('',(-0.32,-7.3,2.54));
#5479 = LINE('',#5480,#5481);
#5480 = CARTESIAN_POINT('',(-0.32,-7.145,2.54));
#5481 = VECTOR('',#5482,1.);
#5482 = DIRECTION('',(0.,1.,0.));
#5483 = ORIENTED_EDGE('',*,*,#5484,.F.);
#5484 = EDGE_CURVE('',#5485,#5477,#5487,.T.);
#5485 = VERTEX_POINT('',#5486);
#5486 = CARTESIAN_POINT('',(0.32,-7.3,2.54));
#5487 = LINE('',#5488,#5489);
#5488 = CARTESIAN_POINT('',(-0.16,-7.3,2.54));
#5489 = VECTOR('',#5490,1.);
#5490 = DIRECTION('',(-1.,0.,0.));
#5491 = ORIENTED_EDGE('',*,*,#5492,.F.);
#5492 = EDGE_CURVE('',#5467,#5485,#5493,.T.);
#5493 = LINE('',#5494,#5495);
#5494 = CARTESIAN_POINT('',(0.32,-7.145,2.54));
#5495 = VECTOR('',#5496,1.);
#5496 = DIRECTION('',(0.,1.,0.));
#5497 = PLANE('',#5498);
#5498 = AXIS2_PLACEMENT_3D('',#5499,#5500,#5501);
#5499 = CARTESIAN_POINT('',(-1.797008255889E-17,-6.35,2.54));
#5500 = DIRECTION('',(0.,0.,1.));
#5501 = DIRECTION('',(1.,0.,-0.));
#5502 = ADVANCED_FACE('',(#5503),#5514,.F.);
#5503 = FACE_BOUND('',#5504,.F.);
#5504 = EDGE_LOOP('',(#5505,#5511,#5512,#5513));
#5505 = ORIENTED_EDGE('',*,*,#5506,.T.);
#5506 = EDGE_CURVE('',#4787,#5280,#5507,.T.);
#5507 = LINE('',#5508,#5509);
#5508 = CARTESIAN_POINT('',(1.27,1.016,0.));
#5509 = VECTOR('',#5510,1.);
#5510 = DIRECTION('',(0.,0.,1.));
#5511 = ORIENTED_EDGE('',*,*,#5287,.T.);
#5512 = ORIENTED_EDGE('',*,*,#4458,.F.);
#5513 = ORIENTED_EDGE('',*,*,#4794,.F.);
#5514 = PLANE('',#5515);
#5515 = AXIS2_PLACEMENT_3D('',#5516,#5517,#5518);
#5516 = CARTESIAN_POINT('',(1.27,1.016,0.));
#5517 = DIRECTION('',(-0.707106781187,-0.707106781187,0.));
#5518 = DIRECTION('',(-0.707106781187,0.707106781187,0.));
#5519 = ADVANCED_FACE('',(#5520),#5531,.F.);
#5520 = FACE_BOUND('',#5521,.F.);
#5521 = EDGE_LOOP('',(#5522,#5523,#5524,#5530));
#5522 = ORIENTED_EDGE('',*,*,#4498,.T.);
#5523 = ORIENTED_EDGE('',*,*,#5015,.T.);
#5524 = ORIENTED_EDGE('',*,*,#5525,.F.);
#5525 = EDGE_CURVE('',#4523,#5016,#5526,.T.);
#5526 = LINE('',#5527,#5528);
#5527 = CARTESIAN_POINT('',(-1.016,-1.27,0.));
#5528 = VECTOR('',#5529,1.);
#5529 = DIRECTION('',(0.,0.,1.));
#5530 = ORIENTED_EDGE('',*,*,#4522,.F.);
#5531 = PLANE('',#5532);
#5532 = AXIS2_PLACEMENT_3D('',#5533,#5534,#5535);
#5533 = CARTESIAN_POINT('',(-1.27,-1.016,0.));
#5534 = DIRECTION('',(0.707106781187,0.707106781187,0.));
#5535 = DIRECTION('',(0.707106781187,-0.707106781187,0.));
#5536 = ADVANCED_FACE('',(#5537),#5548,.F.);
#5537 = FACE_BOUND('',#5538,.F.);
#5538 = EDGE_LOOP('',(#5539,#5545,#5546,#5547));
#5539 = ORIENTED_EDGE('',*,*,#5540,.T.);
#5540 = EDGE_CURVE('',#4779,#5272,#5541,.T.);
#5541 = LINE('',#5542,#5543);
#5542 = CARTESIAN_POINT('',(1.27,-1.016,0.));
#5543 = VECTOR('',#5544,1.);
#5544 = DIRECTION('',(0.,0.,1.));
#5545 = ORIENTED_EDGE('',*,*,#5279,.T.);
#5546 = ORIENTED_EDGE('',*,*,#5506,.F.);
#5547 = ORIENTED_EDGE('',*,*,#4786,.F.);
#5548 = PLANE('',#5549);
#5549 = AXIS2_PLACEMENT_3D('',#5550,#5551,#5552);
#5550 = CARTESIAN_POINT('',(1.27,-1.016,0.));
#5551 = DIRECTION('',(-1.,0.,0.));
#5552 = DIRECTION('',(0.,1.,0.));
#5553 = ADVANCED_FACE('',(#5554),#5565,.F.);
#5554 = FACE_BOUND('',#5555,.F.);
#5555 = EDGE_LOOP('',(#5556,#5557,#5558,#5564));
#5556 = ORIENTED_EDGE('',*,*,#5525,.T.);
#5557 = ORIENTED_EDGE('',*,*,#5023,.T.);
#5558 = ORIENTED_EDGE('',*,*,#5559,.F.);
#5559 = EDGE_CURVE('',#4531,#5024,#5560,.T.);
#5560 = LINE('',#5561,#5562);
#5561 = CARTESIAN_POINT('',(-1.27,-1.524,0.));
#5562 = VECTOR('',#5563,1.);
#5563 = DIRECTION('',(0.,0.,1.));
#5564 = ORIENTED_EDGE('',*,*,#4530,.F.);
#5565 = PLANE('',#5566);
#5566 = AXIS2_PLACEMENT_3D('',#5567,#5568,#5569);
#5567 = CARTESIAN_POINT('',(-1.016,-1.27,0.));
#5568 = DIRECTION('',(0.707106781187,-0.707106781187,0.));
#5569 = DIRECTION('',(-0.707106781187,-0.707106781187,0.));
#5570 = ADVANCED_FACE('',(#5571),#5582,.F.);
#5571 = FACE_BOUND('',#5572,.F.);
#5572 = EDGE_LOOP('',(#5573,#5579,#5580,#5581));
#5573 = ORIENTED_EDGE('',*,*,#5574,.T.);
#5574 = EDGE_CURVE('',#4771,#5264,#5575,.T.);
#5575 = LINE('',#5576,#5577);
#5576 = CARTESIAN_POINT('',(1.016,-1.27,0.));
#5577 = VECTOR('',#5578,1.);
#5578 = DIRECTION('',(0.,0.,1.));
#5579 = ORIENTED_EDGE('',*,*,#5271,.T.);
#5580 = ORIENTED_EDGE('',*,*,#5540,.F.);
#5581 = ORIENTED_EDGE('',*,*,#4778,.F.);
#5582 = PLANE('',#5583);
#5583 = AXIS2_PLACEMENT_3D('',#5584,#5585,#5586);
#5584 = CARTESIAN_POINT('',(1.016,-1.27,0.));
#5585 = DIRECTION('',(-0.707106781187,0.707106781187,0.));
#5586 = DIRECTION('',(0.707106781187,0.707106781187,0.));
#5587 = ADVANCED_FACE('',(#5588),#5599,.F.);
#5588 = FACE_BOUND('',#5589,.F.);
#5589 = EDGE_LOOP('',(#5590,#5591,#5592,#5598));
#5590 = ORIENTED_EDGE('',*,*,#5559,.T.);
#5591 = ORIENTED_EDGE('',*,*,#5031,.T.);
#5592 = ORIENTED_EDGE('',*,*,#5593,.F.);
#5593 = EDGE_CURVE('',#4539,#5032,#5594,.T.);
#5594 = LINE('',#5595,#5596);
#5595 = CARTESIAN_POINT('',(-1.27,-3.556,0.));
#5596 = VECTOR('',#5597,1.);
#5597 = DIRECTION('',(0.,0.,1.));
#5598 = ORIENTED_EDGE('',*,*,#4538,.F.);
#5599 = PLANE('',#5600);
#5600 = AXIS2_PLACEMENT_3D('',#5601,#5602,#5603);
#5601 = CARTESIAN_POINT('',(-1.27,-1.524,0.));
#5602 = DIRECTION('',(1.,0.,0.));
#5603 = DIRECTION('',(0.,-1.,0.));
#5604 = ADVANCED_FACE('',(#5605),#5616,.F.);
#5605 = FACE_BOUND('',#5606,.F.);
#5606 = EDGE_LOOP('',(#5607,#5613,#5614,#5615));
#5607 = ORIENTED_EDGE('',*,*,#5608,.T.);
#5608 = EDGE_CURVE('',#4763,#5256,#5609,.T.);
#5609 = LINE('',#5610,#5611);
#5610 = CARTESIAN_POINT('',(1.27,-1.524,0.));
#5611 = VECTOR('',#5612,1.);
#5612 = DIRECTION('',(0.,0.,1.));
#5613 = ORIENTED_EDGE('',*,*,#5263,.T.);
#5614 = ORIENTED_EDGE('',*,*,#5574,.F.);
#5615 = ORIENTED_EDGE('',*,*,#4770,.F.);
#5616 = PLANE('',#5617);
#5617 = AXIS2_PLACEMENT_3D('',#5618,#5619,#5620);
#5618 = CARTESIAN_POINT('',(1.27,-1.524,0.));
#5619 = DIRECTION('',(-0.707106781187,-0.707106781187,0.));
#5620 = DIRECTION('',(-0.707106781187,0.707106781187,0.));
#5621 = ADVANCED_FACE('',(#5622),#5633,.F.);
#5622 = FACE_BOUND('',#5623,.F.);
#5623 = EDGE_LOOP('',(#5624,#5625,#5626,#5632));
#5624 = ORIENTED_EDGE('',*,*,#5593,.T.);
#5625 = ORIENTED_EDGE('',*,*,#5039,.T.);
#5626 = ORIENTED_EDGE('',*,*,#5627,.F.);
#5627 = EDGE_CURVE('',#4547,#5040,#5628,.T.);
#5628 = LINE('',#5629,#5630);
#5629 = CARTESIAN_POINT('',(-1.016,-3.81,0.));
#5630 = VECTOR('',#5631,1.);
#5631 = DIRECTION('',(0.,0.,1.));
#5632 = ORIENTED_EDGE('',*,*,#4546,.F.);
#5633 = PLANE('',#5634);
#5634 = AXIS2_PLACEMENT_3D('',#5635,#5636,#5637);
#5635 = CARTESIAN_POINT('',(-1.27,-3.556,0.));
#5636 = DIRECTION('',(0.707106781187,0.707106781187,0.));
#5637 = DIRECTION('',(0.707106781187,-0.707106781187,0.));
#5638 = ADVANCED_FACE('',(#5639),#5650,.F.);
#5639 = FACE_BOUND('',#5640,.F.);
#5640 = EDGE_LOOP('',(#5641,#5647,#5648,#5649));
#5641 = ORIENTED_EDGE('',*,*,#5642,.T.);
#5642 = EDGE_CURVE('',#4755,#5248,#5643,.T.);
#5643 = LINE('',#5644,#5645);
#5644 = CARTESIAN_POINT('',(1.27,-3.556,0.));
#5645 = VECTOR('',#5646,1.);
#5646 = DIRECTION('',(0.,0.,1.));
#5647 = ORIENTED_EDGE('',*,*,#5255,.T.);
#5648 = ORIENTED_EDGE('',*,*,#5608,.F.);
#5649 = ORIENTED_EDGE('',*,*,#4762,.F.);
#5650 = PLANE('',#5651);
#5651 = AXIS2_PLACEMENT_3D('',#5652,#5653,#5654);
#5652 = CARTESIAN_POINT('',(1.27,-3.556,0.));
#5653 = DIRECTION('',(-1.,0.,0.));
#5654 = DIRECTION('',(0.,1.,0.));
#5655 = ADVANCED_FACE('',(#5656),#5667,.F.);
#5656 = FACE_BOUND('',#5657,.F.);
#5657 = EDGE_LOOP('',(#5658,#5659,#5660,#5666));
#5658 = ORIENTED_EDGE('',*,*,#5627,.T.);
#5659 = ORIENTED_EDGE('',*,*,#5047,.T.);
#5660 = ORIENTED_EDGE('',*,*,#5661,.F.);
#5661 = EDGE_CURVE('',#4555,#5048,#5662,.T.);
#5662 = LINE('',#5663,#5664);
#5663 = CARTESIAN_POINT('',(-1.27,-4.064,0.));
#5664 = VECTOR('',#5665,1.);
#5665 = DIRECTION('',(0.,0.,1.));
#5666 = ORIENTED_EDGE('',*,*,#4554,.F.);
#5667 = PLANE('',#5668);
#5668 = AXIS2_PLACEMENT_3D('',#5669,#5670,#5671);
#5669 = CARTESIAN_POINT('',(-1.016,-3.81,0.));
#5670 = DIRECTION('',(0.707106781187,-0.707106781187,0.));
#5671 = DIRECTION('',(-0.707106781187,-0.707106781187,0.));
#5672 = ADVANCED_FACE('',(#5673),#5684,.F.);
#5673 = FACE_BOUND('',#5674,.F.);
#5674 = EDGE_LOOP('',(#5675,#5681,#5682,#5683));
#5675 = ORIENTED_EDGE('',*,*,#5676,.T.);
#5676 = EDGE_CURVE('',#4747,#5240,#5677,.T.);
#5677 = LINE('',#5678,#5679);
#5678 = CARTESIAN_POINT('',(1.016,-3.81,0.));
#5679 = VECTOR('',#5680,1.);
#5680 = DIRECTION('',(0.,0.,1.));
#5681 = ORIENTED_EDGE('',*,*,#5247,.T.);
#5682 = ORIENTED_EDGE('',*,*,#5642,.F.);
#5683 = ORIENTED_EDGE('',*,*,#4754,.F.);
#5684 = PLANE('',#5685);
#5685 = AXIS2_PLACEMENT_3D('',#5686,#5687,#5688);
#5686 = CARTESIAN_POINT('',(1.016,-3.81,0.));
#5687 = DIRECTION('',(-0.707106781187,0.707106781187,0.));
#5688 = DIRECTION('',(0.707106781187,0.707106781187,0.));
#5689 = ADVANCED_FACE('',(#5690),#5701,.F.);
#5690 = FACE_BOUND('',#5691,.F.);
#5691 = EDGE_LOOP('',(#5692,#5693,#5694,#5700));
#5692 = ORIENTED_EDGE('',*,*,#5661,.T.);
#5693 = ORIENTED_EDGE('',*,*,#5055,.T.);
#5694 = ORIENTED_EDGE('',*,*,#5695,.F.);
#5695 = EDGE_CURVE('',#4563,#5056,#5696,.T.);
#5696 = LINE('',#5697,#5698);
#5697 = CARTESIAN_POINT('',(-1.27,-6.096,0.));
#5698 = VECTOR('',#5699,1.);
#5699 = DIRECTION('',(0.,0.,1.));
#5700 = ORIENTED_EDGE('',*,*,#4562,.F.);
#5701 = PLANE('',#5702);
#5702 = AXIS2_PLACEMENT_3D('',#5703,#5704,#5705);
#5703 = CARTESIAN_POINT('',(-1.27,-4.064,0.));
#5704 = DIRECTION('',(1.,0.,0.));
#5705 = DIRECTION('',(0.,-1.,0.));
#5706 = ADVANCED_FACE('',(#5707),#5718,.F.);
#5707 = FACE_BOUND('',#5708,.F.);
#5708 = EDGE_LOOP('',(#5709,#5715,#5716,#5717));
#5709 = ORIENTED_EDGE('',*,*,#5710,.T.);
#5710 = EDGE_CURVE('',#4739,#5232,#5711,.T.);
#5711 = LINE('',#5712,#5713);
#5712 = CARTESIAN_POINT('',(1.27,-4.064,0.));
#5713 = VECTOR('',#5714,1.);
#5714 = DIRECTION('',(0.,0.,1.));
#5715 = ORIENTED_EDGE('',*,*,#5239,.T.);
#5716 = ORIENTED_EDGE('',*,*,#5676,.F.);
#5717 = ORIENTED_EDGE('',*,*,#4746,.F.);
#5718 = PLANE('',#5719);
#5719 = AXIS2_PLACEMENT_3D('',#5720,#5721,#5722);
#5720 = CARTESIAN_POINT('',(1.27,-4.064,0.));
#5721 = DIRECTION('',(-0.707106781187,-0.707106781187,0.));
#5722 = DIRECTION('',(-0.707106781187,0.707106781187,0.));
#5723 = ADVANCED_FACE('',(#5724),#5735,.F.);
#5724 = FACE_BOUND('',#5725,.F.);
#5725 = EDGE_LOOP('',(#5726,#5727,#5728,#5734));
#5726 = ORIENTED_EDGE('',*,*,#5695,.T.);
#5727 = ORIENTED_EDGE('',*,*,#5063,.T.);
#5728 = ORIENTED_EDGE('',*,*,#5729,.F.);
#5729 = EDGE_CURVE('',#4571,#5064,#5730,.T.);
#5730 = LINE('',#5731,#5732);
#5731 = CARTESIAN_POINT('',(-1.016,-6.35,0.));
#5732 = VECTOR('',#5733,1.);
#5733 = DIRECTION('',(0.,0.,1.));
#5734 = ORIENTED_EDGE('',*,*,#4570,.F.);
#5735 = PLANE('',#5736);
#5736 = AXIS2_PLACEMENT_3D('',#5737,#5738,#5739);
#5737 = CARTESIAN_POINT('',(-1.27,-6.096,0.));
#5738 = DIRECTION('',(0.707106781187,0.707106781187,0.));
#5739 = DIRECTION('',(0.707106781187,-0.707106781187,0.));
#5740 = ADVANCED_FACE('',(#5741),#5752,.F.);
#5741 = FACE_BOUND('',#5742,.F.);
#5742 = EDGE_LOOP('',(#5743,#5749,#5750,#5751));
#5743 = ORIENTED_EDGE('',*,*,#5744,.T.);
#5744 = EDGE_CURVE('',#4731,#5224,#5745,.T.);
#5745 = LINE('',#5746,#5747);
#5746 = CARTESIAN_POINT('',(1.27,-6.096,0.));
#5747 = VECTOR('',#5748,1.);
#5748 = DIRECTION('',(0.,0.,1.));
#5749 = ORIENTED_EDGE('',*,*,#5231,.T.);
#5750 = ORIENTED_EDGE('',*,*,#5710,.F.);
#5751 = ORIENTED_EDGE('',*,*,#4738,.F.);
#5752 = PLANE('',#5753);
#5753 = AXIS2_PLACEMENT_3D('',#5754,#5755,#5756);
#5754 = CARTESIAN_POINT('',(1.27,-6.096,0.));
#5755 = DIRECTION('',(-1.,0.,0.));
#5756 = DIRECTION('',(0.,1.,0.));
#5757 = ADVANCED_FACE('',(#5758),#5769,.F.);
#5758 = FACE_BOUND('',#5759,.F.);
#5759 = EDGE_LOOP('',(#5760,#5761,#5762,#5768));
#5760 = ORIENTED_EDGE('',*,*,#5729,.T.);
#5761 = ORIENTED_EDGE('',*,*,#5071,.T.);
#5762 = ORIENTED_EDGE('',*,*,#5763,.F.);
#5763 = EDGE_CURVE('',#4579,#5072,#5764,.T.);
#5764 = LINE('',#5765,#5766);
#5765 = CARTESIAN_POINT('',(-1.27,-6.604,0.));
#5766 = VECTOR('',#5767,1.);
#5767 = DIRECTION('',(0.,0.,1.));
#5768 = ORIENTED_EDGE('',*,*,#4578,.F.);
#5769 = PLANE('',#5770);
#5770 = AXIS2_PLACEMENT_3D('',#5771,#5772,#5773);
#5771 = CARTESIAN_POINT('',(-1.016,-6.35,0.));
#5772 = DIRECTION('',(0.707106781187,-0.707106781187,0.));
#5773 = DIRECTION('',(-0.707106781187,-0.707106781187,0.));
#5774 = ADVANCED_FACE('',(#5775),#5786,.F.);
#5775 = FACE_BOUND('',#5776,.F.);
#5776 = EDGE_LOOP('',(#5777,#5783,#5784,#5785));
#5777 = ORIENTED_EDGE('',*,*,#5778,.T.);
#5778 = EDGE_CURVE('',#4723,#5216,#5779,.T.);
#5779 = LINE('',#5780,#5781);
#5780 = CARTESIAN_POINT('',(1.016,-6.35,0.));
#5781 = VECTOR('',#5782,1.);
#5782 = DIRECTION('',(0.,0.,1.));
#5783 = ORIENTED_EDGE('',*,*,#5223,.T.);
#5784 = ORIENTED_EDGE('',*,*,#5744,.F.);
#5785 = ORIENTED_EDGE('',*,*,#4730,.F.);
#5786 = PLANE('',#5787);
#5787 = AXIS2_PLACEMENT_3D('',#5788,#5789,#5790);
#5788 = CARTESIAN_POINT('',(1.016,-6.35,0.));
#5789 = DIRECTION('',(-0.707106781187,0.707106781187,0.));
#5790 = DIRECTION('',(0.707106781187,0.707106781187,0.));
#5791 = ADVANCED_FACE('',(#5792),#5803,.F.);
#5792 = FACE_BOUND('',#5793,.F.);
#5793 = EDGE_LOOP('',(#5794,#5795,#5796,#5802));
#5794 = ORIENTED_EDGE('',*,*,#5763,.T.);
#5795 = ORIENTED_EDGE('',*,*,#5079,.T.);
#5796 = ORIENTED_EDGE('',*,*,#5797,.F.);
#5797 = EDGE_CURVE('',#4587,#5080,#5798,.T.);
#5798 = LINE('',#5799,#5800);
#5799 = CARTESIAN_POINT('',(-1.27,-8.636,0.));
#5800 = VECTOR('',#5801,1.);
#5801 = DIRECTION('',(0.,0.,1.));
#5802 = ORIENTED_EDGE('',*,*,#4586,.F.);
#5803 = PLANE('',#5804);
#5804 = AXIS2_PLACEMENT_3D('',#5805,#5806,#5807);
#5805 = CARTESIAN_POINT('',(-1.27,-6.604,0.));
#5806 = DIRECTION('',(1.,0.,0.));
#5807 = DIRECTION('',(0.,-1.,0.));
#5808 = ADVANCED_FACE('',(#5809),#5820,.F.);
#5809 = FACE_BOUND('',#5810,.F.);
#5810 = EDGE_LOOP('',(#5811,#5817,#5818,#5819));
#5811 = ORIENTED_EDGE('',*,*,#5812,.T.);
#5812 = EDGE_CURVE('',#4715,#5208,#5813,.T.);
#5813 = LINE('',#5814,#5815);
#5814 = CARTESIAN_POINT('',(1.27,-6.604,0.));
#5815 = VECTOR('',#5816,1.);
#5816 = DIRECTION('',(0.,0.,1.));
#5817 = ORIENTED_EDGE('',*,*,#5215,.T.);
#5818 = ORIENTED_EDGE('',*,*,#5778,.F.);
#5819 = ORIENTED_EDGE('',*,*,#4722,.F.);
#5820 = PLANE('',#5821);
#5821 = AXIS2_PLACEMENT_3D('',#5822,#5823,#5824);
#5822 = CARTESIAN_POINT('',(1.27,-6.604,0.));
#5823 = DIRECTION('',(-0.707106781187,-0.707106781187,0.));
#5824 = DIRECTION('',(-0.707106781187,0.707106781187,0.));
#5825 = ADVANCED_FACE('',(#5826),#5837,.F.);
#5826 = FACE_BOUND('',#5827,.F.);
#5827 = EDGE_LOOP('',(#5828,#5829,#5830,#5836));
#5828 = ORIENTED_EDGE('',*,*,#5797,.T.);
#5829 = ORIENTED_EDGE('',*,*,#5087,.T.);
#5830 = ORIENTED_EDGE('',*,*,#5831,.F.);
#5831 = EDGE_CURVE('',#4595,#5088,#5832,.T.);
#5832 = LINE('',#5833,#5834);
#5833 = CARTESIAN_POINT('',(-1.016,-8.89,0.));
#5834 = VECTOR('',#5835,1.);
#5835 = DIRECTION('',(0.,0.,1.));
#5836 = ORIENTED_EDGE('',*,*,#4594,.F.);
#5837 = PLANE('',#5838);
#5838 = AXIS2_PLACEMENT_3D('',#5839,#5840,#5841);
#5839 = CARTESIAN_POINT('',(-1.27,-8.636,0.));
#5840 = DIRECTION('',(0.707106781187,0.707106781187,0.));
#5841 = DIRECTION('',(0.707106781187,-0.707106781187,0.));
#5842 = ADVANCED_FACE('',(#5843),#5854,.F.);
#5843 = FACE_BOUND('',#5844,.F.);
#5844 = EDGE_LOOP('',(#5845,#5851,#5852,#5853));
#5845 = ORIENTED_EDGE('',*,*,#5846,.T.);
#5846 = EDGE_CURVE('',#4707,#5200,#5847,.T.);
#5847 = LINE('',#5848,#5849);
#5848 = CARTESIAN_POINT('',(1.27,-8.636,0.));
#5849 = VECTOR('',#5850,1.);
#5850 = DIRECTION('',(0.,0.,1.));
#5851 = ORIENTED_EDGE('',*,*,#5207,.T.);
#5852 = ORIENTED_EDGE('',*,*,#5812,.F.);
#5853 = ORIENTED_EDGE('',*,*,#4714,.F.);
#5854 = PLANE('',#5855);
#5855 = AXIS2_PLACEMENT_3D('',#5856,#5857,#5858);
#5856 = CARTESIAN_POINT('',(1.27,-8.636,0.));
#5857 = DIRECTION('',(-1.,0.,0.));
#5858 = DIRECTION('',(0.,1.,0.));
#5859 = ADVANCED_FACE('',(#5860),#5871,.F.);
#5860 = FACE_BOUND('',#5861,.F.);
#5861 = EDGE_LOOP('',(#5862,#5863,#5864,#5870));
#5862 = ORIENTED_EDGE('',*,*,#5831,.T.);
#5863 = ORIENTED_EDGE('',*,*,#5095,.T.);
#5864 = ORIENTED_EDGE('',*,*,#5865,.F.);
#5865 = EDGE_CURVE('',#4603,#5096,#5866,.T.);
#5866 = LINE('',#5867,#5868);
#5867 = CARTESIAN_POINT('',(-1.27,-9.144,0.));
#5868 = VECTOR('',#5869,1.);
#5869 = DIRECTION('',(0.,0.,1.));
#5870 = ORIENTED_EDGE('',*,*,#4602,.F.);
#5871 = PLANE('',#5872);
#5872 = AXIS2_PLACEMENT_3D('',#5873,#5874,#5875);
#5873 = CARTESIAN_POINT('',(-1.016,-8.89,0.));
#5874 = DIRECTION('',(0.707106781187,-0.707106781187,0.));
#5875 = DIRECTION('',(-0.707106781187,-0.707106781187,0.));
#5876 = ADVANCED_FACE('',(#5877),#5888,.F.);
#5877 = FACE_BOUND('',#5878,.F.);
#5878 = EDGE_LOOP('',(#5879,#5885,#5886,#5887));
#5879 = ORIENTED_EDGE('',*,*,#5880,.T.);
#5880 = EDGE_CURVE('',#4699,#5192,#5881,.T.);
#5881 = LINE('',#5882,#5883);
#5882 = CARTESIAN_POINT('',(1.016,-8.89,0.));
#5883 = VECTOR('',#5884,1.);
#5884 = DIRECTION('',(0.,0.,1.));
#5885 = ORIENTED_EDGE('',*,*,#5199,.T.);
#5886 = ORIENTED_EDGE('',*,*,#5846,.F.);
#5887 = ORIENTED_EDGE('',*,*,#4706,.F.);
#5888 = PLANE('',#5889);
#5889 = AXIS2_PLACEMENT_3D('',#5890,#5891,#5892);
#5890 = CARTESIAN_POINT('',(1.016,-8.89,0.));
#5891 = DIRECTION('',(-0.707106781187,0.707106781187,0.));
#5892 = DIRECTION('',(0.707106781187,0.707106781187,0.));
#5893 = ADVANCED_FACE('',(#5894),#5905,.F.);
#5894 = FACE_BOUND('',#5895,.F.);
#5895 = EDGE_LOOP('',(#5896,#5897,#5898,#5904));
#5896 = ORIENTED_EDGE('',*,*,#5865,.T.);
#5897 = ORIENTED_EDGE('',*,*,#5103,.T.);
#5898 = ORIENTED_EDGE('',*,*,#5899,.F.);
#5899 = EDGE_CURVE('',#4611,#5104,#5900,.T.);
#5900 = LINE('',#5901,#5902);
#5901 = CARTESIAN_POINT('',(-1.27,-11.176,0.));
#5902 = VECTOR('',#5903,1.);
#5903 = DIRECTION('',(0.,0.,1.));
#5904 = ORIENTED_EDGE('',*,*,#4610,.F.);
#5905 = PLANE('',#5906);
#5906 = AXIS2_PLACEMENT_3D('',#5907,#5908,#5909);
#5907 = CARTESIAN_POINT('',(-1.27,-9.144,0.));
#5908 = DIRECTION('',(1.,0.,0.));
#5909 = DIRECTION('',(0.,-1.,0.));
#5910 = ADVANCED_FACE('',(#5911),#5922,.F.);
#5911 = FACE_BOUND('',#5912,.F.);
#5912 = EDGE_LOOP('',(#5913,#5919,#5920,#5921));
#5913 = ORIENTED_EDGE('',*,*,#5914,.T.);
#5914 = EDGE_CURVE('',#4691,#5184,#5915,.T.);
#5915 = LINE('',#5916,#5917);
#5916 = CARTESIAN_POINT('',(1.27,-9.144,0.));
#5917 = VECTOR('',#5918,1.);
#5918 = DIRECTION('',(0.,0.,1.));
#5919 = ORIENTED_EDGE('',*,*,#5191,.T.);
#5920 = ORIENTED_EDGE('',*,*,#5880,.F.);
#5921 = ORIENTED_EDGE('',*,*,#4698,.F.);
#5922 = PLANE('',#5923);
#5923 = AXIS2_PLACEMENT_3D('',#5924,#5925,#5926);
#5924 = CARTESIAN_POINT('',(1.27,-9.144,0.));
#5925 = DIRECTION('',(-0.707106781187,-0.707106781187,0.));
#5926 = DIRECTION('',(-0.707106781187,0.707106781187,0.));
#5927 = ADVANCED_FACE('',(#5928),#5939,.F.);
#5928 = FACE_BOUND('',#5929,.F.);
#5929 = EDGE_LOOP('',(#5930,#5931,#5932,#5938));
#5930 = ORIENTED_EDGE('',*,*,#5899,.T.);
#5931 = ORIENTED_EDGE('',*,*,#5111,.T.);
#5932 = ORIENTED_EDGE('',*,*,#5933,.F.);
#5933 = EDGE_CURVE('',#4619,#5112,#5934,.T.);
#5934 = LINE('',#5935,#5936);
#5935 = CARTESIAN_POINT('',(-1.016,-11.43,0.));
#5936 = VECTOR('',#5937,1.);
#5937 = DIRECTION('',(0.,0.,1.));
#5938 = ORIENTED_EDGE('',*,*,#4618,.F.);
#5939 = PLANE('',#5940);
#5940 = AXIS2_PLACEMENT_3D('',#5941,#5942,#5943);
#5941 = CARTESIAN_POINT('',(-1.27,-11.176,0.));
#5942 = DIRECTION('',(0.707106781187,0.707106781187,0.));
#5943 = DIRECTION('',(0.707106781187,-0.707106781187,0.));
#5944 = ADVANCED_FACE('',(#5945),#5956,.F.);
#5945 = FACE_BOUND('',#5946,.F.);
#5946 = EDGE_LOOP('',(#5947,#5953,#5954,#5955));
#5947 = ORIENTED_EDGE('',*,*,#5948,.T.);
#5948 = EDGE_CURVE('',#4683,#5176,#5949,.T.);
#5949 = LINE('',#5950,#5951);
#5950 = CARTESIAN_POINT('',(1.27,-11.176,0.));
#5951 = VECTOR('',#5952,1.);
#5952 = DIRECTION('',(0.,0.,1.));
#5953 = ORIENTED_EDGE('',*,*,#5183,.T.);
#5954 = ORIENTED_EDGE('',*,*,#5914,.F.);
#5955 = ORIENTED_EDGE('',*,*,#4690,.F.);
#5956 = PLANE('',#5957);
#5957 = AXIS2_PLACEMENT_3D('',#5958,#5959,#5960);
#5958 = CARTESIAN_POINT('',(1.27,-11.176,0.));
#5959 = DIRECTION('',(-1.,0.,0.));
#5960 = DIRECTION('',(0.,1.,0.));
#5961 = ADVANCED_FACE('',(#5962),#5973,.F.);
#5962 = FACE_BOUND('',#5963,.F.);
#5963 = EDGE_LOOP('',(#5964,#5965,#5966,#5972));
#5964 = ORIENTED_EDGE('',*,*,#5933,.T.);
#5965 = ORIENTED_EDGE('',*,*,#5119,.T.);
#5966 = ORIENTED_EDGE('',*,*,#5967,.F.);
#5967 = EDGE_CURVE('',#4627,#5120,#5968,.T.);
#5968 = LINE('',#5969,#5970);
#5969 = CARTESIAN_POINT('',(-1.27,-11.684,0.));
#5970 = VECTOR('',#5971,1.);
#5971 = DIRECTION('',(0.,0.,1.));
#5972 = ORIENTED_EDGE('',*,*,#4626,.F.);
#5973 = PLANE('',#5974);
#5974 = AXIS2_PLACEMENT_3D('',#5975,#5976,#5977);
#5975 = CARTESIAN_POINT('',(-1.016,-11.43,0.));
#5976 = DIRECTION('',(0.707106781187,-0.707106781187,0.));
#5977 = DIRECTION('',(-0.707106781187,-0.707106781187,0.));
#5978 = ADVANCED_FACE('',(#5979),#5990,.F.);
#5979 = FACE_BOUND('',#5980,.F.);
#5980 = EDGE_LOOP('',(#5981,#5987,#5988,#5989));
#5981 = ORIENTED_EDGE('',*,*,#5982,.T.);
#5982 = EDGE_CURVE('',#4675,#5168,#5983,.T.);
#5983 = LINE('',#5984,#5985);
#5984 = CARTESIAN_POINT('',(1.016,-11.43,0.));
#5985 = VECTOR('',#5986,1.);
#5986 = DIRECTION('',(0.,0.,1.));
#5987 = ORIENTED_EDGE('',*,*,#5175,.T.);
#5988 = ORIENTED_EDGE('',*,*,#5948,.F.);
#5989 = ORIENTED_EDGE('',*,*,#4682,.F.);
#5990 = PLANE('',#5991);
#5991 = AXIS2_PLACEMENT_3D('',#5992,#5993,#5994);
#5992 = CARTESIAN_POINT('',(1.016,-11.43,0.));
#5993 = DIRECTION('',(-0.707106781187,0.707106781187,0.));
#5994 = DIRECTION('',(0.707106781187,0.707106781187,0.));
#5995 = ADVANCED_FACE('',(#5996),#6007,.F.);
#5996 = FACE_BOUND('',#5997,.F.);
#5997 = EDGE_LOOP('',(#5998,#5999,#6000,#6006));
#5998 = ORIENTED_EDGE('',*,*,#5967,.T.);
#5999 = ORIENTED_EDGE('',*,*,#5127,.T.);
#6000 = ORIENTED_EDGE('',*,*,#6001,.F.);
#6001 = EDGE_CURVE('',#4635,#5128,#6002,.T.);
#6002 = LINE('',#6003,#6004);
#6003 = CARTESIAN_POINT('',(-1.27,-13.716,0.));
#6004 = VECTOR('',#6005,1.);
#6005 = DIRECTION('',(0.,0.,1.));
#6006 = ORIENTED_EDGE('',*,*,#4634,.F.);
#6007 = PLANE('',#6008);
#6008 = AXIS2_PLACEMENT_3D('',#6009,#6010,#6011);
#6009 = CARTESIAN_POINT('',(-1.27,-11.684,0.));
#6010 = DIRECTION('',(1.,0.,0.));
#6011 = DIRECTION('',(0.,-1.,0.));
#6012 = ADVANCED_FACE('',(#6013),#6024,.F.);
#6013 = FACE_BOUND('',#6014,.F.);
#6014 = EDGE_LOOP('',(#6015,#6021,#6022,#6023));
#6015 = ORIENTED_EDGE('',*,*,#6016,.T.);
#6016 = EDGE_CURVE('',#4667,#5160,#6017,.T.);
#6017 = LINE('',#6018,#6019);
#6018 = CARTESIAN_POINT('',(1.27,-11.684,0.));
#6019 = VECTOR('',#6020,1.);
#6020 = DIRECTION('',(0.,0.,1.));
#6021 = ORIENTED_EDGE('',*,*,#5167,.T.);
#6022 = ORIENTED_EDGE('',*,*,#5982,.F.);
#6023 = ORIENTED_EDGE('',*,*,#4674,.F.);
#6024 = PLANE('',#6025);
#6025 = AXIS2_PLACEMENT_3D('',#6026,#6027,#6028);
#6026 = CARTESIAN_POINT('',(1.27,-11.684,0.));
#6027 = DIRECTION('',(-0.707106781187,-0.707106781187,0.));
#6028 = DIRECTION('',(-0.707106781187,0.707106781187,0.));
#6029 = ADVANCED_FACE('',(#6030),#6041,.F.);
#6030 = FACE_BOUND('',#6031,.F.);
#6031 = EDGE_LOOP('',(#6032,#6033,#6034,#6040));
#6032 = ORIENTED_EDGE('',*,*,#6001,.T.);
#6033 = ORIENTED_EDGE('',*,*,#5135,.T.);
#6034 = ORIENTED_EDGE('',*,*,#6035,.F.);
#6035 = EDGE_CURVE('',#4643,#5136,#6036,.T.);
#6036 = LINE('',#6037,#6038);
#6037 = CARTESIAN_POINT('',(-1.016,-13.97,0.));
#6038 = VECTOR('',#6039,1.);
#6039 = DIRECTION('',(0.,0.,1.));
#6040 = ORIENTED_EDGE('',*,*,#4642,.F.);
#6041 = PLANE('',#6042);
#6042 = AXIS2_PLACEMENT_3D('',#6043,#6044,#6045);
#6043 = CARTESIAN_POINT('',(-1.27,-13.716,0.));
#6044 = DIRECTION('',(0.707106781187,0.707106781187,0.));
#6045 = DIRECTION('',(0.707106781187,-0.707106781187,0.));
#6046 = ADVANCED_FACE('',(#6047),#6058,.F.);
#6047 = FACE_BOUND('',#6048,.F.);
#6048 = EDGE_LOOP('',(#6049,#6055,#6056,#6057));
#6049 = ORIENTED_EDGE('',*,*,#6050,.T.);
#6050 = EDGE_CURVE('',#4659,#5152,#6051,.T.);
#6051 = LINE('',#6052,#6053);
#6052 = CARTESIAN_POINT('',(1.27,-13.716,0.));
#6053 = VECTOR('',#6054,1.);
#6054 = DIRECTION('',(0.,0.,1.));
#6055 = ORIENTED_EDGE('',*,*,#5159,.T.);
#6056 = ORIENTED_EDGE('',*,*,#6016,.F.);
#6057 = ORIENTED_EDGE('',*,*,#4666,.F.);
#6058 = PLANE('',#6059);
#6059 = AXIS2_PLACEMENT_3D('',#6060,#6061,#6062);
#6060 = CARTESIAN_POINT('',(1.27,-13.716,0.));
#6061 = DIRECTION('',(-1.,0.,0.));
#6062 = DIRECTION('',(0.,1.,0.));
#6063 = ADVANCED_FACE('',(#6064),#6075,.F.);
#6064 = FACE_BOUND('',#6065,.F.);
#6065 = EDGE_LOOP('',(#6066,#6067,#6068,#6074));
#6066 = ORIENTED_EDGE('',*,*,#6035,.T.);
#6067 = ORIENTED_EDGE('',*,*,#5143,.T.);
#6068 = ORIENTED_EDGE('',*,*,#6069,.F.);
#6069 = EDGE_CURVE('',#4651,#5144,#6070,.T.);
#6070 = LINE('',#6071,#6072);
#6071 = CARTESIAN_POINT('',(1.016,-13.97,0.));
#6072 = VECTOR('',#6073,1.);
#6073 = DIRECTION('',(0.,0.,1.));
#6074 = ORIENTED_EDGE('',*,*,#4650,.F.);
#6075 = PLANE('',#6076);
#6076 = AXIS2_PLACEMENT_3D('',#6077,#6078,#6079);
#6077 = CARTESIAN_POINT('',(-1.016,-13.97,0.));
#6078 = DIRECTION('',(0.,1.,0.));
#6079 = DIRECTION('',(1.,0.,0.));
#6080 = ADVANCED_FACE('',(#6081),#6087,.F.);
#6081 = FACE_BOUND('',#6082,.F.);
#6082 = EDGE_LOOP('',(#6083,#6084,#6085,#6086));
#6083 = ORIENTED_EDGE('',*,*,#6069,.T.);
#6084 = ORIENTED_EDGE('',*,*,#5151,.T.);
#6085 = ORIENTED_EDGE('',*,*,#6050,.F.);
#6086 = ORIENTED_EDGE('',*,*,#4658,.F.);
#6087 = PLANE('',#6088);
#6088 = AXIS2_PLACEMENT_3D('',#6089,#6090,#6091);
#6089 = CARTESIAN_POINT('',(1.016,-13.97,0.));
#6090 = DIRECTION('',(-0.707106781187,0.707106781187,0.));
#6091 = DIRECTION('',(0.707106781187,0.707106781187,0.));
#6092 = ADVANCED_FACE('',(#6093),#6118,.T.);
#6093 = FACE_BOUND('',#6094,.T.);
#6094 = EDGE_LOOP('',(#6095,#6103,#6111,#6117));
#6095 = ORIENTED_EDGE('',*,*,#6096,.F.);
#6096 = EDGE_CURVE('',#6097,#4804,#6099,.T.);
#6097 = VERTEX_POINT('',#6098);
#6098 = CARTESIAN_POINT('',(0.32,-0.32,-2.84));
#6099 = LINE('',#6100,#6101);
#6100 = CARTESIAN_POINT('',(0.32,-0.32,-3.));
#6101 = VECTOR('',#6102,1.);
#6102 = DIRECTION('',(0.,0.,1.));
#6103 = ORIENTED_EDGE('',*,*,#6104,.T.);
#6104 = EDGE_CURVE('',#6097,#6105,#6107,.T.);
#6105 = VERTEX_POINT('',#6106);
#6106 = CARTESIAN_POINT('',(0.32,0.32,-2.84));
#6107 = LINE('',#6108,#6109);
#6108 = CARTESIAN_POINT('',(0.32,-0.32,-2.84));
#6109 = VECTOR('',#6110,1.);
#6110 = DIRECTION('',(0.,1.,0.));
#6111 = ORIENTED_EDGE('',*,*,#6112,.T.);
#6112 = EDGE_CURVE('',#6105,#4806,#6113,.T.);
#6113 = LINE('',#6114,#6115);
#6114 = CARTESIAN_POINT('',(0.32,0.32,-3.));
#6115 = VECTOR('',#6116,1.);
#6116 = DIRECTION('',(0.,0.,1.));
#6117 = ORIENTED_EDGE('',*,*,#4803,.F.);
#6118 = PLANE('',#6119);
#6119 = AXIS2_PLACEMENT_3D('',#6120,#6121,#6122);
#6120 = CARTESIAN_POINT('',(0.32,-0.32,-3.));
#6121 = DIRECTION('',(1.,0.,0.));
#6122 = DIRECTION('',(0.,0.,1.));
#6123 = ADVANCED_FACE('',(#6124),#6142,.T.);
#6124 = FACE_BOUND('',#6125,.T.);
#6125 = EDGE_LOOP('',(#6126,#6127,#6135,#6141));
#6126 = ORIENTED_EDGE('',*,*,#6112,.F.);
#6127 = ORIENTED_EDGE('',*,*,#6128,.F.);
#6128 = EDGE_CURVE('',#6129,#6105,#6131,.T.);
#6129 = VERTEX_POINT('',#6130);
#6130 = CARTESIAN_POINT('',(-0.32,0.32,-2.84));
#6131 = LINE('',#6132,#6133);
#6132 = CARTESIAN_POINT('',(-0.32,0.32,-2.84));
#6133 = VECTOR('',#6134,1.);
#6134 = DIRECTION('',(1.,0.,0.));
#6135 = ORIENTED_EDGE('',*,*,#6136,.T.);
#6136 = EDGE_CURVE('',#6129,#4822,#6137,.T.);
#6137 = LINE('',#6138,#6139);
#6138 = CARTESIAN_POINT('',(-0.32,0.32,-3.));
#6139 = VECTOR('',#6140,1.);
#6140 = DIRECTION('',(0.,0.,1.));
#6141 = ORIENTED_EDGE('',*,*,#4829,.F.);
#6142 = PLANE('',#6143);
#6143 = AXIS2_PLACEMENT_3D('',#6144,#6145,#6146);
#6144 = CARTESIAN_POINT('',(-0.32,0.32,-3.));
#6145 = DIRECTION('',(0.,1.,0.));
#6146 = DIRECTION('',(0.,-0.,1.));
#6147 = ADVANCED_FACE('',(#6148),#6166,.F.);
#6148 = FACE_BOUND('',#6149,.F.);
#6149 = EDGE_LOOP('',(#6150,#6158,#6164,#6165));
#6150 = ORIENTED_EDGE('',*,*,#6151,.F.);
#6151 = EDGE_CURVE('',#6152,#4814,#6154,.T.);
#6152 = VERTEX_POINT('',#6153);
#6153 = CARTESIAN_POINT('',(-0.32,-0.32,-2.84));
#6154 = LINE('',#6155,#6156);
#6155 = CARTESIAN_POINT('',(-0.32,-0.32,-3.));
#6156 = VECTOR('',#6157,1.);
#6157 = DIRECTION('',(0.,0.,1.));
#6158 = ORIENTED_EDGE('',*,*,#6159,.T.);
#6159 = EDGE_CURVE('',#6152,#6129,#6160,.T.);
#6160 = LINE('',#6161,#6162);
#6161 = CARTESIAN_POINT('',(-0.32,-0.32,-2.84));
#6162 = VECTOR('',#6163,1.);
#6163 = DIRECTION('',(0.,1.,0.));
#6164 = ORIENTED_EDGE('',*,*,#6136,.T.);
#6165 = ORIENTED_EDGE('',*,*,#4821,.F.);
#6166 = PLANE('',#6167);
#6167 = AXIS2_PLACEMENT_3D('',#6168,#6169,#6170);
#6168 = CARTESIAN_POINT('',(-0.32,-0.32,-3.));
#6169 = DIRECTION('',(1.,0.,0.));
#6170 = DIRECTION('',(0.,0.,1.));
#6171 = ADVANCED_FACE('',(#6172),#6183,.F.);
#6172 = FACE_BOUND('',#6173,.F.);
#6173 = EDGE_LOOP('',(#6174,#6175,#6181,#6182));
#6174 = ORIENTED_EDGE('',*,*,#6096,.F.);
#6175 = ORIENTED_EDGE('',*,*,#6176,.F.);
#6176 = EDGE_CURVE('',#6152,#6097,#6177,.T.);
#6177 = LINE('',#6178,#6179);
#6178 = CARTESIAN_POINT('',(-0.32,-0.32,-2.84));
#6179 = VECTOR('',#6180,1.);
#6180 = DIRECTION('',(1.,0.,0.));
#6181 = ORIENTED_EDGE('',*,*,#6151,.T.);
#6182 = ORIENTED_EDGE('',*,*,#4813,.F.);
#6183 = PLANE('',#6184);
#6184 = AXIS2_PLACEMENT_3D('',#6185,#6186,#6187);
#6185 = CARTESIAN_POINT('',(-0.32,-0.32,-3.));
#6186 = DIRECTION('',(0.,1.,0.));
#6187 = DIRECTION('',(0.,-0.,1.));
#6188 = ADVANCED_FACE('',(#6189),#6214,.T.);
#6189 = FACE_BOUND('',#6190,.T.);
#6190 = EDGE_LOOP('',(#6191,#6199,#6207,#6213));
#6191 = ORIENTED_EDGE('',*,*,#6192,.F.);
#6192 = EDGE_CURVE('',#6193,#4838,#6195,.T.);
#6193 = VERTEX_POINT('',#6194);
#6194 = CARTESIAN_POINT('',(0.32,-5.4,-2.84));
#6195 = LINE('',#6196,#6197);
#6196 = CARTESIAN_POINT('',(0.32,-5.4,-3.));
#6197 = VECTOR('',#6198,1.);
#6198 = DIRECTION('',(0.,0.,1.));
#6199 = ORIENTED_EDGE('',*,*,#6200,.T.);
#6200 = EDGE_CURVE('',#6193,#6201,#6203,.T.);
#6201 = VERTEX_POINT('',#6202);
#6202 = CARTESIAN_POINT('',(0.32,-4.76,-2.84));
#6203 = LINE('',#6204,#6205);
#6204 = CARTESIAN_POINT('',(0.32,-5.4,-2.84));
#6205 = VECTOR('',#6206,1.);
#6206 = DIRECTION('',(0.,1.,0.));
#6207 = ORIENTED_EDGE('',*,*,#6208,.T.);
#6208 = EDGE_CURVE('',#6201,#4840,#6209,.T.);
#6209 = LINE('',#6210,#6211);
#6210 = CARTESIAN_POINT('',(0.32,-4.76,-3.));
#6211 = VECTOR('',#6212,1.);
#6212 = DIRECTION('',(0.,0.,1.));
#6213 = ORIENTED_EDGE('',*,*,#4837,.F.);
#6214 = PLANE('',#6215);
#6215 = AXIS2_PLACEMENT_3D('',#6216,#6217,#6218);
#6216 = CARTESIAN_POINT('',(0.32,-5.4,-3.));
#6217 = DIRECTION('',(1.,0.,0.));
#6218 = DIRECTION('',(0.,0.,1.));
#6219 = ADVANCED_FACE('',(#6220),#6238,.T.);
#6220 = FACE_BOUND('',#6221,.T.);
#6221 = EDGE_LOOP('',(#6222,#6223,#6231,#6237));
#6222 = ORIENTED_EDGE('',*,*,#6208,.F.);
#6223 = ORIENTED_EDGE('',*,*,#6224,.F.);
#6224 = EDGE_CURVE('',#6225,#6201,#6227,.T.);
#6225 = VERTEX_POINT('',#6226);
#6226 = CARTESIAN_POINT('',(-0.32,-4.76,-2.84));
#6227 = LINE('',#6228,#6229);
#6228 = CARTESIAN_POINT('',(-0.32,-4.76,-2.84));
#6229 = VECTOR('',#6230,1.);
#6230 = DIRECTION('',(1.,0.,0.));
#6231 = ORIENTED_EDGE('',*,*,#6232,.T.);
#6232 = EDGE_CURVE('',#6225,#4856,#6233,.T.);
#6233 = LINE('',#6234,#6235);
#6234 = CARTESIAN_POINT('',(-0.32,-4.76,-3.));
#6235 = VECTOR('',#6236,1.);
#6236 = DIRECTION('',(0.,0.,1.));
#6237 = ORIENTED_EDGE('',*,*,#4863,.F.);
#6238 = PLANE('',#6239);
#6239 = AXIS2_PLACEMENT_3D('',#6240,#6241,#6242);
#6240 = CARTESIAN_POINT('',(-0.32,-4.76,-3.));
#6241 = DIRECTION('',(0.,1.,0.));
#6242 = DIRECTION('',(0.,-0.,1.));
#6243 = ADVANCED_FACE('',(#6244),#6262,.F.);
#6244 = FACE_BOUND('',#6245,.F.);
#6245 = EDGE_LOOP('',(#6246,#6254,#6260,#6261));
#6246 = ORIENTED_EDGE('',*,*,#6247,.F.);
#6247 = EDGE_CURVE('',#6248,#4848,#6250,.T.);
#6248 = VERTEX_POINT('',#6249);
#6249 = CARTESIAN_POINT('',(-0.32,-5.4,-2.84));
#6250 = LINE('',#6251,#6252);
#6251 = CARTESIAN_POINT('',(-0.32,-5.4,-3.));
#6252 = VECTOR('',#6253,1.);
#6253 = DIRECTION('',(0.,0.,1.));
#6254 = ORIENTED_EDGE('',*,*,#6255,.T.);
#6255 = EDGE_CURVE('',#6248,#6225,#6256,.T.);
#6256 = LINE('',#6257,#6258);
#6257 = CARTESIAN_POINT('',(-0.32,-5.4,-2.84));
#6258 = VECTOR('',#6259,1.);
#6259 = DIRECTION('',(0.,1.,0.));
#6260 = ORIENTED_EDGE('',*,*,#6232,.T.);
#6261 = ORIENTED_EDGE('',*,*,#4855,.F.);
#6262 = PLANE('',#6263);
#6263 = AXIS2_PLACEMENT_3D('',#6264,#6265,#6266);
#6264 = CARTESIAN_POINT('',(-0.32,-5.4,-3.));
#6265 = DIRECTION('',(1.,0.,0.));
#6266 = DIRECTION('',(0.,0.,1.));
#6267 = ADVANCED_FACE('',(#6268),#6279,.F.);
#6268 = FACE_BOUND('',#6269,.F.);
#6269 = EDGE_LOOP('',(#6270,#6271,#6277,#6278));
#6270 = ORIENTED_EDGE('',*,*,#6192,.F.);
#6271 = ORIENTED_EDGE('',*,*,#6272,.F.);
#6272 = EDGE_CURVE('',#6248,#6193,#6273,.T.);
#6273 = LINE('',#6274,#6275);
#6274 = CARTESIAN_POINT('',(-0.32,-5.4,-2.84));
#6275 = VECTOR('',#6276,1.);
#6276 = DIRECTION('',(1.,0.,0.));
#6277 = ORIENTED_EDGE('',*,*,#6247,.T.);
#6278 = ORIENTED_EDGE('',*,*,#4847,.F.);
#6279 = PLANE('',#6280);
#6280 = AXIS2_PLACEMENT_3D('',#6281,#6282,#6283);
#6281 = CARTESIAN_POINT('',(-0.32,-5.4,-3.));
#6282 = DIRECTION('',(0.,1.,0.));
#6283 = DIRECTION('',(0.,-0.,1.));
#6284 = ADVANCED_FACE('',(#6285),#6310,.T.);
#6285 = FACE_BOUND('',#6286,.T.);
#6286 = EDGE_LOOP('',(#6287,#6295,#6303,#6309));
#6287 = ORIENTED_EDGE('',*,*,#6288,.F.);
#6288 = EDGE_CURVE('',#6289,#4872,#6291,.T.);
#6289 = VERTEX_POINT('',#6290);
#6290 = CARTESIAN_POINT('',(0.32,-2.86,-2.84));
#6291 = LINE('',#6292,#6293);
#6292 = CARTESIAN_POINT('',(0.32,-2.86,-3.));
#6293 = VECTOR('',#6294,1.);
#6294 = DIRECTION('',(0.,0.,1.));
#6295 = ORIENTED_EDGE('',*,*,#6296,.T.);
#6296 = EDGE_CURVE('',#6289,#6297,#6299,.T.);
#6297 = VERTEX_POINT('',#6298);
#6298 = CARTESIAN_POINT('',(0.32,-2.22,-2.84));
#6299 = LINE('',#6300,#6301);
#6300 = CARTESIAN_POINT('',(0.32,-2.86,-2.84));
#6301 = VECTOR('',#6302,1.);
#6302 = DIRECTION('',(0.,1.,0.));
#6303 = ORIENTED_EDGE('',*,*,#6304,.T.);
#6304 = EDGE_CURVE('',#6297,#4874,#6305,.T.);
#6305 = LINE('',#6306,#6307);
#6306 = CARTESIAN_POINT('',(0.32,-2.22,-3.));
#6307 = VECTOR('',#6308,1.);
#6308 = DIRECTION('',(0.,0.,1.));
#6309 = ORIENTED_EDGE('',*,*,#4871,.F.);
#6310 = PLANE('',#6311);
#6311 = AXIS2_PLACEMENT_3D('',#6312,#6313,#6314);
#6312 = CARTESIAN_POINT('',(0.32,-2.86,-3.));
#6313 = DIRECTION('',(1.,0.,0.));
#6314 = DIRECTION('',(0.,0.,1.));
#6315 = ADVANCED_FACE('',(#6316),#6334,.T.);
#6316 = FACE_BOUND('',#6317,.T.);
#6317 = EDGE_LOOP('',(#6318,#6319,#6327,#6333));
#6318 = ORIENTED_EDGE('',*,*,#6304,.F.);
#6319 = ORIENTED_EDGE('',*,*,#6320,.F.);
#6320 = EDGE_CURVE('',#6321,#6297,#6323,.T.);
#6321 = VERTEX_POINT('',#6322);
#6322 = CARTESIAN_POINT('',(-0.32,-2.22,-2.84));
#6323 = LINE('',#6324,#6325);
#6324 = CARTESIAN_POINT('',(-0.32,-2.22,-2.84));
#6325 = VECTOR('',#6326,1.);
#6326 = DIRECTION('',(1.,0.,0.));
#6327 = ORIENTED_EDGE('',*,*,#6328,.T.);
#6328 = EDGE_CURVE('',#6321,#4890,#6329,.T.);
#6329 = LINE('',#6330,#6331);
#6330 = CARTESIAN_POINT('',(-0.32,-2.22,-3.));
#6331 = VECTOR('',#6332,1.);
#6332 = DIRECTION('',(0.,0.,1.));
#6333 = ORIENTED_EDGE('',*,*,#4897,.F.);
#6334 = PLANE('',#6335);
#6335 = AXIS2_PLACEMENT_3D('',#6336,#6337,#6338);
#6336 = CARTESIAN_POINT('',(-0.32,-2.22,-3.));
#6337 = DIRECTION('',(0.,1.,0.));
#6338 = DIRECTION('',(0.,-0.,1.));
#6339 = ADVANCED_FACE('',(#6340),#6358,.F.);
#6340 = FACE_BOUND('',#6341,.F.);
#6341 = EDGE_LOOP('',(#6342,#6350,#6356,#6357));
#6342 = ORIENTED_EDGE('',*,*,#6343,.F.);
#6343 = EDGE_CURVE('',#6344,#4882,#6346,.T.);
#6344 = VERTEX_POINT('',#6345);
#6345 = CARTESIAN_POINT('',(-0.32,-2.86,-2.84));
#6346 = LINE('',#6347,#6348);
#6347 = CARTESIAN_POINT('',(-0.32,-2.86,-3.));
#6348 = VECTOR('',#6349,1.);
#6349 = DIRECTION('',(0.,0.,1.));
#6350 = ORIENTED_EDGE('',*,*,#6351,.T.);
#6351 = EDGE_CURVE('',#6344,#6321,#6352,.T.);
#6352 = LINE('',#6353,#6354);
#6353 = CARTESIAN_POINT('',(-0.32,-2.86,-2.84));
#6354 = VECTOR('',#6355,1.);
#6355 = DIRECTION('',(0.,1.,0.));
#6356 = ORIENTED_EDGE('',*,*,#6328,.T.);
#6357 = ORIENTED_EDGE('',*,*,#4889,.F.);
#6358 = PLANE('',#6359);
#6359 = AXIS2_PLACEMENT_3D('',#6360,#6361,#6362);
#6360 = CARTESIAN_POINT('',(-0.32,-2.86,-3.));
#6361 = DIRECTION('',(1.,0.,0.));
#6362 = DIRECTION('',(0.,0.,1.));
#6363 = ADVANCED_FACE('',(#6364),#6375,.F.);
#6364 = FACE_BOUND('',#6365,.F.);
#6365 = EDGE_LOOP('',(#6366,#6367,#6373,#6374));
#6366 = ORIENTED_EDGE('',*,*,#6288,.F.);
#6367 = ORIENTED_EDGE('',*,*,#6368,.F.);
#6368 = EDGE_CURVE('',#6344,#6289,#6369,.T.);
#6369 = LINE('',#6370,#6371);
#6370 = CARTESIAN_POINT('',(-0.32,-2.86,-2.84));
#6371 = VECTOR('',#6372,1.);
#6372 = DIRECTION('',(1.,0.,0.));
#6373 = ORIENTED_EDGE('',*,*,#6343,.T.);
#6374 = ORIENTED_EDGE('',*,*,#4881,.F.);
#6375 = PLANE('',#6376);
#6376 = AXIS2_PLACEMENT_3D('',#6377,#6378,#6379);
#6377 = CARTESIAN_POINT('',(-0.32,-2.86,-3.));
#6378 = DIRECTION('',(0.,1.,0.));
#6379 = DIRECTION('',(0.,-0.,1.));
#6380 = ADVANCED_FACE('',(#6381),#6406,.F.);
#6381 = FACE_BOUND('',#6382,.F.);
#6382 = EDGE_LOOP('',(#6383,#6391,#6399,#6405));
#6383 = ORIENTED_EDGE('',*,*,#6384,.F.);
#6384 = EDGE_CURVE('',#6385,#4906,#6387,.T.);
#6385 = VERTEX_POINT('',#6386);
#6386 = CARTESIAN_POINT('',(0.32,-13.02,-2.84));
#6387 = LINE('',#6388,#6389);
#6388 = CARTESIAN_POINT('',(0.32,-13.02,-3.));
#6389 = VECTOR('',#6390,1.);
#6390 = DIRECTION('',(0.,0.,1.));
#6391 = ORIENTED_EDGE('',*,*,#6392,.F.);
#6392 = EDGE_CURVE('',#6393,#6385,#6395,.T.);
#6393 = VERTEX_POINT('',#6394);
#6394 = CARTESIAN_POINT('',(-0.32,-13.02,-2.84));
#6395 = LINE('',#6396,#6397);
#6396 = CARTESIAN_POINT('',(-0.32,-13.02,-2.84));
#6397 = VECTOR('',#6398,1.);
#6398 = DIRECTION('',(1.,0.,0.));
#6399 = ORIENTED_EDGE('',*,*,#6400,.T.);
#6400 = EDGE_CURVE('',#6393,#4908,#6401,.T.);
#6401 = LINE('',#6402,#6403);
#6402 = CARTESIAN_POINT('',(-0.32,-13.02,-3.));
#6403 = VECTOR('',#6404,1.);
#6404 = DIRECTION('',(0.,0.,1.));
#6405 = ORIENTED_EDGE('',*,*,#4905,.F.);
#6406 = PLANE('',#6407);
#6407 = AXIS2_PLACEMENT_3D('',#6408,#6409,#6410);
#6408 = CARTESIAN_POINT('',(-0.32,-13.02,-3.));
#6409 = DIRECTION('',(0.,1.,0.));
#6410 = DIRECTION('',(0.,-0.,1.));
#6411 = ADVANCED_FACE('',(#6412),#6430,.T.);
#6412 = FACE_BOUND('',#6413,.T.);
#6413 = EDGE_LOOP('',(#6414,#6415,#6423,#6429));
#6414 = ORIENTED_EDGE('',*,*,#6384,.F.);
#6415 = ORIENTED_EDGE('',*,*,#6416,.T.);
#6416 = EDGE_CURVE('',#6385,#6417,#6419,.T.);
#6417 = VERTEX_POINT('',#6418);
#6418 = CARTESIAN_POINT('',(0.32,-12.38,-2.84));
#6419 = LINE('',#6420,#6421);
#6420 = CARTESIAN_POINT('',(0.32,-13.02,-2.84));
#6421 = VECTOR('',#6422,1.);
#6422 = DIRECTION('',(0.,1.,0.));
#6423 = ORIENTED_EDGE('',*,*,#6424,.T.);
#6424 = EDGE_CURVE('',#6417,#4924,#6425,.T.);
#6425 = LINE('',#6426,#6427);
#6426 = CARTESIAN_POINT('',(0.32,-12.38,-3.));
#6427 = VECTOR('',#6428,1.);
#6428 = DIRECTION('',(0.,0.,1.));
#6429 = ORIENTED_EDGE('',*,*,#4931,.F.);
#6430 = PLANE('',#6431);
#6431 = AXIS2_PLACEMENT_3D('',#6432,#6433,#6434);
#6432 = CARTESIAN_POINT('',(0.32,-13.02,-3.));
#6433 = DIRECTION('',(1.,0.,0.));
#6434 = DIRECTION('',(0.,0.,1.));
#6435 = ADVANCED_FACE('',(#6436),#6454,.T.);
#6436 = FACE_BOUND('',#6437,.T.);
#6437 = EDGE_LOOP('',(#6438,#6439,#6447,#6453));
#6438 = ORIENTED_EDGE('',*,*,#6424,.F.);
#6439 = ORIENTED_EDGE('',*,*,#6440,.F.);
#6440 = EDGE_CURVE('',#6441,#6417,#6443,.T.);
#6441 = VERTEX_POINT('',#6442);
#6442 = CARTESIAN_POINT('',(-0.32,-12.38,-2.84));
#6443 = LINE('',#6444,#6445);
#6444 = CARTESIAN_POINT('',(-0.32,-12.38,-2.84));
#6445 = VECTOR('',#6446,1.);
#6446 = DIRECTION('',(1.,0.,0.));
#6447 = ORIENTED_EDGE('',*,*,#6448,.T.);
#6448 = EDGE_CURVE('',#6441,#4916,#6449,.T.);
#6449 = LINE('',#6450,#6451);
#6450 = CARTESIAN_POINT('',(-0.32,-12.38,-3.));
#6451 = VECTOR('',#6452,1.);
#6452 = DIRECTION('',(0.,0.,1.));
#6453 = ORIENTED_EDGE('',*,*,#4923,.F.);
#6454 = PLANE('',#6455);
#6455 = AXIS2_PLACEMENT_3D('',#6456,#6457,#6458);
#6456 = CARTESIAN_POINT('',(-0.32,-12.38,-3.));
#6457 = DIRECTION('',(0.,1.,0.));
#6458 = DIRECTION('',(0.,-0.,1.));
#6459 = ADVANCED_FACE('',(#6460),#6471,.F.);
#6460 = FACE_BOUND('',#6461,.F.);
#6461 = EDGE_LOOP('',(#6462,#6463,#6469,#6470));
#6462 = ORIENTED_EDGE('',*,*,#6400,.F.);
#6463 = ORIENTED_EDGE('',*,*,#6464,.T.);
#6464 = EDGE_CURVE('',#6393,#6441,#6465,.T.);
#6465 = LINE('',#6466,#6467);
#6466 = CARTESIAN_POINT('',(-0.32,-13.02,-2.84));
#6467 = VECTOR('',#6468,1.);
#6468 = DIRECTION('',(0.,1.,0.));
#6469 = ORIENTED_EDGE('',*,*,#6448,.T.);
#6470 = ORIENTED_EDGE('',*,*,#4915,.F.);
#6471 = PLANE('',#6472);
#6472 = AXIS2_PLACEMENT_3D('',#6473,#6474,#6475);
#6473 = CARTESIAN_POINT('',(-0.32,-13.02,-3.));
#6474 = DIRECTION('',(1.,0.,0.));
#6475 = DIRECTION('',(0.,0.,1.));
#6476 = ADVANCED_FACE('',(#6477),#6502,.T.);
#6477 = FACE_BOUND('',#6478,.T.);
#6478 = EDGE_LOOP('',(#6479,#6487,#6495,#6501));
#6479 = ORIENTED_EDGE('',*,*,#6480,.F.);
#6480 = EDGE_CURVE('',#6481,#4940,#6483,.T.);
#6481 = VERTEX_POINT('',#6482);
#6482 = CARTESIAN_POINT('',(0.32,-9.84,-2.84));
#6483 = LINE('',#6484,#6485);
#6484 = CARTESIAN_POINT('',(0.32,-9.84,-3.));
#6485 = VECTOR('',#6486,1.);
#6486 = DIRECTION('',(0.,0.,1.));
#6487 = ORIENTED_EDGE('',*,*,#6488,.F.);
#6488 = EDGE_CURVE('',#6489,#6481,#6491,.T.);
#6489 = VERTEX_POINT('',#6490);
#6490 = CARTESIAN_POINT('',(-0.32,-9.84,-2.84));
#6491 = LINE('',#6492,#6493);
#6492 = CARTESIAN_POINT('',(-0.32,-9.84,-2.84));
#6493 = VECTOR('',#6494,1.);
#6494 = DIRECTION('',(1.,0.,0.));
#6495 = ORIENTED_EDGE('',*,*,#6496,.T.);
#6496 = EDGE_CURVE('',#6489,#4942,#6497,.T.);
#6497 = LINE('',#6498,#6499);
#6498 = CARTESIAN_POINT('',(-0.32,-9.84,-3.));
#6499 = VECTOR('',#6500,1.);
#6500 = DIRECTION('',(0.,0.,1.));
#6501 = ORIENTED_EDGE('',*,*,#4939,.F.);
#6502 = PLANE('',#6503);
#6503 = AXIS2_PLACEMENT_3D('',#6504,#6505,#6506);
#6504 = CARTESIAN_POINT('',(-0.32,-9.84,-3.));
#6505 = DIRECTION('',(0.,1.,0.));
#6506 = DIRECTION('',(0.,-0.,1.));
#6507 = ADVANCED_FACE('',(#6508),#6526,.F.);
#6508 = FACE_BOUND('',#6509,.F.);
#6509 = EDGE_LOOP('',(#6510,#6518,#6524,#6525));
#6510 = ORIENTED_EDGE('',*,*,#6511,.F.);
#6511 = EDGE_CURVE('',#6512,#4958,#6514,.T.);
#6512 = VERTEX_POINT('',#6513);
#6513 = CARTESIAN_POINT('',(-0.32,-10.48,-2.84));
#6514 = LINE('',#6515,#6516);
#6515 = CARTESIAN_POINT('',(-0.32,-10.48,-3.));
#6516 = VECTOR('',#6517,1.);
#6517 = DIRECTION('',(0.,0.,1.));
#6518 = ORIENTED_EDGE('',*,*,#6519,.T.);
#6519 = EDGE_CURVE('',#6512,#6489,#6520,.T.);
#6520 = LINE('',#6521,#6522);
#6521 = CARTESIAN_POINT('',(-0.32,-10.48,-2.84));
#6522 = VECTOR('',#6523,1.);
#6523 = DIRECTION('',(0.,1.,0.));
#6524 = ORIENTED_EDGE('',*,*,#6496,.T.);
#6525 = ORIENTED_EDGE('',*,*,#4965,.F.);
#6526 = PLANE('',#6527);
#6527 = AXIS2_PLACEMENT_3D('',#6528,#6529,#6530);
#6528 = CARTESIAN_POINT('',(-0.32,-10.48,-3.));
#6529 = DIRECTION('',(1.,0.,0.));
#6530 = DIRECTION('',(0.,0.,1.));
#6531 = ADVANCED_FACE('',(#6532),#6550,.F.);
#6532 = FACE_BOUND('',#6533,.F.);
#6533 = EDGE_LOOP('',(#6534,#6542,#6548,#6549));
#6534 = ORIENTED_EDGE('',*,*,#6535,.F.);
#6535 = EDGE_CURVE('',#6536,#4950,#6538,.T.);
#6536 = VERTEX_POINT('',#6537);
#6537 = CARTESIAN_POINT('',(0.32,-10.48,-2.84));
#6538 = LINE('',#6539,#6540);
#6539 = CARTESIAN_POINT('',(0.32,-10.48,-3.));
#6540 = VECTOR('',#6541,1.);
#6541 = DIRECTION('',(0.,0.,1.));
#6542 = ORIENTED_EDGE('',*,*,#6543,.F.);
#6543 = EDGE_CURVE('',#6512,#6536,#6544,.T.);
#6544 = LINE('',#6545,#6546);
#6545 = CARTESIAN_POINT('',(-0.32,-10.48,-2.84));
#6546 = VECTOR('',#6547,1.);
#6547 = DIRECTION('',(1.,0.,0.));
#6548 = ORIENTED_EDGE('',*,*,#6511,.T.);
#6549 = ORIENTED_EDGE('',*,*,#4957,.F.);
#6550 = PLANE('',#6551);
#6551 = AXIS2_PLACEMENT_3D('',#6552,#6553,#6554);
#6552 = CARTESIAN_POINT('',(-0.32,-10.48,-3.));
#6553 = DIRECTION('',(0.,1.,0.));
#6554 = DIRECTION('',(0.,-0.,1.));
#6555 = ADVANCED_FACE('',(#6556),#6567,.T.);
#6556 = FACE_BOUND('',#6557,.T.);
#6557 = EDGE_LOOP('',(#6558,#6559,#6565,#6566));
#6558 = ORIENTED_EDGE('',*,*,#6535,.F.);
#6559 = ORIENTED_EDGE('',*,*,#6560,.T.);
#6560 = EDGE_CURVE('',#6536,#6481,#6561,.T.);
#6561 = LINE('',#6562,#6563);
#6562 = CARTESIAN_POINT('',(0.32,-10.48,-2.84));
#6563 = VECTOR('',#6564,1.);
#6564 = DIRECTION('',(0.,1.,0.));
#6565 = ORIENTED_EDGE('',*,*,#6480,.T.);
#6566 = ORIENTED_EDGE('',*,*,#4949,.F.);
#6567 = PLANE('',#6568);
#6568 = AXIS2_PLACEMENT_3D('',#6569,#6570,#6571);
#6569 = CARTESIAN_POINT('',(0.32,-10.48,-3.));
#6570 = DIRECTION('',(1.,0.,0.));
#6571 = DIRECTION('',(0.,0.,1.));
#6572 = ADVANCED_FACE('',(#6573),#6598,.F.);
#6573 = FACE_BOUND('',#6574,.F.);
#6574 = EDGE_LOOP('',(#6575,#6583,#6591,#6597));
#6575 = ORIENTED_EDGE('',*,*,#6576,.F.);
#6576 = EDGE_CURVE('',#6577,#4974,#6579,.T.);
#6577 = VERTEX_POINT('',#6578);
#6578 = CARTESIAN_POINT('',(0.32,-7.94,-2.84));
#6579 = LINE('',#6580,#6581);
#6580 = CARTESIAN_POINT('',(0.32,-7.94,-3.));
#6581 = VECTOR('',#6582,1.);
#6582 = DIRECTION('',(0.,0.,1.));
#6583 = ORIENTED_EDGE('',*,*,#6584,.F.);
#6584 = EDGE_CURVE('',#6585,#6577,#6587,.T.);
#6585 = VERTEX_POINT('',#6586);
#6586 = CARTESIAN_POINT('',(-0.32,-7.94,-2.84));
#6587 = LINE('',#6588,#6589);
#6588 = CARTESIAN_POINT('',(-0.32,-7.94,-2.84));
#6589 = VECTOR('',#6590,1.);
#6590 = DIRECTION('',(1.,0.,0.));
#6591 = ORIENTED_EDGE('',*,*,#6592,.T.);
#6592 = EDGE_CURVE('',#6585,#4976,#6593,.T.);
#6593 = LINE('',#6594,#6595);
#6594 = CARTESIAN_POINT('',(-0.32,-7.94,-3.));
#6595 = VECTOR('',#6596,1.);
#6596 = DIRECTION('',(0.,0.,1.));
#6597 = ORIENTED_EDGE('',*,*,#4973,.F.);
#6598 = PLANE('',#6599);
#6599 = AXIS2_PLACEMENT_3D('',#6600,#6601,#6602);
#6600 = CARTESIAN_POINT('',(-0.32,-7.94,-3.));
#6601 = DIRECTION('',(0.,1.,0.));
#6602 = DIRECTION('',(0.,-0.,1.));
#6603 = ADVANCED_FACE('',(#6604),#6622,.T.);
#6604 = FACE_BOUND('',#6605,.T.);
#6605 = EDGE_LOOP('',(#6606,#6607,#6615,#6621));
#6606 = ORIENTED_EDGE('',*,*,#6576,.F.);
#6607 = ORIENTED_EDGE('',*,*,#6608,.T.);
#6608 = EDGE_CURVE('',#6577,#6609,#6611,.T.);
#6609 = VERTEX_POINT('',#6610);
#6610 = CARTESIAN_POINT('',(0.32,-7.3,-2.84));
#6611 = LINE('',#6612,#6613);
#6612 = CARTESIAN_POINT('',(0.32,-7.94,-2.84));
#6613 = VECTOR('',#6614,1.);
#6614 = DIRECTION('',(0.,1.,0.));
#6615 = ORIENTED_EDGE('',*,*,#6616,.T.);
#6616 = EDGE_CURVE('',#6609,#4992,#6617,.T.);
#6617 = LINE('',#6618,#6619);
#6618 = CARTESIAN_POINT('',(0.32,-7.3,-3.));
#6619 = VECTOR('',#6620,1.);
#6620 = DIRECTION('',(0.,0.,1.));
#6621 = ORIENTED_EDGE('',*,*,#4999,.F.);
#6622 = PLANE('',#6623);
#6623 = AXIS2_PLACEMENT_3D('',#6624,#6625,#6626);
#6624 = CARTESIAN_POINT('',(0.32,-7.94,-3.));
#6625 = DIRECTION('',(1.,0.,0.));
#6626 = DIRECTION('',(0.,0.,1.));
#6627 = ADVANCED_FACE('',(#6628),#6646,.T.);
#6628 = FACE_BOUND('',#6629,.T.);
#6629 = EDGE_LOOP('',(#6630,#6631,#6639,#6645));
#6630 = ORIENTED_EDGE('',*,*,#6616,.F.);
#6631 = ORIENTED_EDGE('',*,*,#6632,.F.);
#6632 = EDGE_CURVE('',#6633,#6609,#6635,.T.);
#6633 = VERTEX_POINT('',#6634);
#6634 = CARTESIAN_POINT('',(-0.32,-7.3,-2.84));
#6635 = LINE('',#6636,#6637);
#6636 = CARTESIAN_POINT('',(-0.32,-7.3,-2.84));
#6637 = VECTOR('',#6638,1.);
#6638 = DIRECTION('',(1.,0.,0.));
#6639 = ORIENTED_EDGE('',*,*,#6640,.T.);
#6640 = EDGE_CURVE('',#6633,#4984,#6641,.T.);
#6641 = LINE('',#6642,#6643);
#6642 = CARTESIAN_POINT('',(-0.32,-7.3,-3.));
#6643 = VECTOR('',#6644,1.);
#6644 = DIRECTION('',(0.,0.,1.));
#6645 = ORIENTED_EDGE('',*,*,#4991,.F.);
#6646 = PLANE('',#6647);
#6647 = AXIS2_PLACEMENT_3D('',#6648,#6649,#6650);
#6648 = CARTESIAN_POINT('',(-0.32,-7.3,-3.));
#6649 = DIRECTION('',(0.,1.,0.));
#6650 = DIRECTION('',(0.,-0.,1.));
#6651 = ADVANCED_FACE('',(#6652),#6663,.F.);
#6652 = FACE_BOUND('',#6653,.F.);
#6653 = EDGE_LOOP('',(#6654,#6655,#6661,#6662));
#6654 = ORIENTED_EDGE('',*,*,#6592,.F.);
#6655 = ORIENTED_EDGE('',*,*,#6656,.T.);
#6656 = EDGE_CURVE('',#6585,#6633,#6657,.T.);
#6657 = LINE('',#6658,#6659);
#6658 = CARTESIAN_POINT('',(-0.32,-7.94,-2.84));
#6659 = VECTOR('',#6660,1.);
#6660 = DIRECTION('',(0.,1.,0.));
#6661 = ORIENTED_EDGE('',*,*,#6640,.T.);
#6662 = ORIENTED_EDGE('',*,*,#4983,.F.);
#6663 = PLANE('',#6664);
#6664 = AXIS2_PLACEMENT_3D('',#6665,#6666,#6667);
#6665 = CARTESIAN_POINT('',(-0.32,-7.94,-3.));
#6666 = DIRECTION('',(1.,0.,0.));
#6667 = DIRECTION('',(0.,0.,1.));
#6668 = ADVANCED_FACE('',(#6669),#6694,.T.);
#6669 = FACE_BOUND('',#6670,.T.);
#6670 = EDGE_LOOP('',(#6671,#6679,#6680,#6688));
#6671 = ORIENTED_EDGE('',*,*,#6672,.F.);
#6672 = EDGE_CURVE('',#5297,#6673,#6675,.T.);
#6673 = VERTEX_POINT('',#6674);
#6674 = CARTESIAN_POINT('',(0.32,-0.32,8.38));
#6675 = LINE('',#6676,#6677);
#6676 = CARTESIAN_POINT('',(0.32,-0.32,-3.));
#6677 = VECTOR('',#6678,1.);
#6678 = DIRECTION('',(0.,0.,1.));
#6679 = ORIENTED_EDGE('',*,*,#5296,.T.);
#6680 = ORIENTED_EDGE('',*,*,#6681,.T.);
#6681 = EDGE_CURVE('',#5299,#6682,#6684,.T.);
#6682 = VERTEX_POINT('',#6683);
#6683 = CARTESIAN_POINT('',(0.32,0.32,8.38));
#6684 = LINE('',#6685,#6686);
#6685 = CARTESIAN_POINT('',(0.32,0.32,-3.));
#6686 = VECTOR('',#6687,1.);
#6687 = DIRECTION('',(0.,0.,1.));
#6688 = ORIENTED_EDGE('',*,*,#6689,.F.);
#6689 = EDGE_CURVE('',#6673,#6682,#6690,.T.);
#6690 = LINE('',#6691,#6692);
#6691 = CARTESIAN_POINT('',(0.32,-0.32,8.38));
#6692 = VECTOR('',#6693,1.);
#6693 = DIRECTION('',(0.,1.,0.));
#6694 = PLANE('',#6695);
#6695 = AXIS2_PLACEMENT_3D('',#6696,#6697,#6698);
#6696 = CARTESIAN_POINT('',(0.32,-0.32,-3.));
#6697 = DIRECTION('',(1.,0.,0.));
#6698 = DIRECTION('',(0.,0.,1.));
#6699 = ADVANCED_FACE('',(#6700),#6718,.T.);
#6700 = FACE_BOUND('',#6701,.T.);
#6701 = EDGE_LOOP('',(#6702,#6703,#6704,#6712));
#6702 = ORIENTED_EDGE('',*,*,#6681,.F.);
#6703 = ORIENTED_EDGE('',*,*,#5322,.T.);
#6704 = ORIENTED_EDGE('',*,*,#6705,.T.);
#6705 = EDGE_CURVE('',#5315,#6706,#6708,.T.);
#6706 = VERTEX_POINT('',#6707);
#6707 = CARTESIAN_POINT('',(-0.32,0.32,8.38));
#6708 = LINE('',#6709,#6710);
#6709 = CARTESIAN_POINT('',(-0.32,0.32,-3.));
#6710 = VECTOR('',#6711,1.);
#6711 = DIRECTION('',(0.,0.,1.));
#6712 = ORIENTED_EDGE('',*,*,#6713,.T.);
#6713 = EDGE_CURVE('',#6706,#6682,#6714,.T.);
#6714 = LINE('',#6715,#6716);
#6715 = CARTESIAN_POINT('',(-0.32,0.32,8.38));
#6716 = VECTOR('',#6717,1.);
#6717 = DIRECTION('',(1.,0.,0.));
#6718 = PLANE('',#6719);
#6719 = AXIS2_PLACEMENT_3D('',#6720,#6721,#6722);
#6720 = CARTESIAN_POINT('',(-0.32,0.32,-3.));
#6721 = DIRECTION('',(0.,1.,0.));
#6722 = DIRECTION('',(0.,-0.,1.));
#6723 = ADVANCED_FACE('',(#6724),#6742,.F.);
#6724 = FACE_BOUND('',#6725,.F.);
#6725 = EDGE_LOOP('',(#6726,#6734,#6735,#6736));
#6726 = ORIENTED_EDGE('',*,*,#6727,.F.);
#6727 = EDGE_CURVE('',#5307,#6728,#6730,.T.);
#6728 = VERTEX_POINT('',#6729);
#6729 = CARTESIAN_POINT('',(-0.32,-0.32,8.38));
#6730 = LINE('',#6731,#6732);
#6731 = CARTESIAN_POINT('',(-0.32,-0.32,-3.));
#6732 = VECTOR('',#6733,1.);
#6733 = DIRECTION('',(0.,0.,1.));
#6734 = ORIENTED_EDGE('',*,*,#5314,.T.);
#6735 = ORIENTED_EDGE('',*,*,#6705,.T.);
#6736 = ORIENTED_EDGE('',*,*,#6737,.F.);
#6737 = EDGE_CURVE('',#6728,#6706,#6738,.T.);
#6738 = LINE('',#6739,#6740);
#6739 = CARTESIAN_POINT('',(-0.32,-0.32,8.38));
#6740 = VECTOR('',#6741,1.);
#6741 = DIRECTION('',(0.,1.,0.));
#6742 = PLANE('',#6743);
#6743 = AXIS2_PLACEMENT_3D('',#6744,#6745,#6746);
#6744 = CARTESIAN_POINT('',(-0.32,-0.32,-3.));
#6745 = DIRECTION('',(1.,0.,0.));
#6746 = DIRECTION('',(0.,0.,1.));
#6747 = ADVANCED_FACE('',(#6748),#6759,.F.);
#6748 = FACE_BOUND('',#6749,.F.);
#6749 = EDGE_LOOP('',(#6750,#6751,#6752,#6753));
#6750 = ORIENTED_EDGE('',*,*,#6672,.F.);
#6751 = ORIENTED_EDGE('',*,*,#5306,.T.);
#6752 = ORIENTED_EDGE('',*,*,#6727,.T.);
#6753 = ORIENTED_EDGE('',*,*,#6754,.T.);
#6754 = EDGE_CURVE('',#6728,#6673,#6755,.T.);
#6755 = LINE('',#6756,#6757);
#6756 = CARTESIAN_POINT('',(-0.32,-0.32,8.38));
#6757 = VECTOR('',#6758,1.);
#6758 = DIRECTION('',(1.,0.,0.));
#6759 = PLANE('',#6760);
#6760 = AXIS2_PLACEMENT_3D('',#6761,#6762,#6763);
#6761 = CARTESIAN_POINT('',(-0.32,-0.32,-3.));
#6762 = DIRECTION('',(0.,1.,0.));
#6763 = DIRECTION('',(0.,-0.,1.));
#6764 = ADVANCED_FACE('',(#6765),#6790,.T.);
#6765 = FACE_BOUND('',#6766,.T.);
#6766 = EDGE_LOOP('',(#6767,#6775,#6776,#6784));
#6767 = ORIENTED_EDGE('',*,*,#6768,.F.);
#6768 = EDGE_CURVE('',#5331,#6769,#6771,.T.);
#6769 = VERTEX_POINT('',#6770);
#6770 = CARTESIAN_POINT('',(0.32,-5.4,8.38));
#6771 = LINE('',#6772,#6773);
#6772 = CARTESIAN_POINT('',(0.32,-5.4,-3.));
#6773 = VECTOR('',#6774,1.);
#6774 = DIRECTION('',(0.,0.,1.));
#6775 = ORIENTED_EDGE('',*,*,#5330,.T.);
#6776 = ORIENTED_EDGE('',*,*,#6777,.T.);
#6777 = EDGE_CURVE('',#5333,#6778,#6780,.T.);
#6778 = VERTEX_POINT('',#6779);
#6779 = CARTESIAN_POINT('',(0.32,-4.76,8.38));
#6780 = LINE('',#6781,#6782);
#6781 = CARTESIAN_POINT('',(0.32,-4.76,-3.));
#6782 = VECTOR('',#6783,1.);
#6783 = DIRECTION('',(0.,0.,1.));
#6784 = ORIENTED_EDGE('',*,*,#6785,.F.);
#6785 = EDGE_CURVE('',#6769,#6778,#6786,.T.);
#6786 = LINE('',#6787,#6788);
#6787 = CARTESIAN_POINT('',(0.32,-5.4,8.38));
#6788 = VECTOR('',#6789,1.);
#6789 = DIRECTION('',(0.,1.,0.));
#6790 = PLANE('',#6791);
#6791 = AXIS2_PLACEMENT_3D('',#6792,#6793,#6794);
#6792 = CARTESIAN_POINT('',(0.32,-5.4,-3.));
#6793 = DIRECTION('',(1.,0.,0.));
#6794 = DIRECTION('',(0.,0.,1.));
#6795 = ADVANCED_FACE('',(#6796),#6814,.T.);
#6796 = FACE_BOUND('',#6797,.T.);
#6797 = EDGE_LOOP('',(#6798,#6799,#6800,#6808));
#6798 = ORIENTED_EDGE('',*,*,#6777,.F.);
#6799 = ORIENTED_EDGE('',*,*,#5356,.T.);
#6800 = ORIENTED_EDGE('',*,*,#6801,.T.);
#6801 = EDGE_CURVE('',#5349,#6802,#6804,.T.);
#6802 = VERTEX_POINT('',#6803);
#6803 = CARTESIAN_POINT('',(-0.32,-4.76,8.38));
#6804 = LINE('',#6805,#6806);
#6805 = CARTESIAN_POINT('',(-0.32,-4.76,-3.));
#6806 = VECTOR('',#6807,1.);
#6807 = DIRECTION('',(0.,0.,1.));
#6808 = ORIENTED_EDGE('',*,*,#6809,.T.);
#6809 = EDGE_CURVE('',#6802,#6778,#6810,.T.);
#6810 = LINE('',#6811,#6812);
#6811 = CARTESIAN_POINT('',(-0.32,-4.76,8.38));
#6812 = VECTOR('',#6813,1.);
#6813 = DIRECTION('',(1.,0.,0.));
#6814 = PLANE('',#6815);
#6815 = AXIS2_PLACEMENT_3D('',#6816,#6817,#6818);
#6816 = CARTESIAN_POINT('',(-0.32,-4.76,-3.));
#6817 = DIRECTION('',(0.,1.,0.));
#6818 = DIRECTION('',(0.,-0.,1.));
#6819 = ADVANCED_FACE('',(#6820),#6838,.F.);
#6820 = FACE_BOUND('',#6821,.F.);
#6821 = EDGE_LOOP('',(#6822,#6830,#6831,#6832));
#6822 = ORIENTED_EDGE('',*,*,#6823,.F.);
#6823 = EDGE_CURVE('',#5341,#6824,#6826,.T.);
#6824 = VERTEX_POINT('',#6825);
#6825 = CARTESIAN_POINT('',(-0.32,-5.4,8.38));
#6826 = LINE('',#6827,#6828);
#6827 = CARTESIAN_POINT('',(-0.32,-5.4,-3.));
#6828 = VECTOR('',#6829,1.);
#6829 = DIRECTION('',(0.,0.,1.));
#6830 = ORIENTED_EDGE('',*,*,#5348,.T.);
#6831 = ORIENTED_EDGE('',*,*,#6801,.T.);
#6832 = ORIENTED_EDGE('',*,*,#6833,.F.);
#6833 = EDGE_CURVE('',#6824,#6802,#6834,.T.);
#6834 = LINE('',#6835,#6836);
#6835 = CARTESIAN_POINT('',(-0.32,-5.4,8.38));
#6836 = VECTOR('',#6837,1.);
#6837 = DIRECTION('',(0.,1.,0.));
#6838 = PLANE('',#6839);
#6839 = AXIS2_PLACEMENT_3D('',#6840,#6841,#6842);
#6840 = CARTESIAN_POINT('',(-0.32,-5.4,-3.));
#6841 = DIRECTION('',(1.,0.,0.));
#6842 = DIRECTION('',(0.,0.,1.));
#6843 = ADVANCED_FACE('',(#6844),#6855,.F.);
#6844 = FACE_BOUND('',#6845,.F.);
#6845 = EDGE_LOOP('',(#6846,#6847,#6848,#6849));
#6846 = ORIENTED_EDGE('',*,*,#6768,.F.);
#6847 = ORIENTED_EDGE('',*,*,#5340,.T.);
#6848 = ORIENTED_EDGE('',*,*,#6823,.T.);
#6849 = ORIENTED_EDGE('',*,*,#6850,.T.);
#6850 = EDGE_CURVE('',#6824,#6769,#6851,.T.);
#6851 = LINE('',#6852,#6853);
#6852 = CARTESIAN_POINT('',(-0.32,-5.4,8.38));
#6853 = VECTOR('',#6854,1.);
#6854 = DIRECTION('',(1.,0.,0.));
#6855 = PLANE('',#6856);
#6856 = AXIS2_PLACEMENT_3D('',#6857,#6858,#6859);
#6857 = CARTESIAN_POINT('',(-0.32,-5.4,-3.));
#6858 = DIRECTION('',(0.,1.,0.));
#6859 = DIRECTION('',(0.,-0.,1.));
#6860 = ADVANCED_FACE('',(#6861),#6886,.T.);
#6861 = FACE_BOUND('',#6862,.T.);
#6862 = EDGE_LOOP('',(#6863,#6871,#6872,#6880));
#6863 = ORIENTED_EDGE('',*,*,#6864,.F.);
#6864 = EDGE_CURVE('',#5365,#6865,#6867,.T.);
#6865 = VERTEX_POINT('',#6866);
#6866 = CARTESIAN_POINT('',(0.32,-2.86,8.38));
#6867 = LINE('',#6868,#6869);
#6868 = CARTESIAN_POINT('',(0.32,-2.86,-3.));
#6869 = VECTOR('',#6870,1.);
#6870 = DIRECTION('',(0.,0.,1.));
#6871 = ORIENTED_EDGE('',*,*,#5364,.T.);
#6872 = ORIENTED_EDGE('',*,*,#6873,.T.);
#6873 = EDGE_CURVE('',#5367,#6874,#6876,.T.);
#6874 = VERTEX_POINT('',#6875);
#6875 = CARTESIAN_POINT('',(0.32,-2.22,8.38));
#6876 = LINE('',#6877,#6878);
#6877 = CARTESIAN_POINT('',(0.32,-2.22,-3.));
#6878 = VECTOR('',#6879,1.);
#6879 = DIRECTION('',(0.,0.,1.));
#6880 = ORIENTED_EDGE('',*,*,#6881,.F.);
#6881 = EDGE_CURVE('',#6865,#6874,#6882,.T.);
#6882 = LINE('',#6883,#6884);
#6883 = CARTESIAN_POINT('',(0.32,-2.86,8.38));
#6884 = VECTOR('',#6885,1.);
#6885 = DIRECTION('',(0.,1.,0.));
#6886 = PLANE('',#6887);
#6887 = AXIS2_PLACEMENT_3D('',#6888,#6889,#6890);
#6888 = CARTESIAN_POINT('',(0.32,-2.86,-3.));
#6889 = DIRECTION('',(1.,0.,0.));
#6890 = DIRECTION('',(0.,0.,1.));
#6891 = ADVANCED_FACE('',(#6892),#6910,.T.);
#6892 = FACE_BOUND('',#6893,.T.);
#6893 = EDGE_LOOP('',(#6894,#6895,#6896,#6904));
#6894 = ORIENTED_EDGE('',*,*,#6873,.F.);
#6895 = ORIENTED_EDGE('',*,*,#5390,.T.);
#6896 = ORIENTED_EDGE('',*,*,#6897,.T.);
#6897 = EDGE_CURVE('',#5383,#6898,#6900,.T.);
#6898 = VERTEX_POINT('',#6899);
#6899 = CARTESIAN_POINT('',(-0.32,-2.22,8.38));
#6900 = LINE('',#6901,#6902);
#6901 = CARTESIAN_POINT('',(-0.32,-2.22,-3.));
#6902 = VECTOR('',#6903,1.);
#6903 = DIRECTION('',(0.,0.,1.));
#6904 = ORIENTED_EDGE('',*,*,#6905,.T.);
#6905 = EDGE_CURVE('',#6898,#6874,#6906,.T.);
#6906 = LINE('',#6907,#6908);
#6907 = CARTESIAN_POINT('',(-0.32,-2.22,8.38));
#6908 = VECTOR('',#6909,1.);
#6909 = DIRECTION('',(1.,0.,0.));
#6910 = PLANE('',#6911);
#6911 = AXIS2_PLACEMENT_3D('',#6912,#6913,#6914);
#6912 = CARTESIAN_POINT('',(-0.32,-2.22,-3.));
#6913 = DIRECTION('',(0.,1.,0.));
#6914 = DIRECTION('',(0.,-0.,1.));
#6915 = ADVANCED_FACE('',(#6916),#6934,.F.);
#6916 = FACE_BOUND('',#6917,.F.);
#6917 = EDGE_LOOP('',(#6918,#6926,#6927,#6928));
#6918 = ORIENTED_EDGE('',*,*,#6919,.F.);
#6919 = EDGE_CURVE('',#5375,#6920,#6922,.T.);
#6920 = VERTEX_POINT('',#6921);
#6921 = CARTESIAN_POINT('',(-0.32,-2.86,8.38));
#6922 = LINE('',#6923,#6924);
#6923 = CARTESIAN_POINT('',(-0.32,-2.86,-3.));
#6924 = VECTOR('',#6925,1.);
#6925 = DIRECTION('',(0.,0.,1.));
#6926 = ORIENTED_EDGE('',*,*,#5382,.T.);
#6927 = ORIENTED_EDGE('',*,*,#6897,.T.);
#6928 = ORIENTED_EDGE('',*,*,#6929,.F.);
#6929 = EDGE_CURVE('',#6920,#6898,#6930,.T.);
#6930 = LINE('',#6931,#6932);
#6931 = CARTESIAN_POINT('',(-0.32,-2.86,8.38));
#6932 = VECTOR('',#6933,1.);
#6933 = DIRECTION('',(0.,1.,0.));
#6934 = PLANE('',#6935);
#6935 = AXIS2_PLACEMENT_3D('',#6936,#6937,#6938);
#6936 = CARTESIAN_POINT('',(-0.32,-2.86,-3.));
#6937 = DIRECTION('',(1.,0.,0.));
#6938 = DIRECTION('',(0.,0.,1.));
#6939 = ADVANCED_FACE('',(#6940),#6951,.F.);
#6940 = FACE_BOUND('',#6941,.F.);
#6941 = EDGE_LOOP('',(#6942,#6943,#6944,#6945));
#6942 = ORIENTED_EDGE('',*,*,#6864,.F.);
#6943 = ORIENTED_EDGE('',*,*,#5374,.T.);
#6944 = ORIENTED_EDGE('',*,*,#6919,.T.);
#6945 = ORIENTED_EDGE('',*,*,#6946,.T.);
#6946 = EDGE_CURVE('',#6920,#6865,#6947,.T.);
#6947 = LINE('',#6948,#6949);
#6948 = CARTESIAN_POINT('',(-0.32,-2.86,8.38));
#6949 = VECTOR('',#6950,1.);
#6950 = DIRECTION('',(1.,0.,0.));
#6951 = PLANE('',#6952);
#6952 = AXIS2_PLACEMENT_3D('',#6953,#6954,#6955);
#6953 = CARTESIAN_POINT('',(-0.32,-2.86,-3.));
#6954 = DIRECTION('',(0.,1.,0.));
#6955 = DIRECTION('',(0.,-0.,1.));
#6956 = ADVANCED_FACE('',(#6957),#6982,.F.);
#6957 = FACE_BOUND('',#6958,.F.);
#6958 = EDGE_LOOP('',(#6959,#6967,#6968,#6976));
#6959 = ORIENTED_EDGE('',*,*,#6960,.F.);
#6960 = EDGE_CURVE('',#5399,#6961,#6963,.T.);
#6961 = VERTEX_POINT('',#6962);
#6962 = CARTESIAN_POINT('',(0.32,-13.02,8.38));
#6963 = LINE('',#6964,#6965);
#6964 = CARTESIAN_POINT('',(0.32,-13.02,-3.));
#6965 = VECTOR('',#6966,1.);
#6966 = DIRECTION('',(0.,0.,1.));
#6967 = ORIENTED_EDGE('',*,*,#5398,.T.);
#6968 = ORIENTED_EDGE('',*,*,#6969,.T.);
#6969 = EDGE_CURVE('',#5401,#6970,#6972,.T.);
#6970 = VERTEX_POINT('',#6971);
#6971 = CARTESIAN_POINT('',(-0.32,-13.02,8.38));
#6972 = LINE('',#6973,#6974);
#6973 = CARTESIAN_POINT('',(-0.32,-13.02,-3.));
#6974 = VECTOR('',#6975,1.);
#6975 = DIRECTION('',(0.,0.,1.));
#6976 = ORIENTED_EDGE('',*,*,#6977,.T.);
#6977 = EDGE_CURVE('',#6970,#6961,#6978,.T.);
#6978 = LINE('',#6979,#6980);
#6979 = CARTESIAN_POINT('',(-0.32,-13.02,8.38));
#6980 = VECTOR('',#6981,1.);
#6981 = DIRECTION('',(1.,0.,0.));
#6982 = PLANE('',#6983);
#6983 = AXIS2_PLACEMENT_3D('',#6984,#6985,#6986);
#6984 = CARTESIAN_POINT('',(-0.32,-13.02,-3.));
#6985 = DIRECTION('',(0.,1.,0.));
#6986 = DIRECTION('',(0.,-0.,1.));
#6987 = ADVANCED_FACE('',(#6988),#7006,.T.);
#6988 = FACE_BOUND('',#6989,.T.);
#6989 = EDGE_LOOP('',(#6990,#6991,#6992,#7000));
#6990 = ORIENTED_EDGE('',*,*,#6960,.F.);
#6991 = ORIENTED_EDGE('',*,*,#5424,.T.);
#6992 = ORIENTED_EDGE('',*,*,#6993,.T.);
#6993 = EDGE_CURVE('',#5417,#6994,#6996,.T.);
#6994 = VERTEX_POINT('',#6995);
#6995 = CARTESIAN_POINT('',(0.32,-12.38,8.38));
#6996 = LINE('',#6997,#6998);
#6997 = CARTESIAN_POINT('',(0.32,-12.38,-3.));
#6998 = VECTOR('',#6999,1.);
#6999 = DIRECTION('',(0.,0.,1.));
#7000 = ORIENTED_EDGE('',*,*,#7001,.F.);
#7001 = EDGE_CURVE('',#6961,#6994,#7002,.T.);
#7002 = LINE('',#7003,#7004);
#7003 = CARTESIAN_POINT('',(0.32,-13.02,8.38));
#7004 = VECTOR('',#7005,1.);
#7005 = DIRECTION('',(0.,1.,0.));
#7006 = PLANE('',#7007);
#7007 = AXIS2_PLACEMENT_3D('',#7008,#7009,#7010);
#7008 = CARTESIAN_POINT('',(0.32,-13.02,-3.));
#7009 = DIRECTION('',(1.,0.,0.));
#7010 = DIRECTION('',(0.,0.,1.));
#7011 = ADVANCED_FACE('',(#7012),#7030,.T.);
#7012 = FACE_BOUND('',#7013,.T.);
#7013 = EDGE_LOOP('',(#7014,#7015,#7016,#7024));
#7014 = ORIENTED_EDGE('',*,*,#6993,.F.);
#7015 = ORIENTED_EDGE('',*,*,#5416,.T.);
#7016 = ORIENTED_EDGE('',*,*,#7017,.T.);
#7017 = EDGE_CURVE('',#5409,#7018,#7020,.T.);
#7018 = VERTEX_POINT('',#7019);
#7019 = CARTESIAN_POINT('',(-0.32,-12.38,8.38));
#7020 = LINE('',#7021,#7022);
#7021 = CARTESIAN_POINT('',(-0.32,-12.38,-3.));
#7022 = VECTOR('',#7023,1.);
#7023 = DIRECTION('',(0.,0.,1.));
#7024 = ORIENTED_EDGE('',*,*,#7025,.T.);
#7025 = EDGE_CURVE('',#7018,#6994,#7026,.T.);
#7026 = LINE('',#7027,#7028);
#7027 = CARTESIAN_POINT('',(-0.32,-12.38,8.38));
#7028 = VECTOR('',#7029,1.);
#7029 = DIRECTION('',(1.,0.,0.));
#7030 = PLANE('',#7031);
#7031 = AXIS2_PLACEMENT_3D('',#7032,#7033,#7034);
#7032 = CARTESIAN_POINT('',(-0.32,-12.38,-3.));
#7033 = DIRECTION('',(0.,1.,0.));
#7034 = DIRECTION('',(0.,-0.,1.));
#7035 = ADVANCED_FACE('',(#7036),#7047,.F.);
#7036 = FACE_BOUND('',#7037,.F.);
#7037 = EDGE_LOOP('',(#7038,#7039,#7040,#7041));
#7038 = ORIENTED_EDGE('',*,*,#6969,.F.);
#7039 = ORIENTED_EDGE('',*,*,#5408,.T.);
#7040 = ORIENTED_EDGE('',*,*,#7017,.T.);
#7041 = ORIENTED_EDGE('',*,*,#7042,.F.);
#7042 = EDGE_CURVE('',#6970,#7018,#7043,.T.);
#7043 = LINE('',#7044,#7045);
#7044 = CARTESIAN_POINT('',(-0.32,-13.02,8.38));
#7045 = VECTOR('',#7046,1.);
#7046 = DIRECTION('',(0.,1.,0.));
#7047 = PLANE('',#7048);
#7048 = AXIS2_PLACEMENT_3D('',#7049,#7050,#7051);
#7049 = CARTESIAN_POINT('',(-0.32,-13.02,-3.));
#7050 = DIRECTION('',(1.,0.,0.));
#7051 = DIRECTION('',(0.,0.,1.));
#7052 = ADVANCED_FACE('',(#7053),#7078,.T.);
#7053 = FACE_BOUND('',#7054,.T.);
#7054 = EDGE_LOOP('',(#7055,#7063,#7064,#7072));
#7055 = ORIENTED_EDGE('',*,*,#7056,.F.);
#7056 = EDGE_CURVE('',#5433,#7057,#7059,.T.);
#7057 = VERTEX_POINT('',#7058);
#7058 = CARTESIAN_POINT('',(0.32,-9.84,8.38));
#7059 = LINE('',#7060,#7061);
#7060 = CARTESIAN_POINT('',(0.32,-9.84,-3.));
#7061 = VECTOR('',#7062,1.);
#7062 = DIRECTION('',(0.,0.,1.));
#7063 = ORIENTED_EDGE('',*,*,#5432,.T.);
#7064 = ORIENTED_EDGE('',*,*,#7065,.T.);
#7065 = EDGE_CURVE('',#5435,#7066,#7068,.T.);
#7066 = VERTEX_POINT('',#7067);
#7067 = CARTESIAN_POINT('',(-0.32,-9.84,8.38));
#7068 = LINE('',#7069,#7070);
#7069 = CARTESIAN_POINT('',(-0.32,-9.84,-3.));
#7070 = VECTOR('',#7071,1.);
#7071 = DIRECTION('',(0.,0.,1.));
#7072 = ORIENTED_EDGE('',*,*,#7073,.T.);
#7073 = EDGE_CURVE('',#7066,#7057,#7074,.T.);
#7074 = LINE('',#7075,#7076);
#7075 = CARTESIAN_POINT('',(-0.32,-9.84,8.38));
#7076 = VECTOR('',#7077,1.);
#7077 = DIRECTION('',(1.,0.,0.));
#7078 = PLANE('',#7079);
#7079 = AXIS2_PLACEMENT_3D('',#7080,#7081,#7082);
#7080 = CARTESIAN_POINT('',(-0.32,-9.84,-3.));
#7081 = DIRECTION('',(0.,1.,0.));
#7082 = DIRECTION('',(0.,-0.,1.));
#7083 = ADVANCED_FACE('',(#7084),#7102,.F.);
#7084 = FACE_BOUND('',#7085,.F.);
#7085 = EDGE_LOOP('',(#7086,#7094,#7095,#7096));
#7086 = ORIENTED_EDGE('',*,*,#7087,.F.);
#7087 = EDGE_CURVE('',#5451,#7088,#7090,.T.);
#7088 = VERTEX_POINT('',#7089);
#7089 = CARTESIAN_POINT('',(-0.32,-10.48,8.38));
#7090 = LINE('',#7091,#7092);
#7091 = CARTESIAN_POINT('',(-0.32,-10.48,-3.));
#7092 = VECTOR('',#7093,1.);
#7093 = DIRECTION('',(0.,0.,1.));
#7094 = ORIENTED_EDGE('',*,*,#5458,.T.);
#7095 = ORIENTED_EDGE('',*,*,#7065,.T.);
#7096 = ORIENTED_EDGE('',*,*,#7097,.F.);
#7097 = EDGE_CURVE('',#7088,#7066,#7098,.T.);
#7098 = LINE('',#7099,#7100);
#7099 = CARTESIAN_POINT('',(-0.32,-10.48,8.38));
#7100 = VECTOR('',#7101,1.);
#7101 = DIRECTION('',(0.,1.,0.));
#7102 = PLANE('',#7103);
#7103 = AXIS2_PLACEMENT_3D('',#7104,#7105,#7106);
#7104 = CARTESIAN_POINT('',(-0.32,-10.48,-3.));
#7105 = DIRECTION('',(1.,0.,0.));
#7106 = DIRECTION('',(0.,0.,1.));
#7107 = ADVANCED_FACE('',(#7108),#7126,.F.);
#7108 = FACE_BOUND('',#7109,.F.);
#7109 = EDGE_LOOP('',(#7110,#7118,#7119,#7120));
#7110 = ORIENTED_EDGE('',*,*,#7111,.F.);
#7111 = EDGE_CURVE('',#5443,#7112,#7114,.T.);
#7112 = VERTEX_POINT('',#7113);
#7113 = CARTESIAN_POINT('',(0.32,-10.48,8.38));
#7114 = LINE('',#7115,#7116);
#7115 = CARTESIAN_POINT('',(0.32,-10.48,-3.));
#7116 = VECTOR('',#7117,1.);
#7117 = DIRECTION('',(0.,0.,1.));
#7118 = ORIENTED_EDGE('',*,*,#5450,.T.);
#7119 = ORIENTED_EDGE('',*,*,#7087,.T.);
#7120 = ORIENTED_EDGE('',*,*,#7121,.T.);
#7121 = EDGE_CURVE('',#7088,#7112,#7122,.T.);
#7122 = LINE('',#7123,#7124);
#7123 = CARTESIAN_POINT('',(-0.32,-10.48,8.38));
#7124 = VECTOR('',#7125,1.);
#7125 = DIRECTION('',(1.,0.,0.));
#7126 = PLANE('',#7127);
#7127 = AXIS2_PLACEMENT_3D('',#7128,#7129,#7130);
#7128 = CARTESIAN_POINT('',(-0.32,-10.48,-3.));
#7129 = DIRECTION('',(0.,1.,0.));
#7130 = DIRECTION('',(0.,-0.,1.));
#7131 = ADVANCED_FACE('',(#7132),#7143,.T.);
#7132 = FACE_BOUND('',#7133,.T.);
#7133 = EDGE_LOOP('',(#7134,#7135,#7136,#7137));
#7134 = ORIENTED_EDGE('',*,*,#7111,.F.);
#7135 = ORIENTED_EDGE('',*,*,#5442,.T.);
#7136 = ORIENTED_EDGE('',*,*,#7056,.T.);
#7137 = ORIENTED_EDGE('',*,*,#7138,.F.);
#7138 = EDGE_CURVE('',#7112,#7057,#7139,.T.);
#7139 = LINE('',#7140,#7141);
#7140 = CARTESIAN_POINT('',(0.32,-10.48,8.38));
#7141 = VECTOR('',#7142,1.);
#7142 = DIRECTION('',(0.,1.,0.));
#7143 = PLANE('',#7144);
#7144 = AXIS2_PLACEMENT_3D('',#7145,#7146,#7147);
#7145 = CARTESIAN_POINT('',(0.32,-10.48,-3.));
#7146 = DIRECTION('',(1.,0.,0.));
#7147 = DIRECTION('',(0.,0.,1.));
#7148 = ADVANCED_FACE('',(#7149),#7174,.F.);
#7149 = FACE_BOUND('',#7150,.F.);
#7150 = EDGE_LOOP('',(#7151,#7159,#7160,#7168));
#7151 = ORIENTED_EDGE('',*,*,#7152,.F.);
#7152 = EDGE_CURVE('',#5467,#7153,#7155,.T.);
#7153 = VERTEX_POINT('',#7154);
#7154 = CARTESIAN_POINT('',(0.32,-7.94,8.38));
#7155 = LINE('',#7156,#7157);
#7156 = CARTESIAN_POINT('',(0.32,-7.94,-3.));
#7157 = VECTOR('',#7158,1.);
#7158 = DIRECTION('',(0.,0.,1.));
#7159 = ORIENTED_EDGE('',*,*,#5466,.T.);
#7160 = ORIENTED_EDGE('',*,*,#7161,.T.);
#7161 = EDGE_CURVE('',#5469,#7162,#7164,.T.);
#7162 = VERTEX_POINT('',#7163);
#7163 = CARTESIAN_POINT('',(-0.32,-7.94,8.38));
#7164 = LINE('',#7165,#7166);
#7165 = CARTESIAN_POINT('',(-0.32,-7.94,-3.));
#7166 = VECTOR('',#7167,1.);
#7167 = DIRECTION('',(0.,0.,1.));
#7168 = ORIENTED_EDGE('',*,*,#7169,.T.);
#7169 = EDGE_CURVE('',#7162,#7153,#7170,.T.);
#7170 = LINE('',#7171,#7172);
#7171 = CARTESIAN_POINT('',(-0.32,-7.94,8.38));
#7172 = VECTOR('',#7173,1.);
#7173 = DIRECTION('',(1.,0.,0.));
#7174 = PLANE('',#7175);
#7175 = AXIS2_PLACEMENT_3D('',#7176,#7177,#7178);
#7176 = CARTESIAN_POINT('',(-0.32,-7.94,-3.));
#7177 = DIRECTION('',(0.,1.,0.));
#7178 = DIRECTION('',(0.,-0.,1.));
#7179 = ADVANCED_FACE('',(#7180),#7198,.T.);
#7180 = FACE_BOUND('',#7181,.T.);
#7181 = EDGE_LOOP('',(#7182,#7183,#7184,#7192));
#7182 = ORIENTED_EDGE('',*,*,#7152,.F.);
#7183 = ORIENTED_EDGE('',*,*,#5492,.T.);
#7184 = ORIENTED_EDGE('',*,*,#7185,.T.);
#7185 = EDGE_CURVE('',#5485,#7186,#7188,.T.);
#7186 = VERTEX_POINT('',#7187);
#7187 = CARTESIAN_POINT('',(0.32,-7.3,8.38));
#7188 = LINE('',#7189,#7190);
#7189 = CARTESIAN_POINT('',(0.32,-7.3,-3.));
#7190 = VECTOR('',#7191,1.);
#7191 = DIRECTION('',(0.,0.,1.));
#7192 = ORIENTED_EDGE('',*,*,#7193,.F.);
#7193 = EDGE_CURVE('',#7153,#7186,#7194,.T.);
#7194 = LINE('',#7195,#7196);
#7195 = CARTESIAN_POINT('',(0.32,-7.94,8.38));
#7196 = VECTOR('',#7197,1.);
#7197 = DIRECTION('',(0.,1.,0.));
#7198 = PLANE('',#7199);
#7199 = AXIS2_PLACEMENT_3D('',#7200,#7201,#7202);
#7200 = CARTESIAN_POINT('',(0.32,-7.94,-3.));
#7201 = DIRECTION('',(1.,0.,0.));
#7202 = DIRECTION('',(0.,0.,1.));
#7203 = ADVANCED_FACE('',(#7204),#7222,.T.);
#7204 = FACE_BOUND('',#7205,.T.);
#7205 = EDGE_LOOP('',(#7206,#7207,#7208,#7216));
#7206 = ORIENTED_EDGE('',*,*,#7185,.F.);
#7207 = ORIENTED_EDGE('',*,*,#5484,.T.);
#7208 = ORIENTED_EDGE('',*,*,#7209,.T.);
#7209 = EDGE_CURVE('',#5477,#7210,#7212,.T.);
#7210 = VERTEX_POINT('',#7211);
#7211 = CARTESIAN_POINT('',(-0.32,-7.3,8.38));
#7212 = LINE('',#7213,#7214);
#7213 = CARTESIAN_POINT('',(-0.32,-7.3,-3.));
#7214 = VECTOR('',#7215,1.);
#7215 = DIRECTION('',(0.,0.,1.));
#7216 = ORIENTED_EDGE('',*,*,#7217,.T.);
#7217 = EDGE_CURVE('',#7210,#7186,#7218,.T.);
#7218 = LINE('',#7219,#7220);
#7219 = CARTESIAN_POINT('',(-0.32,-7.3,8.38));
#7220 = VECTOR('',#7221,1.);
#7221 = DIRECTION('',(1.,0.,0.));
#7222 = PLANE('',#7223);
#7223 = AXIS2_PLACEMENT_3D('',#7224,#7225,#7226);
#7224 = CARTESIAN_POINT('',(-0.32,-7.3,-3.));
#7225 = DIRECTION('',(0.,1.,0.));
#7226 = DIRECTION('',(0.,-0.,1.));
#7227 = ADVANCED_FACE('',(#7228),#7239,.F.);
#7228 = FACE_BOUND('',#7229,.F.);
#7229 = EDGE_LOOP('',(#7230,#7231,#7232,#7233));
#7230 = ORIENTED_EDGE('',*,*,#7161,.F.);
#7231 = ORIENTED_EDGE('',*,*,#5476,.T.);
#7232 = ORIENTED_EDGE('',*,*,#7209,.T.);
#7233 = ORIENTED_EDGE('',*,*,#7234,.F.);
#7234 = EDGE_CURVE('',#7162,#7210,#7235,.T.);
#7235 = LINE('',#7236,#7237);
#7236 = CARTESIAN_POINT('',(-0.32,-7.94,8.38));
#7237 = VECTOR('',#7238,1.);
#7238 = DIRECTION('',(0.,1.,0.));
#7239 = PLANE('',#7240);
#7240 = AXIS2_PLACEMENT_3D('',#7241,#7242,#7243);
#7241 = CARTESIAN_POINT('',(-0.32,-7.94,-3.));
#7242 = DIRECTION('',(1.,0.,0.));
#7243 = DIRECTION('',(0.,0.,1.));
#7244 = ADVANCED_FACE('',(#7245),#7270,.F.);
#7245 = FACE_BOUND('',#7246,.F.);
#7246 = EDGE_LOOP('',(#7247,#7255,#7256,#7264));
#7247 = ORIENTED_EDGE('',*,*,#7248,.F.);
#7248 = EDGE_CURVE('',#6097,#7249,#7251,.T.);
#7249 = VERTEX_POINT('',#7250);
#7250 = CARTESIAN_POINT('',(0.16,-0.16,-3.));
#7251 = LINE('',#7252,#7253);
#7252 = CARTESIAN_POINT('',(0.16,-0.16,-3.));
#7253 = VECTOR('',#7254,1.);
#7254 = DIRECTION('',(-0.57735026919,0.57735026919,-0.57735026919));
#7255 = ORIENTED_EDGE('',*,*,#6104,.T.);
#7256 = ORIENTED_EDGE('',*,*,#7257,.T.);
#7257 = EDGE_CURVE('',#6105,#7258,#7260,.T.);
#7258 = VERTEX_POINT('',#7259);
#7259 = CARTESIAN_POINT('',(0.16,0.16,-3.));
#7260 = LINE('',#7261,#7262);
#7261 = CARTESIAN_POINT('',(5.333333333333E-02,5.333333333333E-02,
    -3.106666666667));
#7262 = VECTOR('',#7263,1.);
#7263 = DIRECTION('',(-0.57735026919,-0.57735026919,-0.57735026919));
#7264 = ORIENTED_EDGE('',*,*,#7265,.F.);
#7265 = EDGE_CURVE('',#7249,#7258,#7266,.T.);
#7266 = LINE('',#7267,#7268);
#7267 = CARTESIAN_POINT('',(0.16,-0.32,-3.));
#7268 = VECTOR('',#7269,1.);
#7269 = DIRECTION('',(0.,1.,0.));
#7270 = PLANE('',#7271);
#7271 = AXIS2_PLACEMENT_3D('',#7272,#7273,#7274);
#7272 = CARTESIAN_POINT('',(0.24,-0.32,-2.92));
#7273 = DIRECTION('',(-0.707106781187,1.735167508357E-18,0.707106781187)
  );
#7274 = DIRECTION('',(1.226948711654E-18,1.,-1.226948711654E-18));
#7275 = ADVANCED_FACE('',(#7276),#7294,.F.);
#7276 = FACE_BOUND('',#7277,.T.);
#7277 = EDGE_LOOP('',(#7278,#7286,#7287,#7288));
#7278 = ORIENTED_EDGE('',*,*,#7279,.F.);
#7279 = EDGE_CURVE('',#6129,#7280,#7282,.T.);
#7280 = VERTEX_POINT('',#7281);
#7281 = CARTESIAN_POINT('',(-0.16,0.16,-3.));
#7282 = LINE('',#7283,#7284);
#7283 = CARTESIAN_POINT('',(-0.16,0.16,-3.));
#7284 = VECTOR('',#7285,1.);
#7285 = DIRECTION('',(0.57735026919,-0.57735026919,-0.57735026919));
#7286 = ORIENTED_EDGE('',*,*,#6128,.T.);
#7287 = ORIENTED_EDGE('',*,*,#7257,.T.);
#7288 = ORIENTED_EDGE('',*,*,#7289,.F.);
#7289 = EDGE_CURVE('',#7280,#7258,#7290,.T.);
#7290 = LINE('',#7291,#7292);
#7291 = CARTESIAN_POINT('',(-0.32,0.16,-3.));
#7292 = VECTOR('',#7293,1.);
#7293 = DIRECTION('',(1.,0.,0.));
#7294 = PLANE('',#7295);
#7295 = AXIS2_PLACEMENT_3D('',#7296,#7297,#7298);
#7296 = CARTESIAN_POINT('',(-0.32,0.24,-2.92));
#7297 = DIRECTION('',(-1.735167508357E-18,-0.707106781187,0.707106781187
    ));
#7298 = DIRECTION('',(-1.,1.226948711654E-18,-1.226948711654E-18));
#7299 = ADVANCED_FACE('',(#7300),#7318,.T.);
#7300 = FACE_BOUND('',#7301,.T.);
#7301 = EDGE_LOOP('',(#7302,#7310,#7311,#7312));
#7302 = ORIENTED_EDGE('',*,*,#7303,.F.);
#7303 = EDGE_CURVE('',#6152,#7304,#7306,.T.);
#7304 = VERTEX_POINT('',#7305);
#7305 = CARTESIAN_POINT('',(-0.16,-0.16,-3.));
#7306 = LINE('',#7307,#7308);
#7307 = CARTESIAN_POINT('',(-0.266666666667,-0.266666666667,
    -2.893333333333));
#7308 = VECTOR('',#7309,1.);
#7309 = DIRECTION('',(0.57735026919,0.57735026919,-0.57735026919));
#7310 = ORIENTED_EDGE('',*,*,#6159,.T.);
#7311 = ORIENTED_EDGE('',*,*,#7279,.T.);
#7312 = ORIENTED_EDGE('',*,*,#7313,.F.);
#7313 = EDGE_CURVE('',#7304,#7280,#7314,.T.);
#7314 = LINE('',#7315,#7316);
#7315 = CARTESIAN_POINT('',(-0.16,-0.32,-3.));
#7316 = VECTOR('',#7317,1.);
#7317 = DIRECTION('',(0.,1.,0.));
#7318 = PLANE('',#7319);
#7319 = AXIS2_PLACEMENT_3D('',#7320,#7321,#7322);
#7320 = CARTESIAN_POINT('',(-0.24,-0.32,-2.92));
#7321 = DIRECTION('',(-0.707106781187,-1.735167508357E-18,
    -0.707106781187));
#7322 = DIRECTION('',(-1.226948711654E-18,1.,-1.226948711654E-18));
#7323 = ADVANCED_FACE('',(#7324),#7335,.T.);
#7324 = FACE_BOUND('',#7325,.F.);
#7325 = EDGE_LOOP('',(#7326,#7327,#7328,#7329));
#7326 = ORIENTED_EDGE('',*,*,#7303,.F.);
#7327 = ORIENTED_EDGE('',*,*,#6176,.T.);
#7328 = ORIENTED_EDGE('',*,*,#7248,.T.);
#7329 = ORIENTED_EDGE('',*,*,#7330,.F.);
#7330 = EDGE_CURVE('',#7304,#7249,#7331,.T.);
#7331 = LINE('',#7332,#7333);
#7332 = CARTESIAN_POINT('',(-0.32,-0.16,-3.));
#7333 = VECTOR('',#7334,1.);
#7334 = DIRECTION('',(1.,0.,0.));
#7335 = PLANE('',#7336);
#7336 = AXIS2_PLACEMENT_3D('',#7337,#7338,#7339);
#7337 = CARTESIAN_POINT('',(-0.32,-0.24,-2.92));
#7338 = DIRECTION('',(1.735167508357E-18,-0.707106781187,-0.707106781187
    ));
#7339 = DIRECTION('',(-1.,-1.226948711654E-18,-1.226948711654E-18));
#7340 = ADVANCED_FACE('',(#7341),#7366,.F.);
#7341 = FACE_BOUND('',#7342,.F.);
#7342 = EDGE_LOOP('',(#7343,#7351,#7352,#7360));
#7343 = ORIENTED_EDGE('',*,*,#7344,.F.);
#7344 = EDGE_CURVE('',#6193,#7345,#7347,.T.);
#7345 = VERTEX_POINT('',#7346);
#7346 = CARTESIAN_POINT('',(0.16,-5.24,-3.));
#7347 = LINE('',#7348,#7349);
#7348 = CARTESIAN_POINT('',(0.16,-5.24,-3.));
#7349 = VECTOR('',#7350,1.);
#7350 = DIRECTION('',(-0.57735026919,0.57735026919,-0.57735026919));
#7351 = ORIENTED_EDGE('',*,*,#6200,.T.);
#7352 = ORIENTED_EDGE('',*,*,#7353,.T.);
#7353 = EDGE_CURVE('',#6201,#7354,#7356,.T.);
#7354 = VERTEX_POINT('',#7355);
#7355 = CARTESIAN_POINT('',(0.16,-4.92,-3.));
#7356 = LINE('',#7357,#7358);
#7357 = CARTESIAN_POINT('',(5.333333333333E-02,-5.026666666667,
    -3.106666666667));
#7358 = VECTOR('',#7359,1.);
#7359 = DIRECTION('',(-0.57735026919,-0.57735026919,-0.57735026919));
#7360 = ORIENTED_EDGE('',*,*,#7361,.F.);
#7361 = EDGE_CURVE('',#7345,#7354,#7362,.T.);
#7362 = LINE('',#7363,#7364);
#7363 = CARTESIAN_POINT('',(0.16,-5.4,-3.));
#7364 = VECTOR('',#7365,1.);
#7365 = DIRECTION('',(0.,1.,0.));
#7366 = PLANE('',#7367);
#7367 = AXIS2_PLACEMENT_3D('',#7368,#7369,#7370);
#7368 = CARTESIAN_POINT('',(0.24,-5.4,-2.92));
#7369 = DIRECTION('',(-0.707106781187,1.735167508357E-18,0.707106781187)
  );
#7370 = DIRECTION('',(1.226948711654E-18,1.,-1.226948711654E-18));
#7371 = ADVANCED_FACE('',(#7372),#7390,.F.);
#7372 = FACE_BOUND('',#7373,.T.);
#7373 = EDGE_LOOP('',(#7374,#7382,#7383,#7384));
#7374 = ORIENTED_EDGE('',*,*,#7375,.F.);
#7375 = EDGE_CURVE('',#6225,#7376,#7378,.T.);
#7376 = VERTEX_POINT('',#7377);
#7377 = CARTESIAN_POINT('',(-0.16,-4.92,-3.));
#7378 = LINE('',#7379,#7380);
#7379 = CARTESIAN_POINT('',(-0.16,-4.92,-3.));
#7380 = VECTOR('',#7381,1.);
#7381 = DIRECTION('',(0.57735026919,-0.57735026919,-0.57735026919));
#7382 = ORIENTED_EDGE('',*,*,#6224,.T.);
#7383 = ORIENTED_EDGE('',*,*,#7353,.T.);
#7384 = ORIENTED_EDGE('',*,*,#7385,.F.);
#7385 = EDGE_CURVE('',#7376,#7354,#7386,.T.);
#7386 = LINE('',#7387,#7388);
#7387 = CARTESIAN_POINT('',(-0.32,-4.92,-3.));
#7388 = VECTOR('',#7389,1.);
#7389 = DIRECTION('',(1.,0.,0.));
#7390 = PLANE('',#7391);
#7391 = AXIS2_PLACEMENT_3D('',#7392,#7393,#7394);
#7392 = CARTESIAN_POINT('',(-0.32,-4.84,-2.92));
#7393 = DIRECTION('',(-1.735167508357E-18,-0.707106781187,0.707106781187
    ));
#7394 = DIRECTION('',(-1.,1.226948711654E-18,-1.226948711654E-18));
#7395 = ADVANCED_FACE('',(#7396),#7414,.T.);
#7396 = FACE_BOUND('',#7397,.T.);
#7397 = EDGE_LOOP('',(#7398,#7406,#7407,#7408));
#7398 = ORIENTED_EDGE('',*,*,#7399,.F.);
#7399 = EDGE_CURVE('',#6248,#7400,#7402,.T.);
#7400 = VERTEX_POINT('',#7401);
#7401 = CARTESIAN_POINT('',(-0.16,-5.24,-3.));
#7402 = LINE('',#7403,#7404);
#7403 = CARTESIAN_POINT('',(-0.266666666667,-5.346666666667,
    -2.893333333333));
#7404 = VECTOR('',#7405,1.);
#7405 = DIRECTION('',(0.57735026919,0.57735026919,-0.57735026919));
#7406 = ORIENTED_EDGE('',*,*,#6255,.T.);
#7407 = ORIENTED_EDGE('',*,*,#7375,.T.);
#7408 = ORIENTED_EDGE('',*,*,#7409,.F.);
#7409 = EDGE_CURVE('',#7400,#7376,#7410,.T.);
#7410 = LINE('',#7411,#7412);
#7411 = CARTESIAN_POINT('',(-0.16,-5.4,-3.));
#7412 = VECTOR('',#7413,1.);
#7413 = DIRECTION('',(0.,1.,0.));
#7414 = PLANE('',#7415);
#7415 = AXIS2_PLACEMENT_3D('',#7416,#7417,#7418);
#7416 = CARTESIAN_POINT('',(-0.24,-5.4,-2.92));
#7417 = DIRECTION('',(-0.707106781187,-1.735167508357E-18,
    -0.707106781187));
#7418 = DIRECTION('',(-1.226948711654E-18,1.,-1.226948711654E-18));
#7419 = ADVANCED_FACE('',(#7420),#7431,.T.);
#7420 = FACE_BOUND('',#7421,.F.);
#7421 = EDGE_LOOP('',(#7422,#7423,#7424,#7425));
#7422 = ORIENTED_EDGE('',*,*,#7399,.F.);
#7423 = ORIENTED_EDGE('',*,*,#6272,.T.);
#7424 = ORIENTED_EDGE('',*,*,#7344,.T.);
#7425 = ORIENTED_EDGE('',*,*,#7426,.F.);
#7426 = EDGE_CURVE('',#7400,#7345,#7427,.T.);
#7427 = LINE('',#7428,#7429);
#7428 = CARTESIAN_POINT('',(-0.32,-5.24,-3.));
#7429 = VECTOR('',#7430,1.);
#7430 = DIRECTION('',(1.,0.,0.));
#7431 = PLANE('',#7432);
#7432 = AXIS2_PLACEMENT_3D('',#7433,#7434,#7435);
#7433 = CARTESIAN_POINT('',(-0.32,-5.32,-2.92));
#7434 = DIRECTION('',(1.735167508357E-18,-0.707106781187,-0.707106781187
    ));
#7435 = DIRECTION('',(-1.,-1.226948711654E-18,-1.226948711654E-18));
#7436 = ADVANCED_FACE('',(#7437),#7462,.F.);
#7437 = FACE_BOUND('',#7438,.F.);
#7438 = EDGE_LOOP('',(#7439,#7447,#7448,#7456));
#7439 = ORIENTED_EDGE('',*,*,#7440,.F.);
#7440 = EDGE_CURVE('',#6289,#7441,#7443,.T.);
#7441 = VERTEX_POINT('',#7442);
#7442 = CARTESIAN_POINT('',(0.16,-2.7,-3.));
#7443 = LINE('',#7444,#7445);
#7444 = CARTESIAN_POINT('',(0.16,-2.7,-3.));
#7445 = VECTOR('',#7446,1.);
#7446 = DIRECTION('',(-0.57735026919,0.57735026919,-0.57735026919));
#7447 = ORIENTED_EDGE('',*,*,#6296,.T.);
#7448 = ORIENTED_EDGE('',*,*,#7449,.T.);
#7449 = EDGE_CURVE('',#6297,#7450,#7452,.T.);
#7450 = VERTEX_POINT('',#7451);
#7451 = CARTESIAN_POINT('',(0.16,-2.38,-3.));
#7452 = LINE('',#7453,#7454);
#7453 = CARTESIAN_POINT('',(5.333333333333E-02,-2.486666666667,
    -3.106666666667));
#7454 = VECTOR('',#7455,1.);
#7455 = DIRECTION('',(-0.57735026919,-0.57735026919,-0.57735026919));
#7456 = ORIENTED_EDGE('',*,*,#7457,.F.);
#7457 = EDGE_CURVE('',#7441,#7450,#7458,.T.);
#7458 = LINE('',#7459,#7460);
#7459 = CARTESIAN_POINT('',(0.16,-2.86,-3.));
#7460 = VECTOR('',#7461,1.);
#7461 = DIRECTION('',(0.,1.,0.));
#7462 = PLANE('',#7463);
#7463 = AXIS2_PLACEMENT_3D('',#7464,#7465,#7466);
#7464 = CARTESIAN_POINT('',(0.24,-2.86,-2.92));
#7465 = DIRECTION('',(-0.707106781187,1.735167508357E-18,0.707106781187)
  );
#7466 = DIRECTION('',(1.226948711654E-18,1.,-1.226948711654E-18));
#7467 = ADVANCED_FACE('',(#7468),#7486,.F.);
#7468 = FACE_BOUND('',#7469,.T.);
#7469 = EDGE_LOOP('',(#7470,#7478,#7479,#7480));
#7470 = ORIENTED_EDGE('',*,*,#7471,.F.);
#7471 = EDGE_CURVE('',#6321,#7472,#7474,.T.);
#7472 = VERTEX_POINT('',#7473);
#7473 = CARTESIAN_POINT('',(-0.16,-2.38,-3.));
#7474 = LINE('',#7475,#7476);
#7475 = CARTESIAN_POINT('',(-0.16,-2.38,-3.));
#7476 = VECTOR('',#7477,1.);
#7477 = DIRECTION('',(0.57735026919,-0.57735026919,-0.57735026919));
#7478 = ORIENTED_EDGE('',*,*,#6320,.T.);
#7479 = ORIENTED_EDGE('',*,*,#7449,.T.);
#7480 = ORIENTED_EDGE('',*,*,#7481,.F.);
#7481 = EDGE_CURVE('',#7472,#7450,#7482,.T.);
#7482 = LINE('',#7483,#7484);
#7483 = CARTESIAN_POINT('',(-0.32,-2.38,-3.));
#7484 = VECTOR('',#7485,1.);
#7485 = DIRECTION('',(1.,0.,0.));
#7486 = PLANE('',#7487);
#7487 = AXIS2_PLACEMENT_3D('',#7488,#7489,#7490);
#7488 = CARTESIAN_POINT('',(-0.32,-2.3,-2.92));
#7489 = DIRECTION('',(-1.735167508357E-18,-0.707106781187,0.707106781187
    ));
#7490 = DIRECTION('',(-1.,1.226948711654E-18,-1.226948711654E-18));
#7491 = ADVANCED_FACE('',(#7492),#7510,.T.);
#7492 = FACE_BOUND('',#7493,.T.);
#7493 = EDGE_LOOP('',(#7494,#7502,#7503,#7504));
#7494 = ORIENTED_EDGE('',*,*,#7495,.F.);
#7495 = EDGE_CURVE('',#6344,#7496,#7498,.T.);
#7496 = VERTEX_POINT('',#7497);
#7497 = CARTESIAN_POINT('',(-0.16,-2.7,-3.));
#7498 = LINE('',#7499,#7500);
#7499 = CARTESIAN_POINT('',(-0.266666666667,-2.806666666667,
    -2.893333333333));
#7500 = VECTOR('',#7501,1.);
#7501 = DIRECTION('',(0.57735026919,0.57735026919,-0.57735026919));
#7502 = ORIENTED_EDGE('',*,*,#6351,.T.);
#7503 = ORIENTED_EDGE('',*,*,#7471,.T.);
#7504 = ORIENTED_EDGE('',*,*,#7505,.F.);
#7505 = EDGE_CURVE('',#7496,#7472,#7506,.T.);
#7506 = LINE('',#7507,#7508);
#7507 = CARTESIAN_POINT('',(-0.16,-2.86,-3.));
#7508 = VECTOR('',#7509,1.);
#7509 = DIRECTION('',(0.,1.,0.));
#7510 = PLANE('',#7511);
#7511 = AXIS2_PLACEMENT_3D('',#7512,#7513,#7514);
#7512 = CARTESIAN_POINT('',(-0.24,-2.86,-2.92));
#7513 = DIRECTION('',(-0.707106781187,-1.735167508357E-18,
    -0.707106781187));
#7514 = DIRECTION('',(-1.226948711654E-18,1.,-1.226948711654E-18));
#7515 = ADVANCED_FACE('',(#7516),#7527,.T.);
#7516 = FACE_BOUND('',#7517,.F.);
#7517 = EDGE_LOOP('',(#7518,#7519,#7520,#7521));
#7518 = ORIENTED_EDGE('',*,*,#7495,.F.);
#7519 = ORIENTED_EDGE('',*,*,#6368,.T.);
#7520 = ORIENTED_EDGE('',*,*,#7440,.T.);
#7521 = ORIENTED_EDGE('',*,*,#7522,.F.);
#7522 = EDGE_CURVE('',#7496,#7441,#7523,.T.);
#7523 = LINE('',#7524,#7525);
#7524 = CARTESIAN_POINT('',(-0.32,-2.7,-3.));
#7525 = VECTOR('',#7526,1.);
#7526 = DIRECTION('',(1.,0.,0.));
#7527 = PLANE('',#7528);
#7528 = AXIS2_PLACEMENT_3D('',#7529,#7530,#7531);
#7529 = CARTESIAN_POINT('',(-0.32,-2.78,-2.92));
#7530 = DIRECTION('',(1.735167508357E-18,-0.707106781187,-0.707106781187
    ));
#7531 = DIRECTION('',(-1.,-1.226948711654E-18,-1.226948711654E-18));
#7532 = ADVANCED_FACE('',(#7533),#7558,.T.);
#7533 = FACE_BOUND('',#7534,.F.);
#7534 = EDGE_LOOP('',(#7535,#7543,#7544,#7552));
#7535 = ORIENTED_EDGE('',*,*,#7536,.F.);
#7536 = EDGE_CURVE('',#6393,#7537,#7539,.T.);
#7537 = VERTEX_POINT('',#7538);
#7538 = CARTESIAN_POINT('',(-0.16,-12.86,-3.));
#7539 = LINE('',#7540,#7541);
#7540 = CARTESIAN_POINT('',(-0.266666666667,-12.96666666666,
    -2.893333333333));
#7541 = VECTOR('',#7542,1.);
#7542 = DIRECTION('',(0.57735026919,0.57735026919,-0.57735026919));
#7543 = ORIENTED_EDGE('',*,*,#6392,.T.);
#7544 = ORIENTED_EDGE('',*,*,#7545,.T.);
#7545 = EDGE_CURVE('',#6385,#7546,#7548,.T.);
#7546 = VERTEX_POINT('',#7547);
#7547 = CARTESIAN_POINT('',(0.16,-12.86,-3.));
#7548 = LINE('',#7549,#7550);
#7549 = CARTESIAN_POINT('',(0.16,-12.86,-3.));
#7550 = VECTOR('',#7551,1.);
#7551 = DIRECTION('',(-0.57735026919,0.57735026919,-0.57735026919));
#7552 = ORIENTED_EDGE('',*,*,#7553,.F.);
#7553 = EDGE_CURVE('',#7537,#7546,#7554,.T.);
#7554 = LINE('',#7555,#7556);
#7555 = CARTESIAN_POINT('',(-0.32,-12.86,-3.));
#7556 = VECTOR('',#7557,1.);
#7557 = DIRECTION('',(1.,0.,0.));
#7558 = PLANE('',#7559);
#7559 = AXIS2_PLACEMENT_3D('',#7560,#7561,#7562);
#7560 = CARTESIAN_POINT('',(-0.32,-12.94,-2.92));
#7561 = DIRECTION('',(1.735167508357E-18,-0.707106781187,-0.707106781187
    ));
#7562 = DIRECTION('',(-1.,-1.226948711654E-18,-1.226948711654E-18));
#7563 = ADVANCED_FACE('',(#7564),#7582,.F.);
#7564 = FACE_BOUND('',#7565,.F.);
#7565 = EDGE_LOOP('',(#7566,#7567,#7568,#7576));
#7566 = ORIENTED_EDGE('',*,*,#7545,.F.);
#7567 = ORIENTED_EDGE('',*,*,#6416,.T.);
#7568 = ORIENTED_EDGE('',*,*,#7569,.T.);
#7569 = EDGE_CURVE('',#6417,#7570,#7572,.T.);
#7570 = VERTEX_POINT('',#7571);
#7571 = CARTESIAN_POINT('',(0.16,-12.54,-3.));
#7572 = LINE('',#7573,#7574);
#7573 = CARTESIAN_POINT('',(5.333333333333E-02,-12.64666666666,
    -3.106666666667));
#7574 = VECTOR('',#7575,1.);
#7575 = DIRECTION('',(-0.57735026919,-0.57735026919,-0.57735026919));
#7576 = ORIENTED_EDGE('',*,*,#7577,.F.);
#7577 = EDGE_CURVE('',#7546,#7570,#7578,.T.);
#7578 = LINE('',#7579,#7580);
#7579 = CARTESIAN_POINT('',(0.16,-13.02,-3.));
#7580 = VECTOR('',#7581,1.);
#7581 = DIRECTION('',(0.,1.,0.));
#7582 = PLANE('',#7583);
#7583 = AXIS2_PLACEMENT_3D('',#7584,#7585,#7586);
#7584 = CARTESIAN_POINT('',(0.24,-13.02,-2.92));
#7585 = DIRECTION('',(-0.707106781187,1.735167508357E-18,0.707106781187)
  );
#7586 = DIRECTION('',(1.226948711654E-18,1.,-1.226948711654E-18));
#7587 = ADVANCED_FACE('',(#7588),#7606,.F.);
#7588 = FACE_BOUND('',#7589,.T.);
#7589 = EDGE_LOOP('',(#7590,#7598,#7599,#7600));
#7590 = ORIENTED_EDGE('',*,*,#7591,.F.);
#7591 = EDGE_CURVE('',#6441,#7592,#7594,.T.);
#7592 = VERTEX_POINT('',#7593);
#7593 = CARTESIAN_POINT('',(-0.16,-12.54,-3.));
#7594 = LINE('',#7595,#7596);
#7595 = CARTESIAN_POINT('',(-0.16,-12.54,-3.));
#7596 = VECTOR('',#7597,1.);
#7597 = DIRECTION('',(0.57735026919,-0.57735026919,-0.57735026919));
#7598 = ORIENTED_EDGE('',*,*,#6440,.T.);
#7599 = ORIENTED_EDGE('',*,*,#7569,.T.);
#7600 = ORIENTED_EDGE('',*,*,#7601,.F.);
#7601 = EDGE_CURVE('',#7592,#7570,#7602,.T.);
#7602 = LINE('',#7603,#7604);
#7603 = CARTESIAN_POINT('',(-0.32,-12.54,-3.));
#7604 = VECTOR('',#7605,1.);
#7605 = DIRECTION('',(1.,0.,0.));
#7606 = PLANE('',#7607);
#7607 = AXIS2_PLACEMENT_3D('',#7608,#7609,#7610);
#7608 = CARTESIAN_POINT('',(-0.32,-12.46,-2.92));
#7609 = DIRECTION('',(-1.735167508357E-18,-0.707106781187,0.707106781187
    ));
#7610 = DIRECTION('',(-1.,1.226948711654E-18,-1.226948711654E-18));
#7611 = ADVANCED_FACE('',(#7612),#7623,.T.);
#7612 = FACE_BOUND('',#7613,.T.);
#7613 = EDGE_LOOP('',(#7614,#7615,#7616,#7617));
#7614 = ORIENTED_EDGE('',*,*,#7536,.F.);
#7615 = ORIENTED_EDGE('',*,*,#6464,.T.);
#7616 = ORIENTED_EDGE('',*,*,#7591,.T.);
#7617 = ORIENTED_EDGE('',*,*,#7618,.F.);
#7618 = EDGE_CURVE('',#7537,#7592,#7619,.T.);
#7619 = LINE('',#7620,#7621);
#7620 = CARTESIAN_POINT('',(-0.16,-13.02,-3.));
#7621 = VECTOR('',#7622,1.);
#7622 = DIRECTION('',(0.,1.,0.));
#7623 = PLANE('',#7624);
#7624 = AXIS2_PLACEMENT_3D('',#7625,#7626,#7627);
#7625 = CARTESIAN_POINT('',(-0.24,-13.02,-2.92));
#7626 = DIRECTION('',(-0.707106781187,-1.735167508357E-18,
    -0.707106781187));
#7627 = DIRECTION('',(-1.226948711654E-18,1.,-1.226948711654E-18));
#7628 = ADVANCED_FACE('',(#7629),#7654,.F.);
#7629 = FACE_BOUND('',#7630,.T.);
#7630 = EDGE_LOOP('',(#7631,#7639,#7640,#7648));
#7631 = ORIENTED_EDGE('',*,*,#7632,.F.);
#7632 = EDGE_CURVE('',#6489,#7633,#7635,.T.);
#7633 = VERTEX_POINT('',#7634);
#7634 = CARTESIAN_POINT('',(-0.16,-10.,-3.));
#7635 = LINE('',#7636,#7637);
#7636 = CARTESIAN_POINT('',(-0.16,-10.,-3.));
#7637 = VECTOR('',#7638,1.);
#7638 = DIRECTION('',(0.57735026919,-0.57735026919,-0.57735026919));
#7639 = ORIENTED_EDGE('',*,*,#6488,.T.);
#7640 = ORIENTED_EDGE('',*,*,#7641,.T.);
#7641 = EDGE_CURVE('',#6481,#7642,#7644,.T.);
#7642 = VERTEX_POINT('',#7643);
#7643 = CARTESIAN_POINT('',(0.16,-10.,-3.));
#7644 = LINE('',#7645,#7646);
#7645 = CARTESIAN_POINT('',(5.333333333333E-02,-10.10666666666,
    -3.106666666667));
#7646 = VECTOR('',#7647,1.);
#7647 = DIRECTION('',(-0.57735026919,-0.57735026919,-0.57735026919));
#7648 = ORIENTED_EDGE('',*,*,#7649,.F.);
#7649 = EDGE_CURVE('',#7633,#7642,#7650,.T.);
#7650 = LINE('',#7651,#7652);
#7651 = CARTESIAN_POINT('',(-0.32,-10.,-3.));
#7652 = VECTOR('',#7653,1.);
#7653 = DIRECTION('',(1.,0.,0.));
#7654 = PLANE('',#7655);
#7655 = AXIS2_PLACEMENT_3D('',#7656,#7657,#7658);
#7656 = CARTESIAN_POINT('',(-0.32,-9.92,-2.92));
#7657 = DIRECTION('',(-1.735167508357E-18,-0.707106781187,0.707106781187
    ));
#7658 = DIRECTION('',(-1.,1.226948711654E-18,-1.226948711654E-18));
#7659 = ADVANCED_FACE('',(#7660),#7678,.T.);
#7660 = FACE_BOUND('',#7661,.T.);
#7661 = EDGE_LOOP('',(#7662,#7670,#7671,#7672));
#7662 = ORIENTED_EDGE('',*,*,#7663,.F.);
#7663 = EDGE_CURVE('',#6512,#7664,#7666,.T.);
#7664 = VERTEX_POINT('',#7665);
#7665 = CARTESIAN_POINT('',(-0.16,-10.32,-3.));
#7666 = LINE('',#7667,#7668);
#7667 = CARTESIAN_POINT('',(-0.266666666667,-10.42666666666,
    -2.893333333333));
#7668 = VECTOR('',#7669,1.);
#7669 = DIRECTION('',(0.57735026919,0.57735026919,-0.57735026919));
#7670 = ORIENTED_EDGE('',*,*,#6519,.T.);
#7671 = ORIENTED_EDGE('',*,*,#7632,.T.);
#7672 = ORIENTED_EDGE('',*,*,#7673,.F.);
#7673 = EDGE_CURVE('',#7664,#7633,#7674,.T.);
#7674 = LINE('',#7675,#7676);
#7675 = CARTESIAN_POINT('',(-0.16,-10.48,-3.));
#7676 = VECTOR('',#7677,1.);
#7677 = DIRECTION('',(0.,1.,0.));
#7678 = PLANE('',#7679);
#7679 = AXIS2_PLACEMENT_3D('',#7680,#7681,#7682);
#7680 = CARTESIAN_POINT('',(-0.24,-10.48,-2.92));
#7681 = DIRECTION('',(-0.707106781187,-1.735167508357E-18,
    -0.707106781187));
#7682 = DIRECTION('',(-1.226948711654E-18,1.,-1.226948711654E-18));
#7683 = ADVANCED_FACE('',(#7684),#7702,.T.);
#7684 = FACE_BOUND('',#7685,.F.);
#7685 = EDGE_LOOP('',(#7686,#7687,#7688,#7696));
#7686 = ORIENTED_EDGE('',*,*,#7663,.F.);
#7687 = ORIENTED_EDGE('',*,*,#6543,.T.);
#7688 = ORIENTED_EDGE('',*,*,#7689,.T.);
#7689 = EDGE_CURVE('',#6536,#7690,#7692,.T.);
#7690 = VERTEX_POINT('',#7691);
#7691 = CARTESIAN_POINT('',(0.16,-10.32,-3.));
#7692 = LINE('',#7693,#7694);
#7693 = CARTESIAN_POINT('',(0.16,-10.32,-3.));
#7694 = VECTOR('',#7695,1.);
#7695 = DIRECTION('',(-0.57735026919,0.57735026919,-0.57735026919));
#7696 = ORIENTED_EDGE('',*,*,#7697,.F.);
#7697 = EDGE_CURVE('',#7664,#7690,#7698,.T.);
#7698 = LINE('',#7699,#7700);
#7699 = CARTESIAN_POINT('',(-0.32,-10.32,-3.));
#7700 = VECTOR('',#7701,1.);
#7701 = DIRECTION('',(1.,0.,0.));
#7702 = PLANE('',#7703);
#7703 = AXIS2_PLACEMENT_3D('',#7704,#7705,#7706);
#7704 = CARTESIAN_POINT('',(-0.32,-10.4,-2.92));
#7705 = DIRECTION('',(1.735167508357E-18,-0.707106781187,-0.707106781187
    ));
#7706 = DIRECTION('',(-1.,-1.226948711654E-18,-1.226948711654E-18));
#7707 = ADVANCED_FACE('',(#7708),#7719,.F.);
#7708 = FACE_BOUND('',#7709,.F.);
#7709 = EDGE_LOOP('',(#7710,#7711,#7712,#7713));
#7710 = ORIENTED_EDGE('',*,*,#7689,.F.);
#7711 = ORIENTED_EDGE('',*,*,#6560,.T.);
#7712 = ORIENTED_EDGE('',*,*,#7641,.T.);
#7713 = ORIENTED_EDGE('',*,*,#7714,.F.);
#7714 = EDGE_CURVE('',#7690,#7642,#7715,.T.);
#7715 = LINE('',#7716,#7717);
#7716 = CARTESIAN_POINT('',(0.16,-10.48,-3.));
#7717 = VECTOR('',#7718,1.);
#7718 = DIRECTION('',(0.,1.,0.));
#7719 = PLANE('',#7720);
#7720 = AXIS2_PLACEMENT_3D('',#7721,#7722,#7723);
#7721 = CARTESIAN_POINT('',(0.24,-10.48,-2.92));
#7722 = DIRECTION('',(-0.707106781187,1.735167508357E-18,0.707106781187)
  );
#7723 = DIRECTION('',(1.226948711654E-18,1.,-1.226948711654E-18));
#7724 = ADVANCED_FACE('',(#7725),#7750,.T.);
#7725 = FACE_BOUND('',#7726,.F.);
#7726 = EDGE_LOOP('',(#7727,#7735,#7736,#7744));
#7727 = ORIENTED_EDGE('',*,*,#7728,.F.);
#7728 = EDGE_CURVE('',#6585,#7729,#7731,.T.);
#7729 = VERTEX_POINT('',#7730);
#7730 = CARTESIAN_POINT('',(-0.16,-7.78,-3.));
#7731 = LINE('',#7732,#7733);
#7732 = CARTESIAN_POINT('',(-0.266666666667,-7.886666666667,
    -2.893333333333));
#7733 = VECTOR('',#7734,1.);
#7734 = DIRECTION('',(0.57735026919,0.57735026919,-0.57735026919));
#7735 = ORIENTED_EDGE('',*,*,#6584,.T.);
#7736 = ORIENTED_EDGE('',*,*,#7737,.T.);
#7737 = EDGE_CURVE('',#6577,#7738,#7740,.T.);
#7738 = VERTEX_POINT('',#7739);
#7739 = CARTESIAN_POINT('',(0.16,-7.78,-3.));
#7740 = LINE('',#7741,#7742);
#7741 = CARTESIAN_POINT('',(0.16,-7.78,-3.));
#7742 = VECTOR('',#7743,1.);
#7743 = DIRECTION('',(-0.57735026919,0.57735026919,-0.57735026919));
#7744 = ORIENTED_EDGE('',*,*,#7745,.F.);
#7745 = EDGE_CURVE('',#7729,#7738,#7746,.T.);
#7746 = LINE('',#7747,#7748);
#7747 = CARTESIAN_POINT('',(-0.32,-7.78,-3.));
#7748 = VECTOR('',#7749,1.);
#7749 = DIRECTION('',(1.,0.,0.));
#7750 = PLANE('',#7751);
#7751 = AXIS2_PLACEMENT_3D('',#7752,#7753,#7754);
#7752 = CARTESIAN_POINT('',(-0.32,-7.86,-2.92));
#7753 = DIRECTION('',(1.735167508357E-18,-0.707106781187,-0.707106781187
    ));
#7754 = DIRECTION('',(-1.,-1.226948711654E-18,-1.226948711654E-18));
#7755 = ADVANCED_FACE('',(#7756),#7774,.F.);
#7756 = FACE_BOUND('',#7757,.F.);
#7757 = EDGE_LOOP('',(#7758,#7759,#7760,#7768));
#7758 = ORIENTED_EDGE('',*,*,#7737,.F.);
#7759 = ORIENTED_EDGE('',*,*,#6608,.T.);
#7760 = ORIENTED_EDGE('',*,*,#7761,.T.);
#7761 = EDGE_CURVE('',#6609,#7762,#7764,.T.);
#7762 = VERTEX_POINT('',#7763);
#7763 = CARTESIAN_POINT('',(0.16,-7.46,-3.));
#7764 = LINE('',#7765,#7766);
#7765 = CARTESIAN_POINT('',(5.333333333333E-02,-7.566666666667,
    -3.106666666667));
#7766 = VECTOR('',#7767,1.);
#7767 = DIRECTION('',(-0.57735026919,-0.57735026919,-0.57735026919));
#7768 = ORIENTED_EDGE('',*,*,#7769,.F.);
#7769 = EDGE_CURVE('',#7738,#7762,#7770,.T.);
#7770 = LINE('',#7771,#7772);
#7771 = CARTESIAN_POINT('',(0.16,-7.94,-3.));
#7772 = VECTOR('',#7773,1.);
#7773 = DIRECTION('',(0.,1.,0.));
#7774 = PLANE('',#7775);
#7775 = AXIS2_PLACEMENT_3D('',#7776,#7777,#7778);
#7776 = CARTESIAN_POINT('',(0.24,-7.94,-2.92));
#7777 = DIRECTION('',(-0.707106781187,1.735167508357E-18,0.707106781187)
  );
#7778 = DIRECTION('',(1.226948711654E-18,1.,-1.226948711654E-18));
#7779 = ADVANCED_FACE('',(#7780),#7798,.F.);
#7780 = FACE_BOUND('',#7781,.T.);
#7781 = EDGE_LOOP('',(#7782,#7790,#7791,#7792));
#7782 = ORIENTED_EDGE('',*,*,#7783,.F.);
#7783 = EDGE_CURVE('',#6633,#7784,#7786,.T.);
#7784 = VERTEX_POINT('',#7785);
#7785 = CARTESIAN_POINT('',(-0.16,-7.46,-3.));
#7786 = LINE('',#7787,#7788);
#7787 = CARTESIAN_POINT('',(-0.16,-7.46,-3.));
#7788 = VECTOR('',#7789,1.);
#7789 = DIRECTION('',(0.57735026919,-0.57735026919,-0.57735026919));
#7790 = ORIENTED_EDGE('',*,*,#6632,.T.);
#7791 = ORIENTED_EDGE('',*,*,#7761,.T.);
#7792 = ORIENTED_EDGE('',*,*,#7793,.F.);
#7793 = EDGE_CURVE('',#7784,#7762,#7794,.T.);
#7794 = LINE('',#7795,#7796);
#7795 = CARTESIAN_POINT('',(-0.32,-7.46,-3.));
#7796 = VECTOR('',#7797,1.);
#7797 = DIRECTION('',(1.,0.,0.));
#7798 = PLANE('',#7799);
#7799 = AXIS2_PLACEMENT_3D('',#7800,#7801,#7802);
#7800 = CARTESIAN_POINT('',(-0.32,-7.38,-2.92));
#7801 = DIRECTION('',(-1.735167508357E-18,-0.707106781187,0.707106781187
    ));
#7802 = DIRECTION('',(-1.,1.226948711654E-18,-1.226948711654E-18));
#7803 = ADVANCED_FACE('',(#7804),#7815,.T.);
#7804 = FACE_BOUND('',#7805,.T.);
#7805 = EDGE_LOOP('',(#7806,#7807,#7808,#7809));
#7806 = ORIENTED_EDGE('',*,*,#7728,.F.);
#7807 = ORIENTED_EDGE('',*,*,#6656,.T.);
#7808 = ORIENTED_EDGE('',*,*,#7783,.T.);
#7809 = ORIENTED_EDGE('',*,*,#7810,.F.);
#7810 = EDGE_CURVE('',#7729,#7784,#7811,.T.);
#7811 = LINE('',#7812,#7813);
#7812 = CARTESIAN_POINT('',(-0.16,-7.94,-3.));
#7813 = VECTOR('',#7814,1.);
#7814 = DIRECTION('',(0.,1.,0.));
#7815 = PLANE('',#7816);
#7816 = AXIS2_PLACEMENT_3D('',#7817,#7818,#7819);
#7817 = CARTESIAN_POINT('',(-0.24,-7.94,-2.92));
#7818 = DIRECTION('',(-0.707106781187,-1.735167508357E-18,
    -0.707106781187));
#7819 = DIRECTION('',(-1.226948711654E-18,1.,-1.226948711654E-18));
#7820 = ADVANCED_FACE('',(#7821),#7846,.T.);
#7821 = FACE_BOUND('',#7822,.T.);
#7822 = EDGE_LOOP('',(#7823,#7831,#7832,#7840));
#7823 = ORIENTED_EDGE('',*,*,#7824,.F.);
#7824 = EDGE_CURVE('',#6673,#7825,#7827,.T.);
#7825 = VERTEX_POINT('',#7826);
#7826 = CARTESIAN_POINT('',(0.16,-0.16,8.54));
#7827 = LINE('',#7828,#7829);
#7828 = CARTESIAN_POINT('',(0.16,-0.16,8.54));
#7829 = VECTOR('',#7830,1.);
#7830 = DIRECTION('',(-0.57735026919,0.57735026919,0.57735026919));
#7831 = ORIENTED_EDGE('',*,*,#6689,.T.);
#7832 = ORIENTED_EDGE('',*,*,#7833,.T.);
#7833 = EDGE_CURVE('',#6682,#7834,#7836,.T.);
#7834 = VERTEX_POINT('',#7835);
#7835 = CARTESIAN_POINT('',(0.16,0.16,8.54));
#7836 = LINE('',#7837,#7838);
#7837 = CARTESIAN_POINT('',(5.333333333333E-02,5.333333333333E-02,
    8.646666666667));
#7838 = VECTOR('',#7839,1.);
#7839 = DIRECTION('',(-0.57735026919,-0.57735026919,0.57735026919));
#7840 = ORIENTED_EDGE('',*,*,#7841,.F.);
#7841 = EDGE_CURVE('',#7825,#7834,#7842,.T.);
#7842 = LINE('',#7843,#7844);
#7843 = CARTESIAN_POINT('',(0.16,-0.32,8.54));
#7844 = VECTOR('',#7845,1.);
#7845 = DIRECTION('',(0.,1.,0.));
#7846 = PLANE('',#7847);
#7847 = AXIS2_PLACEMENT_3D('',#7848,#7849,#7850);
#7848 = CARTESIAN_POINT('',(0.24,-0.32,8.46));
#7849 = DIRECTION('',(0.707106781187,-1.735167508357E-18,0.707106781187)
  );
#7850 = DIRECTION('',(1.226948711654E-18,1.,1.226948711654E-18));
#7851 = ADVANCED_FACE('',(#7852),#7870,.T.);
#7852 = FACE_BOUND('',#7853,.F.);
#7853 = EDGE_LOOP('',(#7854,#7862,#7863,#7864));
#7854 = ORIENTED_EDGE('',*,*,#7855,.F.);
#7855 = EDGE_CURVE('',#6706,#7856,#7858,.T.);
#7856 = VERTEX_POINT('',#7857);
#7857 = CARTESIAN_POINT('',(-0.16,0.16,8.54));
#7858 = LINE('',#7859,#7860);
#7859 = CARTESIAN_POINT('',(-0.16,0.16,8.54));
#7860 = VECTOR('',#7861,1.);
#7861 = DIRECTION('',(0.57735026919,-0.57735026919,0.57735026919));
#7862 = ORIENTED_EDGE('',*,*,#6713,.T.);
#7863 = ORIENTED_EDGE('',*,*,#7833,.T.);
#7864 = ORIENTED_EDGE('',*,*,#7865,.F.);
#7865 = EDGE_CURVE('',#7856,#7834,#7866,.T.);
#7866 = LINE('',#7867,#7868);
#7867 = CARTESIAN_POINT('',(-0.32,0.16,8.54));
#7868 = VECTOR('',#7869,1.);
#7869 = DIRECTION('',(1.,0.,0.));
#7870 = PLANE('',#7871);
#7871 = AXIS2_PLACEMENT_3D('',#7872,#7873,#7874);
#7872 = CARTESIAN_POINT('',(-0.32,0.24,8.46));
#7873 = DIRECTION('',(1.735167508357E-18,0.707106781187,0.707106781187)
  );
#7874 = DIRECTION('',(-1.,1.226948711654E-18,1.226948711654E-18));
#7875 = ADVANCED_FACE('',(#7876),#7894,.F.);
#7876 = FACE_BOUND('',#7877,.F.);
#7877 = EDGE_LOOP('',(#7878,#7886,#7887,#7888));
#7878 = ORIENTED_EDGE('',*,*,#7879,.F.);
#7879 = EDGE_CURVE('',#6728,#7880,#7882,.T.);
#7880 = VERTEX_POINT('',#7881);
#7881 = CARTESIAN_POINT('',(-0.16,-0.16,8.54));
#7882 = LINE('',#7883,#7884);
#7883 = CARTESIAN_POINT('',(-0.266666666667,-0.266666666667,
    8.433333333333));
#7884 = VECTOR('',#7885,1.);
#7885 = DIRECTION('',(0.57735026919,0.57735026919,0.57735026919));
#7886 = ORIENTED_EDGE('',*,*,#6737,.T.);
#7887 = ORIENTED_EDGE('',*,*,#7855,.T.);
#7888 = ORIENTED_EDGE('',*,*,#7889,.F.);
#7889 = EDGE_CURVE('',#7880,#7856,#7890,.T.);
#7890 = LINE('',#7891,#7892);
#7891 = CARTESIAN_POINT('',(-0.16,-0.32,8.54));
#7892 = VECTOR('',#7893,1.);
#7893 = DIRECTION('',(0.,1.,0.));
#7894 = PLANE('',#7895);
#7895 = AXIS2_PLACEMENT_3D('',#7896,#7897,#7898);
#7896 = CARTESIAN_POINT('',(-0.24,-0.32,8.46));
#7897 = DIRECTION('',(0.707106781187,1.735167508357E-18,-0.707106781187)
  );
#7898 = DIRECTION('',(-1.226948711654E-18,1.,1.226948711654E-18));
#7899 = ADVANCED_FACE('',(#7900),#7911,.F.);
#7900 = FACE_BOUND('',#7901,.T.);
#7901 = EDGE_LOOP('',(#7902,#7903,#7904,#7905));
#7902 = ORIENTED_EDGE('',*,*,#7879,.F.);
#7903 = ORIENTED_EDGE('',*,*,#6754,.T.);
#7904 = ORIENTED_EDGE('',*,*,#7824,.T.);
#7905 = ORIENTED_EDGE('',*,*,#7906,.F.);
#7906 = EDGE_CURVE('',#7880,#7825,#7907,.T.);
#7907 = LINE('',#7908,#7909);
#7908 = CARTESIAN_POINT('',(-0.32,-0.16,8.54));
#7909 = VECTOR('',#7910,1.);
#7910 = DIRECTION('',(1.,0.,0.));
#7911 = PLANE('',#7912);
#7912 = AXIS2_PLACEMENT_3D('',#7913,#7914,#7915);
#7913 = CARTESIAN_POINT('',(-0.32,-0.24,8.46));
#7914 = DIRECTION('',(-1.735167508357E-18,0.707106781187,-0.707106781187
    ));
#7915 = DIRECTION('',(-1.,-1.226948711654E-18,1.226948711654E-18));
#7916 = ADVANCED_FACE('',(#7917),#7942,.T.);
#7917 = FACE_BOUND('',#7918,.T.);
#7918 = EDGE_LOOP('',(#7919,#7927,#7928,#7936));
#7919 = ORIENTED_EDGE('',*,*,#7920,.F.);
#7920 = EDGE_CURVE('',#6769,#7921,#7923,.T.);
#7921 = VERTEX_POINT('',#7922);
#7922 = CARTESIAN_POINT('',(0.16,-5.24,8.54));
#7923 = LINE('',#7924,#7925);
#7924 = CARTESIAN_POINT('',(0.16,-5.24,8.54));
#7925 = VECTOR('',#7926,1.);
#7926 = DIRECTION('',(-0.57735026919,0.57735026919,0.57735026919));
#7927 = ORIENTED_EDGE('',*,*,#6785,.T.);
#7928 = ORIENTED_EDGE('',*,*,#7929,.T.);
#7929 = EDGE_CURVE('',#6778,#7930,#7932,.T.);
#7930 = VERTEX_POINT('',#7931);
#7931 = CARTESIAN_POINT('',(0.16,-4.92,8.54));
#7932 = LINE('',#7933,#7934);
#7933 = CARTESIAN_POINT('',(5.333333333333E-02,-5.026666666667,
    8.646666666667));
#7934 = VECTOR('',#7935,1.);
#7935 = DIRECTION('',(-0.57735026919,-0.57735026919,0.57735026919));
#7936 = ORIENTED_EDGE('',*,*,#7937,.F.);
#7937 = EDGE_CURVE('',#7921,#7930,#7938,.T.);
#7938 = LINE('',#7939,#7940);
#7939 = CARTESIAN_POINT('',(0.16,-5.4,8.54));
#7940 = VECTOR('',#7941,1.);
#7941 = DIRECTION('',(0.,1.,0.));
#7942 = PLANE('',#7943);
#7943 = AXIS2_PLACEMENT_3D('',#7944,#7945,#7946);
#7944 = CARTESIAN_POINT('',(0.24,-5.4,8.46));
#7945 = DIRECTION('',(0.707106781187,-1.735167508357E-18,0.707106781187)
  );
#7946 = DIRECTION('',(1.226948711654E-18,1.,1.226948711654E-18));
#7947 = ADVANCED_FACE('',(#7948),#7966,.T.);
#7948 = FACE_BOUND('',#7949,.F.);
#7949 = EDGE_LOOP('',(#7950,#7958,#7959,#7960));
#7950 = ORIENTED_EDGE('',*,*,#7951,.F.);
#7951 = EDGE_CURVE('',#6802,#7952,#7954,.T.);
#7952 = VERTEX_POINT('',#7953);
#7953 = CARTESIAN_POINT('',(-0.16,-4.92,8.54));
#7954 = LINE('',#7955,#7956);
#7955 = CARTESIAN_POINT('',(-0.16,-4.92,8.54));
#7956 = VECTOR('',#7957,1.);
#7957 = DIRECTION('',(0.57735026919,-0.57735026919,0.57735026919));
#7958 = ORIENTED_EDGE('',*,*,#6809,.T.);
#7959 = ORIENTED_EDGE('',*,*,#7929,.T.);
#7960 = ORIENTED_EDGE('',*,*,#7961,.F.);
#7961 = EDGE_CURVE('',#7952,#7930,#7962,.T.);
#7962 = LINE('',#7963,#7964);
#7963 = CARTESIAN_POINT('',(-0.32,-4.92,8.54));
#7964 = VECTOR('',#7965,1.);
#7965 = DIRECTION('',(1.,0.,0.));
#7966 = PLANE('',#7967);
#7967 = AXIS2_PLACEMENT_3D('',#7968,#7969,#7970);
#7968 = CARTESIAN_POINT('',(-0.32,-4.84,8.46));
#7969 = DIRECTION('',(1.735167508357E-18,0.707106781187,0.707106781187)
  );
#7970 = DIRECTION('',(-1.,1.226948711654E-18,1.226948711654E-18));
#7971 = ADVANCED_FACE('',(#7972),#7990,.F.);
#7972 = FACE_BOUND('',#7973,.F.);
#7973 = EDGE_LOOP('',(#7974,#7982,#7983,#7984));
#7974 = ORIENTED_EDGE('',*,*,#7975,.F.);
#7975 = EDGE_CURVE('',#6824,#7976,#7978,.T.);
#7976 = VERTEX_POINT('',#7977);
#7977 = CARTESIAN_POINT('',(-0.16,-5.24,8.54));
#7978 = LINE('',#7979,#7980);
#7979 = CARTESIAN_POINT('',(-0.266666666667,-5.346666666667,
    8.433333333333));
#7980 = VECTOR('',#7981,1.);
#7981 = DIRECTION('',(0.57735026919,0.57735026919,0.57735026919));
#7982 = ORIENTED_EDGE('',*,*,#6833,.T.);
#7983 = ORIENTED_EDGE('',*,*,#7951,.T.);
#7984 = ORIENTED_EDGE('',*,*,#7985,.F.);
#7985 = EDGE_CURVE('',#7976,#7952,#7986,.T.);
#7986 = LINE('',#7987,#7988);
#7987 = CARTESIAN_POINT('',(-0.16,-5.4,8.54));
#7988 = VECTOR('',#7989,1.);
#7989 = DIRECTION('',(0.,1.,0.));
#7990 = PLANE('',#7991);
#7991 = AXIS2_PLACEMENT_3D('',#7992,#7993,#7994);
#7992 = CARTESIAN_POINT('',(-0.24,-5.4,8.46));
#7993 = DIRECTION('',(0.707106781187,1.735167508357E-18,-0.707106781187)
  );
#7994 = DIRECTION('',(-1.226948711654E-18,1.,1.226948711654E-18));
#7995 = ADVANCED_FACE('',(#7996),#8007,.F.);
#7996 = FACE_BOUND('',#7997,.T.);
#7997 = EDGE_LOOP('',(#7998,#7999,#8000,#8001));
#7998 = ORIENTED_EDGE('',*,*,#7975,.F.);
#7999 = ORIENTED_EDGE('',*,*,#6850,.T.);
#8000 = ORIENTED_EDGE('',*,*,#7920,.T.);
#8001 = ORIENTED_EDGE('',*,*,#8002,.F.);
#8002 = EDGE_CURVE('',#7976,#7921,#8003,.T.);
#8003 = LINE('',#8004,#8005);
#8004 = CARTESIAN_POINT('',(-0.32,-5.24,8.54));
#8005 = VECTOR('',#8006,1.);
#8006 = DIRECTION('',(1.,0.,0.));
#8007 = PLANE('',#8008);
#8008 = AXIS2_PLACEMENT_3D('',#8009,#8010,#8011);
#8009 = CARTESIAN_POINT('',(-0.32,-5.32,8.46));
#8010 = DIRECTION('',(-1.735167508357E-18,0.707106781187,-0.707106781187
    ));
#8011 = DIRECTION('',(-1.,-1.226948711654E-18,1.226948711654E-18));
#8012 = ADVANCED_FACE('',(#8013),#8038,.T.);
#8013 = FACE_BOUND('',#8014,.T.);
#8014 = EDGE_LOOP('',(#8015,#8023,#8024,#8032));
#8015 = ORIENTED_EDGE('',*,*,#8016,.F.);
#8016 = EDGE_CURVE('',#6865,#8017,#8019,.T.);
#8017 = VERTEX_POINT('',#8018);
#8018 = CARTESIAN_POINT('',(0.16,-2.7,8.54));
#8019 = LINE('',#8020,#8021);
#8020 = CARTESIAN_POINT('',(0.16,-2.7,8.54));
#8021 = VECTOR('',#8022,1.);
#8022 = DIRECTION('',(-0.57735026919,0.57735026919,0.57735026919));
#8023 = ORIENTED_EDGE('',*,*,#6881,.T.);
#8024 = ORIENTED_EDGE('',*,*,#8025,.T.);
#8025 = EDGE_CURVE('',#6874,#8026,#8028,.T.);
#8026 = VERTEX_POINT('',#8027);
#8027 = CARTESIAN_POINT('',(0.16,-2.38,8.54));
#8028 = LINE('',#8029,#8030);
#8029 = CARTESIAN_POINT('',(5.333333333333E-02,-2.486666666667,
    8.646666666667));
#8030 = VECTOR('',#8031,1.);
#8031 = DIRECTION('',(-0.57735026919,-0.57735026919,0.57735026919));
#8032 = ORIENTED_EDGE('',*,*,#8033,.F.);
#8033 = EDGE_CURVE('',#8017,#8026,#8034,.T.);
#8034 = LINE('',#8035,#8036);
#8035 = CARTESIAN_POINT('',(0.16,-2.86,8.54));
#8036 = VECTOR('',#8037,1.);
#8037 = DIRECTION('',(0.,1.,0.));
#8038 = PLANE('',#8039);
#8039 = AXIS2_PLACEMENT_3D('',#8040,#8041,#8042);
#8040 = CARTESIAN_POINT('',(0.24,-2.86,8.46));
#8041 = DIRECTION('',(0.707106781187,-1.735167508357E-18,0.707106781187)
  );
#8042 = DIRECTION('',(1.226948711654E-18,1.,1.226948711654E-18));
#8043 = ADVANCED_FACE('',(#8044),#8062,.T.);
#8044 = FACE_BOUND('',#8045,.F.);
#8045 = EDGE_LOOP('',(#8046,#8054,#8055,#8056));
#8046 = ORIENTED_EDGE('',*,*,#8047,.F.);
#8047 = EDGE_CURVE('',#6898,#8048,#8050,.T.);
#8048 = VERTEX_POINT('',#8049);
#8049 = CARTESIAN_POINT('',(-0.16,-2.38,8.54));
#8050 = LINE('',#8051,#8052);
#8051 = CARTESIAN_POINT('',(-0.16,-2.38,8.54));
#8052 = VECTOR('',#8053,1.);
#8053 = DIRECTION('',(0.57735026919,-0.57735026919,0.57735026919));
#8054 = ORIENTED_EDGE('',*,*,#6905,.T.);
#8055 = ORIENTED_EDGE('',*,*,#8025,.T.);
#8056 = ORIENTED_EDGE('',*,*,#8057,.F.);
#8057 = EDGE_CURVE('',#8048,#8026,#8058,.T.);
#8058 = LINE('',#8059,#8060);
#8059 = CARTESIAN_POINT('',(-0.32,-2.38,8.54));
#8060 = VECTOR('',#8061,1.);
#8061 = DIRECTION('',(1.,0.,0.));
#8062 = PLANE('',#8063);
#8063 = AXIS2_PLACEMENT_3D('',#8064,#8065,#8066);
#8064 = CARTESIAN_POINT('',(-0.32,-2.3,8.46));
#8065 = DIRECTION('',(1.735167508357E-18,0.707106781187,0.707106781187)
  );
#8066 = DIRECTION('',(-1.,1.226948711654E-18,1.226948711654E-18));
#8067 = ADVANCED_FACE('',(#8068),#8086,.F.);
#8068 = FACE_BOUND('',#8069,.F.);
#8069 = EDGE_LOOP('',(#8070,#8078,#8079,#8080));
#8070 = ORIENTED_EDGE('',*,*,#8071,.F.);
#8071 = EDGE_CURVE('',#6920,#8072,#8074,.T.);
#8072 = VERTEX_POINT('',#8073);
#8073 = CARTESIAN_POINT('',(-0.16,-2.7,8.54));
#8074 = LINE('',#8075,#8076);
#8075 = CARTESIAN_POINT('',(-0.266666666667,-2.806666666667,
    8.433333333333));
#8076 = VECTOR('',#8077,1.);
#8077 = DIRECTION('',(0.57735026919,0.57735026919,0.57735026919));
#8078 = ORIENTED_EDGE('',*,*,#6929,.T.);
#8079 = ORIENTED_EDGE('',*,*,#8047,.T.);
#8080 = ORIENTED_EDGE('',*,*,#8081,.F.);
#8081 = EDGE_CURVE('',#8072,#8048,#8082,.T.);
#8082 = LINE('',#8083,#8084);
#8083 = CARTESIAN_POINT('',(-0.16,-2.86,8.54));
#8084 = VECTOR('',#8085,1.);
#8085 = DIRECTION('',(0.,1.,0.));
#8086 = PLANE('',#8087);
#8087 = AXIS2_PLACEMENT_3D('',#8088,#8089,#8090);
#8088 = CARTESIAN_POINT('',(-0.24,-2.86,8.46));
#8089 = DIRECTION('',(0.707106781187,1.735167508357E-18,-0.707106781187)
  );
#8090 = DIRECTION('',(-1.226948711654E-18,1.,1.226948711654E-18));
#8091 = ADVANCED_FACE('',(#8092),#8103,.F.);
#8092 = FACE_BOUND('',#8093,.T.);
#8093 = EDGE_LOOP('',(#8094,#8095,#8096,#8097));
#8094 = ORIENTED_EDGE('',*,*,#8071,.F.);
#8095 = ORIENTED_EDGE('',*,*,#6946,.T.);
#8096 = ORIENTED_EDGE('',*,*,#8016,.T.);
#8097 = ORIENTED_EDGE('',*,*,#8098,.F.);
#8098 = EDGE_CURVE('',#8072,#8017,#8099,.T.);
#8099 = LINE('',#8100,#8101);
#8100 = CARTESIAN_POINT('',(-0.32,-2.7,8.54));
#8101 = VECTOR('',#8102,1.);
#8102 = DIRECTION('',(1.,0.,0.));
#8103 = PLANE('',#8104);
#8104 = AXIS2_PLACEMENT_3D('',#8105,#8106,#8107);
#8105 = CARTESIAN_POINT('',(-0.32,-2.78,8.46));
#8106 = DIRECTION('',(-1.735167508357E-18,0.707106781187,-0.707106781187
    ));
#8107 = DIRECTION('',(-1.,-1.226948711654E-18,1.226948711654E-18));
#8108 = ADVANCED_FACE('',(#8109),#8134,.F.);
#8109 = FACE_BOUND('',#8110,.T.);
#8110 = EDGE_LOOP('',(#8111,#8119,#8120,#8128));
#8111 = ORIENTED_EDGE('',*,*,#8112,.F.);
#8112 = EDGE_CURVE('',#6970,#8113,#8115,.T.);
#8113 = VERTEX_POINT('',#8114);
#8114 = CARTESIAN_POINT('',(-0.16,-12.86,8.54));
#8115 = LINE('',#8116,#8117);
#8116 = CARTESIAN_POINT('',(-0.266666666667,-12.96666666666,
    8.433333333333));
#8117 = VECTOR('',#8118,1.);
#8118 = DIRECTION('',(0.57735026919,0.57735026919,0.57735026919));
#8119 = ORIENTED_EDGE('',*,*,#6977,.T.);
#8120 = ORIENTED_EDGE('',*,*,#8121,.T.);
#8121 = EDGE_CURVE('',#6961,#8122,#8124,.T.);
#8122 = VERTEX_POINT('',#8123);
#8123 = CARTESIAN_POINT('',(0.16,-12.86,8.54));
#8124 = LINE('',#8125,#8126);
#8125 = CARTESIAN_POINT('',(0.16,-12.86,8.54));
#8126 = VECTOR('',#8127,1.);
#8127 = DIRECTION('',(-0.57735026919,0.57735026919,0.57735026919));
#8128 = ORIENTED_EDGE('',*,*,#8129,.F.);
#8129 = EDGE_CURVE('',#8113,#8122,#8130,.T.);
#8130 = LINE('',#8131,#8132);
#8131 = CARTESIAN_POINT('',(-0.32,-12.86,8.54));
#8132 = VECTOR('',#8133,1.);
#8133 = DIRECTION('',(1.,0.,0.));
#8134 = PLANE('',#8135);
#8135 = AXIS2_PLACEMENT_3D('',#8136,#8137,#8138);
#8136 = CARTESIAN_POINT('',(-0.32,-12.94,8.46));
#8137 = DIRECTION('',(-1.735167508357E-18,0.707106781187,-0.707106781187
    ));
#8138 = DIRECTION('',(-1.,-1.226948711654E-18,1.226948711654E-18));
#8139 = ADVANCED_FACE('',(#8140),#8158,.T.);
#8140 = FACE_BOUND('',#8141,.T.);
#8141 = EDGE_LOOP('',(#8142,#8143,#8144,#8152));
#8142 = ORIENTED_EDGE('',*,*,#8121,.F.);
#8143 = ORIENTED_EDGE('',*,*,#7001,.T.);
#8144 = ORIENTED_EDGE('',*,*,#8145,.T.);
#8145 = EDGE_CURVE('',#6994,#8146,#8148,.T.);
#8146 = VERTEX_POINT('',#8147);
#8147 = CARTESIAN_POINT('',(0.16,-12.54,8.54));
#8148 = LINE('',#8149,#8150);
#8149 = CARTESIAN_POINT('',(5.333333333333E-02,-12.64666666666,
    8.646666666667));
#8150 = VECTOR('',#8151,1.);
#8151 = DIRECTION('',(-0.57735026919,-0.57735026919,0.57735026919));
#8152 = ORIENTED_EDGE('',*,*,#8153,.F.);
#8153 = EDGE_CURVE('',#8122,#8146,#8154,.T.);
#8154 = LINE('',#8155,#8156);
#8155 = CARTESIAN_POINT('',(0.16,-13.02,8.54));
#8156 = VECTOR('',#8157,1.);
#8157 = DIRECTION('',(0.,1.,0.));
#8158 = PLANE('',#8159);
#8159 = AXIS2_PLACEMENT_3D('',#8160,#8161,#8162);
#8160 = CARTESIAN_POINT('',(0.24,-13.02,8.46));
#8161 = DIRECTION('',(0.707106781187,-1.735167508357E-18,0.707106781187)
  );
#8162 = DIRECTION('',(1.226948711654E-18,1.,1.226948711654E-18));
#8163 = ADVANCED_FACE('',(#8164),#8182,.T.);
#8164 = FACE_BOUND('',#8165,.F.);
#8165 = EDGE_LOOP('',(#8166,#8174,#8175,#8176));
#8166 = ORIENTED_EDGE('',*,*,#8167,.F.);
#8167 = EDGE_CURVE('',#7018,#8168,#8170,.T.);
#8168 = VERTEX_POINT('',#8169);
#8169 = CARTESIAN_POINT('',(-0.16,-12.54,8.54));
#8170 = LINE('',#8171,#8172);
#8171 = CARTESIAN_POINT('',(-0.16,-12.54,8.54));
#8172 = VECTOR('',#8173,1.);
#8173 = DIRECTION('',(0.57735026919,-0.57735026919,0.57735026919));
#8174 = ORIENTED_EDGE('',*,*,#7025,.T.);
#8175 = ORIENTED_EDGE('',*,*,#8145,.T.);
#8176 = ORIENTED_EDGE('',*,*,#8177,.F.);
#8177 = EDGE_CURVE('',#8168,#8146,#8178,.T.);
#8178 = LINE('',#8179,#8180);
#8179 = CARTESIAN_POINT('',(-0.32,-12.54,8.54));
#8180 = VECTOR('',#8181,1.);
#8181 = DIRECTION('',(1.,0.,0.));
#8182 = PLANE('',#8183);
#8183 = AXIS2_PLACEMENT_3D('',#8184,#8185,#8186);
#8184 = CARTESIAN_POINT('',(-0.32,-12.46,8.46));
#8185 = DIRECTION('',(1.735167508357E-18,0.707106781187,0.707106781187)
  );
#8186 = DIRECTION('',(-1.,1.226948711654E-18,1.226948711654E-18));
#8187 = ADVANCED_FACE('',(#8188),#8199,.F.);
#8188 = FACE_BOUND('',#8189,.F.);
#8189 = EDGE_LOOP('',(#8190,#8191,#8192,#8193));
#8190 = ORIENTED_EDGE('',*,*,#8112,.F.);
#8191 = ORIENTED_EDGE('',*,*,#7042,.T.);
#8192 = ORIENTED_EDGE('',*,*,#8167,.T.);
#8193 = ORIENTED_EDGE('',*,*,#8194,.F.);
#8194 = EDGE_CURVE('',#8113,#8168,#8195,.T.);
#8195 = LINE('',#8196,#8197);
#8196 = CARTESIAN_POINT('',(-0.16,-13.02,8.54));
#8197 = VECTOR('',#8198,1.);
#8198 = DIRECTION('',(0.,1.,0.));
#8199 = PLANE('',#8200);
#8200 = AXIS2_PLACEMENT_3D('',#8201,#8202,#8203);
#8201 = CARTESIAN_POINT('',(-0.24,-13.02,8.46));
#8202 = DIRECTION('',(0.707106781187,1.735167508357E-18,-0.707106781187)
  );
#8203 = DIRECTION('',(-1.226948711654E-18,1.,1.226948711654E-18));
#8204 = ADVANCED_FACE('',(#8205),#8230,.T.);
#8205 = FACE_BOUND('',#8206,.F.);
#8206 = EDGE_LOOP('',(#8207,#8215,#8216,#8224));
#8207 = ORIENTED_EDGE('',*,*,#8208,.F.);
#8208 = EDGE_CURVE('',#7066,#8209,#8211,.T.);
#8209 = VERTEX_POINT('',#8210);
#8210 = CARTESIAN_POINT('',(-0.16,-10.,8.54));
#8211 = LINE('',#8212,#8213);
#8212 = CARTESIAN_POINT('',(-0.16,-10.,8.54));
#8213 = VECTOR('',#8214,1.);
#8214 = DIRECTION('',(0.57735026919,-0.57735026919,0.57735026919));
#8215 = ORIENTED_EDGE('',*,*,#7073,.T.);
#8216 = ORIENTED_EDGE('',*,*,#8217,.T.);
#8217 = EDGE_CURVE('',#7057,#8218,#8220,.T.);
#8218 = VERTEX_POINT('',#8219);
#8219 = CARTESIAN_POINT('',(0.16,-10.,8.54));
#8220 = LINE('',#8221,#8222);
#8221 = CARTESIAN_POINT('',(5.333333333333E-02,-10.10666666666,
    8.646666666667));
#8222 = VECTOR('',#8223,1.);
#8223 = DIRECTION('',(-0.57735026919,-0.57735026919,0.57735026919));
#8224 = ORIENTED_EDGE('',*,*,#8225,.F.);
#8225 = EDGE_CURVE('',#8209,#8218,#8226,.T.);
#8226 = LINE('',#8227,#8228);
#8227 = CARTESIAN_POINT('',(-0.32,-10.,8.54));
#8228 = VECTOR('',#8229,1.);
#8229 = DIRECTION('',(1.,0.,0.));
#8230 = PLANE('',#8231);
#8231 = AXIS2_PLACEMENT_3D('',#8232,#8233,#8234);
#8232 = CARTESIAN_POINT('',(-0.32,-9.92,8.46));
#8233 = DIRECTION('',(1.735167508357E-18,0.707106781187,0.707106781187)
  );
#8234 = DIRECTION('',(-1.,1.226948711654E-18,1.226948711654E-18));
#8235 = ADVANCED_FACE('',(#8236),#8254,.F.);
#8236 = FACE_BOUND('',#8237,.F.);
#8237 = EDGE_LOOP('',(#8238,#8246,#8247,#8248));
#8238 = ORIENTED_EDGE('',*,*,#8239,.F.);
#8239 = EDGE_CURVE('',#7088,#8240,#8242,.T.);
#8240 = VERTEX_POINT('',#8241);
#8241 = CARTESIAN_POINT('',(-0.16,-10.32,8.54));
#8242 = LINE('',#8243,#8244);
#8243 = CARTESIAN_POINT('',(-0.266666666667,-10.42666666666,
    8.433333333333));
#8244 = VECTOR('',#8245,1.);
#8245 = DIRECTION('',(0.57735026919,0.57735026919,0.57735026919));
#8246 = ORIENTED_EDGE('',*,*,#7097,.T.);
#8247 = ORIENTED_EDGE('',*,*,#8208,.T.);
#8248 = ORIENTED_EDGE('',*,*,#8249,.F.);
#8249 = EDGE_CURVE('',#8240,#8209,#8250,.T.);
#8250 = LINE('',#8251,#8252);
#8251 = CARTESIAN_POINT('',(-0.16,-10.48,8.54));
#8252 = VECTOR('',#8253,1.);
#8253 = DIRECTION('',(0.,1.,0.));
#8254 = PLANE('',#8255);
#8255 = AXIS2_PLACEMENT_3D('',#8256,#8257,#8258);
#8256 = CARTESIAN_POINT('',(-0.24,-10.48,8.46));
#8257 = DIRECTION('',(0.707106781187,1.735167508357E-18,-0.707106781187)
  );
#8258 = DIRECTION('',(-1.226948711654E-18,1.,1.226948711654E-18));
#8259 = ADVANCED_FACE('',(#8260),#8278,.F.);
#8260 = FACE_BOUND('',#8261,.T.);
#8261 = EDGE_LOOP('',(#8262,#8263,#8264,#8272));
#8262 = ORIENTED_EDGE('',*,*,#8239,.F.);
#8263 = ORIENTED_EDGE('',*,*,#7121,.T.);
#8264 = ORIENTED_EDGE('',*,*,#8265,.T.);
#8265 = EDGE_CURVE('',#7112,#8266,#8268,.T.);
#8266 = VERTEX_POINT('',#8267);
#8267 = CARTESIAN_POINT('',(0.16,-10.32,8.54));
#8268 = LINE('',#8269,#8270);
#8269 = CARTESIAN_POINT('',(0.16,-10.32,8.54));
#8270 = VECTOR('',#8271,1.);
#8271 = DIRECTION('',(-0.57735026919,0.57735026919,0.57735026919));
#8272 = ORIENTED_EDGE('',*,*,#8273,.F.);
#8273 = EDGE_CURVE('',#8240,#8266,#8274,.T.);
#8274 = LINE('',#8275,#8276);
#8275 = CARTESIAN_POINT('',(-0.32,-10.32,8.54));
#8276 = VECTOR('',#8277,1.);
#8277 = DIRECTION('',(1.,0.,0.));
#8278 = PLANE('',#8279);
#8279 = AXIS2_PLACEMENT_3D('',#8280,#8281,#8282);
#8280 = CARTESIAN_POINT('',(-0.32,-10.4,8.46));
#8281 = DIRECTION('',(-1.735167508357E-18,0.707106781187,-0.707106781187
    ));
#8282 = DIRECTION('',(-1.,-1.226948711654E-18,1.226948711654E-18));
#8283 = ADVANCED_FACE('',(#8284),#8295,.T.);
#8284 = FACE_BOUND('',#8285,.T.);
#8285 = EDGE_LOOP('',(#8286,#8287,#8288,#8289));
#8286 = ORIENTED_EDGE('',*,*,#8265,.F.);
#8287 = ORIENTED_EDGE('',*,*,#7138,.T.);
#8288 = ORIENTED_EDGE('',*,*,#8217,.T.);
#8289 = ORIENTED_EDGE('',*,*,#8290,.F.);
#8290 = EDGE_CURVE('',#8266,#8218,#8291,.T.);
#8291 = LINE('',#8292,#8293);
#8292 = CARTESIAN_POINT('',(0.16,-10.48,8.54));
#8293 = VECTOR('',#8294,1.);
#8294 = DIRECTION('',(0.,1.,0.));
#8295 = PLANE('',#8296);
#8296 = AXIS2_PLACEMENT_3D('',#8297,#8298,#8299);
#8297 = CARTESIAN_POINT('',(0.24,-10.48,8.46));
#8298 = DIRECTION('',(0.707106781187,-1.735167508357E-18,0.707106781187)
  );
#8299 = DIRECTION('',(1.226948711654E-18,1.,1.226948711654E-18));
#8300 = ADVANCED_FACE('',(#8301),#8326,.F.);
#8301 = FACE_BOUND('',#8302,.T.);
#8302 = EDGE_LOOP('',(#8303,#8311,#8312,#8320));
#8303 = ORIENTED_EDGE('',*,*,#8304,.F.);
#8304 = EDGE_CURVE('',#7162,#8305,#8307,.T.);
#8305 = VERTEX_POINT('',#8306);
#8306 = CARTESIAN_POINT('',(-0.16,-7.78,8.54));
#8307 = LINE('',#8308,#8309);
#8308 = CARTESIAN_POINT('',(-0.266666666667,-7.886666666667,
    8.433333333333));
#8309 = VECTOR('',#8310,1.);
#8310 = DIRECTION('',(0.57735026919,0.57735026919,0.57735026919));
#8311 = ORIENTED_EDGE('',*,*,#7169,.T.);
#8312 = ORIENTED_EDGE('',*,*,#8313,.T.);
#8313 = EDGE_CURVE('',#7153,#8314,#8316,.T.);
#8314 = VERTEX_POINT('',#8315);
#8315 = CARTESIAN_POINT('',(0.16,-7.78,8.54));
#8316 = LINE('',#8317,#8318);
#8317 = CARTESIAN_POINT('',(0.16,-7.78,8.54));
#8318 = VECTOR('',#8319,1.);
#8319 = DIRECTION('',(-0.57735026919,0.57735026919,0.57735026919));
#8320 = ORIENTED_EDGE('',*,*,#8321,.F.);
#8321 = EDGE_CURVE('',#8305,#8314,#8322,.T.);
#8322 = LINE('',#8323,#8324);
#8323 = CARTESIAN_POINT('',(-0.32,-7.78,8.54));
#8324 = VECTOR('',#8325,1.);
#8325 = DIRECTION('',(1.,0.,0.));
#8326 = PLANE('',#8327);
#8327 = AXIS2_PLACEMENT_3D('',#8328,#8329,#8330);
#8328 = CARTESIAN_POINT('',(-0.32,-7.86,8.46));
#8329 = DIRECTION('',(-1.735167508357E-18,0.707106781187,-0.707106781187
    ));
#8330 = DIRECTION('',(-1.,-1.226948711654E-18,1.226948711654E-18));
#8331 = ADVANCED_FACE('',(#8332),#8350,.T.);
#8332 = FACE_BOUND('',#8333,.T.);
#8333 = EDGE_LOOP('',(#8334,#8335,#8336,#8344));
#8334 = ORIENTED_EDGE('',*,*,#8313,.F.);
#8335 = ORIENTED_EDGE('',*,*,#7193,.T.);
#8336 = ORIENTED_EDGE('',*,*,#8337,.T.);
#8337 = EDGE_CURVE('',#7186,#8338,#8340,.T.);
#8338 = VERTEX_POINT('',#8339);
#8339 = CARTESIAN_POINT('',(0.16,-7.46,8.54));
#8340 = LINE('',#8341,#8342);
#8341 = CARTESIAN_POINT('',(5.333333333333E-02,-7.566666666667,
    8.646666666667));
#8342 = VECTOR('',#8343,1.);
#8343 = DIRECTION('',(-0.57735026919,-0.57735026919,0.57735026919));
#8344 = ORIENTED_EDGE('',*,*,#8345,.F.);
#8345 = EDGE_CURVE('',#8314,#8338,#8346,.T.);
#8346 = LINE('',#8347,#8348);
#8347 = CARTESIAN_POINT('',(0.16,-7.94,8.54));
#8348 = VECTOR('',#8349,1.);
#8349 = DIRECTION('',(0.,1.,0.));
#8350 = PLANE('',#8351);
#8351 = AXIS2_PLACEMENT_3D('',#8352,#8353,#8354);
#8352 = CARTESIAN_POINT('',(0.24,-7.94,8.46));
#8353 = DIRECTION('',(0.707106781187,-1.735167508357E-18,0.707106781187)
  );
#8354 = DIRECTION('',(1.226948711654E-18,1.,1.226948711654E-18));
#8355 = ADVANCED_FACE('',(#8356),#8374,.T.);
#8356 = FACE_BOUND('',#8357,.F.);
#8357 = EDGE_LOOP('',(#8358,#8366,#8367,#8368));
#8358 = ORIENTED_EDGE('',*,*,#8359,.F.);
#8359 = EDGE_CURVE('',#7210,#8360,#8362,.T.);
#8360 = VERTEX_POINT('',#8361);
#8361 = CARTESIAN_POINT('',(-0.16,-7.46,8.54));
#8362 = LINE('',#8363,#8364);
#8363 = CARTESIAN_POINT('',(-0.16,-7.46,8.54));
#8364 = VECTOR('',#8365,1.);
#8365 = DIRECTION('',(0.57735026919,-0.57735026919,0.57735026919));
#8366 = ORIENTED_EDGE('',*,*,#7217,.T.);
#8367 = ORIENTED_EDGE('',*,*,#8337,.T.);
#8368 = ORIENTED_EDGE('',*,*,#8369,.F.);
#8369 = EDGE_CURVE('',#8360,#8338,#8370,.T.);
#8370 = LINE('',#8371,#8372);
#8371 = CARTESIAN_POINT('',(-0.32,-7.46,8.54));
#8372 = VECTOR('',#8373,1.);
#8373 = DIRECTION('',(1.,0.,0.));
#8374 = PLANE('',#8375);
#8375 = AXIS2_PLACEMENT_3D('',#8376,#8377,#8378);
#8376 = CARTESIAN_POINT('',(-0.32,-7.38,8.46));
#8377 = DIRECTION('',(1.735167508357E-18,0.707106781187,0.707106781187)
  );
#8378 = DIRECTION('',(-1.,1.226948711654E-18,1.226948711654E-18));
#8379 = ADVANCED_FACE('',(#8380),#8391,.F.);
#8380 = FACE_BOUND('',#8381,.F.);
#8381 = EDGE_LOOP('',(#8382,#8383,#8384,#8385));
#8382 = ORIENTED_EDGE('',*,*,#8304,.F.);
#8383 = ORIENTED_EDGE('',*,*,#7234,.T.);
#8384 = ORIENTED_EDGE('',*,*,#8359,.T.);
#8385 = ORIENTED_EDGE('',*,*,#8386,.F.);
#8386 = EDGE_CURVE('',#8305,#8360,#8387,.T.);
#8387 = LINE('',#8388,#8389);
#8388 = CARTESIAN_POINT('',(-0.16,-7.94,8.54));
#8389 = VECTOR('',#8390,1.);
#8390 = DIRECTION('',(0.,1.,0.));
#8391 = PLANE('',#8392);
#8392 = AXIS2_PLACEMENT_3D('',#8393,#8394,#8395);
#8393 = CARTESIAN_POINT('',(-0.24,-7.94,8.46));
#8394 = DIRECTION('',(0.707106781187,1.735167508357E-18,-0.707106781187)
  );
#8395 = DIRECTION('',(-1.226948711654E-18,1.,1.226948711654E-18));
#8396 = ADVANCED_FACE('',(#8397),#8403,.F.);
#8397 = FACE_BOUND('',#8398,.F.);
#8398 = EDGE_LOOP('',(#8399,#8400,#8401,#8402));
#8399 = ORIENTED_EDGE('',*,*,#7289,.F.);
#8400 = ORIENTED_EDGE('',*,*,#7313,.F.);
#8401 = ORIENTED_EDGE('',*,*,#7330,.T.);
#8402 = ORIENTED_EDGE('',*,*,#7265,.T.);
#8403 = PLANE('',#8404);
#8404 = AXIS2_PLACEMENT_3D('',#8405,#8406,#8407);
#8405 = CARTESIAN_POINT('',(-0.32,-0.32,-3.));
#8406 = DIRECTION('',(0.,0.,1.));
#8407 = DIRECTION('',(1.,0.,-0.));
#8408 = ADVANCED_FACE('',(#8409),#8415,.F.);
#8409 = FACE_BOUND('',#8410,.F.);
#8410 = EDGE_LOOP('',(#8411,#8412,#8413,#8414));
#8411 = ORIENTED_EDGE('',*,*,#7385,.F.);
#8412 = ORIENTED_EDGE('',*,*,#7409,.F.);
#8413 = ORIENTED_EDGE('',*,*,#7426,.T.);
#8414 = ORIENTED_EDGE('',*,*,#7361,.T.);
#8415 = PLANE('',#8416);
#8416 = AXIS2_PLACEMENT_3D('',#8417,#8418,#8419);
#8417 = CARTESIAN_POINT('',(-0.32,-5.4,-3.));
#8418 = DIRECTION('',(0.,0.,1.));
#8419 = DIRECTION('',(1.,0.,-0.));
#8420 = ADVANCED_FACE('',(#8421),#8427,.F.);
#8421 = FACE_BOUND('',#8422,.F.);
#8422 = EDGE_LOOP('',(#8423,#8424,#8425,#8426));
#8423 = ORIENTED_EDGE('',*,*,#7481,.F.);
#8424 = ORIENTED_EDGE('',*,*,#7505,.F.);
#8425 = ORIENTED_EDGE('',*,*,#7522,.T.);
#8426 = ORIENTED_EDGE('',*,*,#7457,.T.);
#8427 = PLANE('',#8428);
#8428 = AXIS2_PLACEMENT_3D('',#8429,#8430,#8431);
#8429 = CARTESIAN_POINT('',(-0.32,-2.86,-3.));
#8430 = DIRECTION('',(0.,0.,1.));
#8431 = DIRECTION('',(1.,0.,-0.));
#8432 = ADVANCED_FACE('',(#8433),#8439,.F.);
#8433 = FACE_BOUND('',#8434,.F.);
#8434 = EDGE_LOOP('',(#8435,#8436,#8437,#8438));
#8435 = ORIENTED_EDGE('',*,*,#7601,.F.);
#8436 = ORIENTED_EDGE('',*,*,#7618,.F.);
#8437 = ORIENTED_EDGE('',*,*,#7553,.T.);
#8438 = ORIENTED_EDGE('',*,*,#7577,.T.);
#8439 = PLANE('',#8440);
#8440 = AXIS2_PLACEMENT_3D('',#8441,#8442,#8443);
#8441 = CARTESIAN_POINT('',(-0.32,-13.02,-3.));
#8442 = DIRECTION('',(0.,0.,1.));
#8443 = DIRECTION('',(1.,0.,-0.));
#8444 = ADVANCED_FACE('',(#8445),#8451,.F.);
#8445 = FACE_BOUND('',#8446,.F.);
#8446 = EDGE_LOOP('',(#8447,#8448,#8449,#8450));
#8447 = ORIENTED_EDGE('',*,*,#7649,.F.);
#8448 = ORIENTED_EDGE('',*,*,#7673,.F.);
#8449 = ORIENTED_EDGE('',*,*,#7697,.T.);
#8450 = ORIENTED_EDGE('',*,*,#7714,.T.);
#8451 = PLANE('',#8452);
#8452 = AXIS2_PLACEMENT_3D('',#8453,#8454,#8455);
#8453 = CARTESIAN_POINT('',(-0.32,-10.48,-3.));
#8454 = DIRECTION('',(0.,0.,1.));
#8455 = DIRECTION('',(1.,0.,-0.));
#8456 = ADVANCED_FACE('',(#8457),#8463,.F.);
#8457 = FACE_BOUND('',#8458,.F.);
#8458 = EDGE_LOOP('',(#8459,#8460,#8461,#8462));
#8459 = ORIENTED_EDGE('',*,*,#7793,.F.);
#8460 = ORIENTED_EDGE('',*,*,#7810,.F.);
#8461 = ORIENTED_EDGE('',*,*,#7745,.T.);
#8462 = ORIENTED_EDGE('',*,*,#7769,.T.);
#8463 = PLANE('',#8464);
#8464 = AXIS2_PLACEMENT_3D('',#8465,#8466,#8467);
#8465 = CARTESIAN_POINT('',(-0.32,-7.94,-3.));
#8466 = DIRECTION('',(0.,0.,1.));
#8467 = DIRECTION('',(1.,0.,-0.));
#8468 = ADVANCED_FACE('',(#8469),#8475,.T.);
#8469 = FACE_BOUND('',#8470,.T.);
#8470 = EDGE_LOOP('',(#8471,#8472,#8473,#8474));
#8471 = ORIENTED_EDGE('',*,*,#7841,.T.);
#8472 = ORIENTED_EDGE('',*,*,#7865,.F.);
#8473 = ORIENTED_EDGE('',*,*,#7889,.F.);
#8474 = ORIENTED_EDGE('',*,*,#7906,.T.);
#8475 = PLANE('',#8476);
#8476 = AXIS2_PLACEMENT_3D('',#8477,#8478,#8479);
#8477 = CARTESIAN_POINT('',(-0.32,-0.32,8.54));
#8478 = DIRECTION('',(0.,0.,1.));
#8479 = DIRECTION('',(1.,0.,-0.));
#8480 = ADVANCED_FACE('',(#8481),#8487,.T.);
#8481 = FACE_BOUND('',#8482,.T.);
#8482 = EDGE_LOOP('',(#8483,#8484,#8485,#8486));
#8483 = ORIENTED_EDGE('',*,*,#7937,.T.);
#8484 = ORIENTED_EDGE('',*,*,#7961,.F.);
#8485 = ORIENTED_EDGE('',*,*,#7985,.F.);
#8486 = ORIENTED_EDGE('',*,*,#8002,.T.);
#8487 = PLANE('',#8488);
#8488 = AXIS2_PLACEMENT_3D('',#8489,#8490,#8491);
#8489 = CARTESIAN_POINT('',(-0.32,-5.4,8.54));
#8490 = DIRECTION('',(0.,0.,1.));
#8491 = DIRECTION('',(1.,0.,-0.));
#8492 = ADVANCED_FACE('',(#8493),#8499,.T.);
#8493 = FACE_BOUND('',#8494,.T.);
#8494 = EDGE_LOOP('',(#8495,#8496,#8497,#8498));
#8495 = ORIENTED_EDGE('',*,*,#8033,.T.);
#8496 = ORIENTED_EDGE('',*,*,#8057,.F.);
#8497 = ORIENTED_EDGE('',*,*,#8081,.F.);
#8498 = ORIENTED_EDGE('',*,*,#8098,.T.);
#8499 = PLANE('',#8500);
#8500 = AXIS2_PLACEMENT_3D('',#8501,#8502,#8503);
#8501 = CARTESIAN_POINT('',(-0.32,-2.86,8.54));
#8502 = DIRECTION('',(0.,0.,1.));
#8503 = DIRECTION('',(1.,0.,-0.));
#8504 = ADVANCED_FACE('',(#8505),#8511,.T.);
#8505 = FACE_BOUND('',#8506,.T.);
#8506 = EDGE_LOOP('',(#8507,#8508,#8509,#8510));
#8507 = ORIENTED_EDGE('',*,*,#8153,.T.);
#8508 = ORIENTED_EDGE('',*,*,#8177,.F.);
#8509 = ORIENTED_EDGE('',*,*,#8194,.F.);
#8510 = ORIENTED_EDGE('',*,*,#8129,.T.);
#8511 = PLANE('',#8512);
#8512 = AXIS2_PLACEMENT_3D('',#8513,#8514,#8515);
#8513 = CARTESIAN_POINT('',(-0.32,-13.02,8.54));
#8514 = DIRECTION('',(0.,0.,1.));
#8515 = DIRECTION('',(1.,0.,-0.));
#8516 = ADVANCED_FACE('',(#8517),#8523,.T.);
#8517 = FACE_BOUND('',#8518,.T.);
#8518 = EDGE_LOOP('',(#8519,#8520,#8521,#8522));
#8519 = ORIENTED_EDGE('',*,*,#8290,.T.);
#8520 = ORIENTED_EDGE('',*,*,#8225,.F.);
#8521 = ORIENTED_EDGE('',*,*,#8249,.F.);
#8522 = ORIENTED_EDGE('',*,*,#8273,.T.);
#8523 = PLANE('',#8524);
#8524 = AXIS2_PLACEMENT_3D('',#8525,#8526,#8527);
#8525 = CARTESIAN_POINT('',(-0.32,-10.48,8.54));
#8526 = DIRECTION('',(0.,0.,1.));
#8527 = DIRECTION('',(1.,0.,-0.));
#8528 = ADVANCED_FACE('',(#8529),#8535,.T.);
#8529 = FACE_BOUND('',#8530,.T.);
#8530 = EDGE_LOOP('',(#8531,#8532,#8533,#8534));
#8531 = ORIENTED_EDGE('',*,*,#8345,.T.);
#8532 = ORIENTED_EDGE('',*,*,#8369,.F.);
#8533 = ORIENTED_EDGE('',*,*,#8386,.F.);
#8534 = ORIENTED_EDGE('',*,*,#8321,.T.);
#8535 = PLANE('',#8536);
#8536 = AXIS2_PLACEMENT_3D('',#8537,#8538,#8539);
#8537 = CARTESIAN_POINT('',(-0.32,-7.94,8.54));
#8538 = DIRECTION('',(0.,0.,1.));
#8539 = DIRECTION('',(1.,0.,-0.));
#8540 = ( GEOMETRIC_REPRESENTATION_CONTEXT(3) 
GLOBAL_UNCERTAINTY_ASSIGNED_CONTEXT((#8544)) 
GLOBAL_UNIT_ASSIGNED_CONTEXT((#8541,#8542,#8543)) REPRESENTATION_CONTEXT
('Context #1','3D Context with UNIT and UNCERTAINTY') );
#8541 = ( LENGTH_UNIT() NAMED_UNIT(*) SI_UNIT(.MILLI.,.METRE.) );
#8542 = ( NAMED_UNIT(*) PLANE_ANGLE_UNIT() SI_UNIT($,.RADIAN.) );
#8543 = ( NAMED_UNIT(*) SI_UNIT($,.STERADIAN.) SOLID_ANGLE_UNIT() );
#8544 = UNCERTAINTY_MEASURE_WITH_UNIT(LENGTH_MEASURE(1.E-07),#8541,
  'distance_accuracy_value','confusion accuracy');
#8545 = CONTEXT_DEPENDENT_SHAPE_REPRESENTATION(#8546,#8548);
#8546 = ( REPRESENTATION_RELATIONSHIP('','',#4411,#10) 
REPRESENTATION_RELATIONSHIP_WITH_TRANSFORMATION(#8547) 
SHAPE_REPRESENTATION_RELATIONSHIP() );
#8547 = ITEM_DEFINED_TRANSFORMATION('','',#11,#31);
#8548 = PRODUCT_DEFINITION_SHAPE('Placement','Placement of an item',
  #8549);
#8549 = NEXT_ASSEMBLY_USAGE_OCCURRENCE('6','J1','',#5,#4406,$);
#8550 = PRODUCT_RELATED_PRODUCT_CATEGORY('part',$,(#4408));
#8551 = SHAPE_DEFINITION_REPRESENTATION(#8552,#8558);
#8552 = PRODUCT_DEFINITION_SHAPE('','',#8553);
#8553 = PRODUCT_DEFINITION('design','',#8554,#8557);
#8554 = PRODUCT_DEFINITION_FORMATION('','',#8555);
#8555 = PRODUCT('009_GBdashboard_PCB','009_GBdashboard_PCB','',(#8556));
#8556 = PRODUCT_CONTEXT('',#2,'mechanical');
#8557 = PRODUCT_DEFINITION_CONTEXT('part definition',#2,'design');
#8558 = ADVANCED_BREP_SHAPE_REPRESENTATION('',(#11,#8559),#11088);
#8559 = MANIFOLD_SOLID_BREP('',#8560);
#8560 = CLOSED_SHELL('',(#8561,#8601,#8632,#8663,#9351,#10039,#10051,
    #10068,#10085,#10102,#10119,#10136,#10153,#10170,#10187,#10204,
    #10221,#10238,#10255,#10272,#10289,#10306,#10323,#10340,#10357,
    #10374,#10391,#10408,#10425,#10442,#10459,#10476,#10493,#10510,
    #10527,#10544,#10561,#10578,#10595,#10612,#10629,#10646,#10663,
    #10680,#10697,#10714,#10731,#10748,#10765,#10782,#10799,#10816,
    #10833,#10850,#10867,#10884,#10901,#10918,#10935,#10952,#10969,
    #10986,#11003,#11020,#11037,#11054,#11071));
#8561 = ADVANCED_FACE('',(#8562),#8596,.T.);
#8562 = FACE_BOUND('',#8563,.T.);
#8563 = EDGE_LOOP('',(#8564,#8574,#8582,#8590));
#8564 = ORIENTED_EDGE('',*,*,#8565,.T.);
#8565 = EDGE_CURVE('',#8566,#8568,#8570,.T.);
#8566 = VERTEX_POINT('',#8567);
#8567 = CARTESIAN_POINT('',(80.,55.,0.));
#8568 = VERTEX_POINT('',#8569);
#8569 = CARTESIAN_POINT('',(80.,55.,1.51));
#8570 = LINE('',#8571,#8572);
#8571 = CARTESIAN_POINT('',(80.,55.,0.));
#8572 = VECTOR('',#8573,1.);
#8573 = DIRECTION('',(0.,0.,1.));
#8574 = ORIENTED_EDGE('',*,*,#8575,.T.);
#8575 = EDGE_CURVE('',#8568,#8576,#8578,.T.);
#8576 = VERTEX_POINT('',#8577);
#8577 = CARTESIAN_POINT('',(-20.,55.,1.51));
#8578 = LINE('',#8579,#8580);
#8579 = CARTESIAN_POINT('',(80.,55.,1.51));
#8580 = VECTOR('',#8581,1.);
#8581 = DIRECTION('',(-1.,0.,0.));
#8582 = ORIENTED_EDGE('',*,*,#8583,.F.);
#8583 = EDGE_CURVE('',#8584,#8576,#8586,.T.);
#8584 = VERTEX_POINT('',#8585);
#8585 = CARTESIAN_POINT('',(-20.,55.,0.));
#8586 = LINE('',#8587,#8588);
#8587 = CARTESIAN_POINT('',(-20.,55.,0.));
#8588 = VECTOR('',#8589,1.);
#8589 = DIRECTION('',(0.,0.,1.));
#8590 = ORIENTED_EDGE('',*,*,#8591,.F.);
#8591 = EDGE_CURVE('',#8566,#8584,#8592,.T.);
#8592 = LINE('',#8593,#8594);
#8593 = CARTESIAN_POINT('',(80.,55.,0.));
#8594 = VECTOR('',#8595,1.);
#8595 = DIRECTION('',(-1.,0.,0.));
#8596 = PLANE('',#8597);
#8597 = AXIS2_PLACEMENT_3D('',#8598,#8599,#8600);
#8598 = CARTESIAN_POINT('',(80.,55.,0.));
#8599 = DIRECTION('',(0.,-1.,0.));
#8600 = DIRECTION('',(-1.,0.,0.));
#8601 = ADVANCED_FACE('',(#8602),#8627,.T.);
#8602 = FACE_BOUND('',#8603,.T.);
#8603 = EDGE_LOOP('',(#8604,#8614,#8620,#8621));
#8604 = ORIENTED_EDGE('',*,*,#8605,.T.);
#8605 = EDGE_CURVE('',#8606,#8608,#8610,.T.);
#8606 = VERTEX_POINT('',#8607);
#8607 = CARTESIAN_POINT('',(80.,110.,0.));
#8608 = VERTEX_POINT('',#8609);
#8609 = CARTESIAN_POINT('',(80.,110.,1.51));
#8610 = LINE('',#8611,#8612);
#8611 = CARTESIAN_POINT('',(80.,110.,0.));
#8612 = VECTOR('',#8613,1.);
#8613 = DIRECTION('',(0.,0.,1.));
#8614 = ORIENTED_EDGE('',*,*,#8615,.T.);
#8615 = EDGE_CURVE('',#8608,#8568,#8616,.T.);
#8616 = LINE('',#8617,#8618);
#8617 = CARTESIAN_POINT('',(80.,110.,1.51));
#8618 = VECTOR('',#8619,1.);
#8619 = DIRECTION('',(0.,-1.,0.));
#8620 = ORIENTED_EDGE('',*,*,#8565,.F.);
#8621 = ORIENTED_EDGE('',*,*,#8622,.F.);
#8622 = EDGE_CURVE('',#8606,#8566,#8623,.T.);
#8623 = LINE('',#8624,#8625);
#8624 = CARTESIAN_POINT('',(80.,110.,0.));
#8625 = VECTOR('',#8626,1.);
#8626 = DIRECTION('',(0.,-1.,0.));
#8627 = PLANE('',#8628);
#8628 = AXIS2_PLACEMENT_3D('',#8629,#8630,#8631);
#8629 = CARTESIAN_POINT('',(80.,110.,0.));
#8630 = DIRECTION('',(1.,0.,-0.));
#8631 = DIRECTION('',(0.,-1.,0.));
#8632 = ADVANCED_FACE('',(#8633),#8658,.T.);
#8633 = FACE_BOUND('',#8634,.T.);
#8634 = EDGE_LOOP('',(#8635,#8636,#8644,#8652));
#8635 = ORIENTED_EDGE('',*,*,#8583,.T.);
#8636 = ORIENTED_EDGE('',*,*,#8637,.T.);
#8637 = EDGE_CURVE('',#8576,#8638,#8640,.T.);
#8638 = VERTEX_POINT('',#8639);
#8639 = CARTESIAN_POINT('',(-20.,110.,1.51));
#8640 = LINE('',#8641,#8642);
#8641 = CARTESIAN_POINT('',(-20.,55.,1.51));
#8642 = VECTOR('',#8643,1.);
#8643 = DIRECTION('',(0.,1.,0.));
#8644 = ORIENTED_EDGE('',*,*,#8645,.F.);
#8645 = EDGE_CURVE('',#8646,#8638,#8648,.T.);
#8646 = VERTEX_POINT('',#8647);
#8647 = CARTESIAN_POINT('',(-20.,110.,0.));
#8648 = LINE('',#8649,#8650);
#8649 = CARTESIAN_POINT('',(-20.,110.,0.));
#8650 = VECTOR('',#8651,1.);
#8651 = DIRECTION('',(0.,0.,1.));
#8652 = ORIENTED_EDGE('',*,*,#8653,.F.);
#8653 = EDGE_CURVE('',#8584,#8646,#8654,.T.);
#8654 = LINE('',#8655,#8656);
#8655 = CARTESIAN_POINT('',(-20.,55.,0.));
#8656 = VECTOR('',#8657,1.);
#8657 = DIRECTION('',(0.,1.,0.));
#8658 = PLANE('',#8659);
#8659 = AXIS2_PLACEMENT_3D('',#8660,#8661,#8662);
#8660 = CARTESIAN_POINT('',(-20.,55.,0.));
#8661 = DIRECTION('',(-1.,0.,0.));
#8662 = DIRECTION('',(0.,1.,0.));
#8663 = ADVANCED_FACE('',(#8664,#8675,#8686,#8697,#8708,#8719,#8730,
    #8741,#8752,#8763,#8774,#8785,#8796,#8807,#8818,#8829,#8840,#8851,
    #8862,#8873,#8884,#8895,#8906,#8917,#8928,#8939,#8950,#8961,#8972,
    #8983,#8994,#9005,#9016,#9027,#9038,#9049,#9060,#9071,#9082,#9093,
    #9104,#9115,#9126,#9137,#9148,#9159,#9170,#9181,#9192,#9203,#9214,
    #9225,#9236,#9247,#9258,#9269,#9280,#9291,#9302,#9313,#9324,#9335),
  #9346,.F.);
#8664 = FACE_BOUND('',#8665,.F.);
#8665 = EDGE_LOOP('',(#8666,#8667,#8668,#8674));
#8666 = ORIENTED_EDGE('',*,*,#8591,.F.);
#8667 = ORIENTED_EDGE('',*,*,#8622,.F.);
#8668 = ORIENTED_EDGE('',*,*,#8669,.F.);
#8669 = EDGE_CURVE('',#8646,#8606,#8670,.T.);
#8670 = LINE('',#8671,#8672);
#8671 = CARTESIAN_POINT('',(-20.,110.,0.));
#8672 = VECTOR('',#8673,1.);
#8673 = DIRECTION('',(1.,0.,0.));
#8674 = ORIENTED_EDGE('',*,*,#8653,.F.);
#8675 = FACE_BOUND('',#8676,.F.);
#8676 = EDGE_LOOP('',(#8677));
#8677 = ORIENTED_EDGE('',*,*,#8678,.T.);
#8678 = EDGE_CURVE('',#8679,#8679,#8681,.T.);
#8679 = VERTEX_POINT('',#8680);
#8680 = CARTESIAN_POINT('',(-7.5,60.045,0.));
#8681 = CIRCLE('',#8682,0.875);
#8682 = AXIS2_PLACEMENT_3D('',#8683,#8684,#8685);
#8683 = CARTESIAN_POINT('',(-7.5,60.92,0.));
#8684 = DIRECTION('',(-0.,0.,-1.));
#8685 = DIRECTION('',(-0.,-1.,0.));
#8686 = FACE_BOUND('',#8687,.F.);
#8687 = EDGE_LOOP('',(#8688));
#8688 = ORIENTED_EDGE('',*,*,#8689,.T.);
#8689 = EDGE_CURVE('',#8690,#8690,#8692,.T.);
#8690 = VERTEX_POINT('',#8691);
#8691 = CARTESIAN_POINT('',(-7.5,65.125,0.));
#8692 = CIRCLE('',#8693,0.875);
#8693 = AXIS2_PLACEMENT_3D('',#8694,#8695,#8696);
#8694 = CARTESIAN_POINT('',(-7.5,66.,0.));
#8695 = DIRECTION('',(-0.,0.,-1.));
#8696 = DIRECTION('',(-0.,-1.,0.));
#8697 = FACE_BOUND('',#8698,.F.);
#8698 = EDGE_LOOP('',(#8699));
#8699 = ORIENTED_EDGE('',*,*,#8700,.T.);
#8700 = EDGE_CURVE('',#8701,#8701,#8703,.T.);
#8701 = VERTEX_POINT('',#8702);
#8702 = CARTESIAN_POINT('',(5.64,59.3028,0.));
#8703 = CIRCLE('',#8704,0.4572);
#8704 = AXIS2_PLACEMENT_3D('',#8705,#8706,#8707);
#8705 = CARTESIAN_POINT('',(5.64,59.76,0.));
#8706 = DIRECTION('',(-0.,0.,-1.));
#8707 = DIRECTION('',(-1.942647462161E-15,-1.,0.));
#8708 = FACE_BOUND('',#8709,.F.);
#8709 = EDGE_LOOP('',(#8710));
#8710 = ORIENTED_EDGE('',*,*,#8711,.T.);
#8711 = EDGE_CURVE('',#8712,#8712,#8714,.T.);
#8712 = VERTEX_POINT('',#8713);
#8713 = CARTESIAN_POINT('',(5.64,61.8428,0.));
#8714 = CIRCLE('',#8715,0.4572);
#8715 = AXIS2_PLACEMENT_3D('',#8716,#8717,#8718);
#8716 = CARTESIAN_POINT('',(5.64,62.3,0.));
#8717 = DIRECTION('',(-0.,0.,-1.));
#8718 = DIRECTION('',(-1.942647462161E-15,-1.,0.));
#8719 = FACE_BOUND('',#8720,.F.);
#8720 = EDGE_LOOP('',(#8721));
#8721 = ORIENTED_EDGE('',*,*,#8722,.T.);
#8722 = EDGE_CURVE('',#8723,#8723,#8725,.T.);
#8723 = VERTEX_POINT('',#8724);
#8724 = CARTESIAN_POINT('',(5.64,64.3828,0.));
#8725 = CIRCLE('',#8726,0.4572);
#8726 = AXIS2_PLACEMENT_3D('',#8727,#8728,#8729);
#8727 = CARTESIAN_POINT('',(5.64,64.84,0.));
#8728 = DIRECTION('',(-0.,0.,-1.));
#8729 = DIRECTION('',(-1.942647462161E-15,-1.,0.));
#8730 = FACE_BOUND('',#8731,.F.);
#8731 = EDGE_LOOP('',(#8732));
#8732 = ORIENTED_EDGE('',*,*,#8733,.T.);
#8733 = EDGE_CURVE('',#8734,#8734,#8736,.T.);
#8734 = VERTEX_POINT('',#8735);
#8735 = CARTESIAN_POINT('',(5.64,66.9228,0.));
#8736 = CIRCLE('',#8737,0.4572);
#8737 = AXIS2_PLACEMENT_3D('',#8738,#8739,#8740);
#8738 = CARTESIAN_POINT('',(5.64,67.38,0.));
#8739 = DIRECTION('',(-0.,0.,-1.));
#8740 = DIRECTION('',(-1.942647462161E-15,-1.,0.));
#8741 = FACE_BOUND('',#8742,.F.);
#8742 = EDGE_LOOP('',(#8743));
#8743 = ORIENTED_EDGE('',*,*,#8744,.T.);
#8744 = EDGE_CURVE('',#8745,#8745,#8747,.T.);
#8745 = VERTEX_POINT('',#8746);
#8746 = CARTESIAN_POINT('',(-17.,74.65,0.));
#8747 = CIRCLE('',#8748,0.5);
#8748 = AXIS2_PLACEMENT_3D('',#8749,#8750,#8751);
#8749 = CARTESIAN_POINT('',(-17.,75.15,0.));
#8750 = DIRECTION('',(-0.,0.,-1.));
#8751 = DIRECTION('',(-0.,-1.,0.));
#8752 = FACE_BOUND('',#8753,.F.);
#8753 = EDGE_LOOP('',(#8754));
#8754 = ORIENTED_EDGE('',*,*,#8755,.T.);
#8755 = EDGE_CURVE('',#8756,#8756,#8758,.T.);
#8756 = VERTEX_POINT('',#8757);
#8757 = CARTESIAN_POINT('',(-17.,77.19,0.));
#8758 = CIRCLE('',#8759,0.5);
#8759 = AXIS2_PLACEMENT_3D('',#8760,#8761,#8762);
#8760 = CARTESIAN_POINT('',(-17.,77.69,0.));
#8761 = DIRECTION('',(-0.,0.,-1.));
#8762 = DIRECTION('',(-0.,-1.,0.));
#8763 = FACE_BOUND('',#8764,.F.);
#8764 = EDGE_LOOP('',(#8765));
#8765 = ORIENTED_EDGE('',*,*,#8766,.T.);
#8766 = EDGE_CURVE('',#8767,#8767,#8769,.T.);
#8767 = VERTEX_POINT('',#8768);
#8768 = CARTESIAN_POINT('',(-17.,79.73,0.));
#8769 = CIRCLE('',#8770,0.5);
#8770 = AXIS2_PLACEMENT_3D('',#8771,#8772,#8773);
#8771 = CARTESIAN_POINT('',(-17.,80.23,0.));
#8772 = DIRECTION('',(-0.,0.,-1.));
#8773 = DIRECTION('',(-0.,-1.,0.));
#8774 = FACE_BOUND('',#8775,.F.);
#8775 = EDGE_LOOP('',(#8776));
#8776 = ORIENTED_EDGE('',*,*,#8777,.T.);
#8777 = EDGE_CURVE('',#8778,#8778,#8780,.T.);
#8778 = VERTEX_POINT('',#8779);
#8779 = CARTESIAN_POINT('',(5.64,69.4628,0.));
#8780 = CIRCLE('',#8781,0.4572);
#8781 = AXIS2_PLACEMENT_3D('',#8782,#8783,#8784);
#8782 = CARTESIAN_POINT('',(5.64,69.92,0.));
#8783 = DIRECTION('',(-0.,0.,-1.));
#8784 = DIRECTION('',(-1.942647462161E-15,-1.,0.));
#8785 = FACE_BOUND('',#8786,.F.);
#8786 = EDGE_LOOP('',(#8787));
#8787 = ORIENTED_EDGE('',*,*,#8788,.T.);
#8788 = EDGE_CURVE('',#8789,#8789,#8791,.T.);
#8789 = VERTEX_POINT('',#8790);
#8790 = CARTESIAN_POINT('',(5.64,72.0028,0.));
#8791 = CIRCLE('',#8792,0.4572);
#8792 = AXIS2_PLACEMENT_3D('',#8793,#8794,#8795);
#8793 = CARTESIAN_POINT('',(5.64,72.46,0.));
#8794 = DIRECTION('',(-0.,0.,-1.));
#8795 = DIRECTION('',(-1.942647462161E-15,-1.,0.));
#8796 = FACE_BOUND('',#8797,.F.);
#8797 = EDGE_LOOP('',(#8798));
#8798 = ORIENTED_EDGE('',*,*,#8799,.T.);
#8799 = EDGE_CURVE('',#8800,#8800,#8802,.T.);
#8800 = VERTEX_POINT('',#8801);
#8801 = CARTESIAN_POINT('',(5.64,74.5428,0.));
#8802 = CIRCLE('',#8803,0.4572);
#8803 = AXIS2_PLACEMENT_3D('',#8804,#8805,#8806);
#8804 = CARTESIAN_POINT('',(5.64,75.,0.));
#8805 = DIRECTION('',(-0.,0.,-1.));
#8806 = DIRECTION('',(-1.942647462161E-15,-1.,0.));
#8807 = FACE_BOUND('',#8808,.F.);
#8808 = EDGE_LOOP('',(#8809));
#8809 = ORIENTED_EDGE('',*,*,#8810,.T.);
#8810 = EDGE_CURVE('',#8811,#8811,#8813,.T.);
#8811 = VERTEX_POINT('',#8812);
#8812 = CARTESIAN_POINT('',(5.64,77.0828,0.));
#8813 = CIRCLE('',#8814,0.4572);
#8814 = AXIS2_PLACEMENT_3D('',#8815,#8816,#8817);
#8815 = CARTESIAN_POINT('',(5.64,77.54,0.));
#8816 = DIRECTION('',(-0.,0.,-1.));
#8817 = DIRECTION('',(-1.942647462161E-15,-1.,0.));
#8818 = FACE_BOUND('',#8819,.F.);
#8819 = EDGE_LOOP('',(#8820));
#8820 = ORIENTED_EDGE('',*,*,#8821,.T.);
#8821 = EDGE_CURVE('',#8822,#8822,#8824,.T.);
#8822 = VERTEX_POINT('',#8823);
#8823 = CARTESIAN_POINT('',(5.64,79.6228,0.));
#8824 = CIRCLE('',#8825,0.4572);
#8825 = AXIS2_PLACEMENT_3D('',#8826,#8827,#8828);
#8826 = CARTESIAN_POINT('',(5.64,80.08,0.));
#8827 = DIRECTION('',(-0.,0.,-1.));
#8828 = DIRECTION('',(-1.942647462161E-15,-1.,0.));
#8829 = FACE_BOUND('',#8830,.F.);
#8830 = EDGE_LOOP('',(#8831));
#8831 = ORIENTED_EDGE('',*,*,#8832,.T.);
#8832 = EDGE_CURVE('',#8833,#8833,#8835,.T.);
#8833 = VERTEX_POINT('',#8834);
#8834 = CARTESIAN_POINT('',(28.5,59.3028,0.));
#8835 = CIRCLE('',#8836,0.4572);
#8836 = AXIS2_PLACEMENT_3D('',#8837,#8838,#8839);
#8837 = CARTESIAN_POINT('',(28.5,59.76,0.));
#8838 = DIRECTION('',(-0.,0.,-1.));
#8839 = DIRECTION('',(-0.,-1.,0.));
#8840 = FACE_BOUND('',#8841,.F.);
#8841 = EDGE_LOOP('',(#8842));
#8842 = ORIENTED_EDGE('',*,*,#8843,.T.);
#8843 = EDGE_CURVE('',#8844,#8844,#8846,.T.);
#8844 = VERTEX_POINT('',#8845);
#8845 = CARTESIAN_POINT('',(28.5,61.8428,0.));
#8846 = CIRCLE('',#8847,0.4572);
#8847 = AXIS2_PLACEMENT_3D('',#8848,#8849,#8850);
#8848 = CARTESIAN_POINT('',(28.5,62.3,0.));
#8849 = DIRECTION('',(-0.,0.,-1.));
#8850 = DIRECTION('',(-0.,-1.,0.));
#8851 = FACE_BOUND('',#8852,.F.);
#8852 = EDGE_LOOP('',(#8853));
#8853 = ORIENTED_EDGE('',*,*,#8854,.T.);
#8854 = EDGE_CURVE('',#8855,#8855,#8857,.T.);
#8855 = VERTEX_POINT('',#8856);
#8856 = CARTESIAN_POINT('',(35.5,56.42,0.));
#8857 = CIRCLE('',#8858,0.5);
#8858 = AXIS2_PLACEMENT_3D('',#8859,#8860,#8861);
#8859 = CARTESIAN_POINT('',(35.5,56.92,0.));
#8860 = DIRECTION('',(-0.,0.,-1.));
#8861 = DIRECTION('',(-0.,-1.,0.));
#8862 = FACE_BOUND('',#8863,.F.);
#8863 = EDGE_LOOP('',(#8864));
#8864 = ORIENTED_EDGE('',*,*,#8865,.T.);
#8865 = EDGE_CURVE('',#8866,#8866,#8868,.T.);
#8866 = VERTEX_POINT('',#8867);
#8867 = CARTESIAN_POINT('',(35.5,58.96,0.));
#8868 = CIRCLE('',#8869,0.5);
#8869 = AXIS2_PLACEMENT_3D('',#8870,#8871,#8872);
#8870 = CARTESIAN_POINT('',(35.5,59.46,0.));
#8871 = DIRECTION('',(-0.,0.,-1.));
#8872 = DIRECTION('',(-0.,-1.,0.));
#8873 = FACE_BOUND('',#8874,.F.);
#8874 = EDGE_LOOP('',(#8875));
#8875 = ORIENTED_EDGE('',*,*,#8876,.T.);
#8876 = EDGE_CURVE('',#8877,#8877,#8879,.T.);
#8877 = VERTEX_POINT('',#8878);
#8878 = CARTESIAN_POINT('',(35.5,61.5,0.));
#8879 = CIRCLE('',#8880,0.5);
#8880 = AXIS2_PLACEMENT_3D('',#8881,#8882,#8883);
#8881 = CARTESIAN_POINT('',(35.5,62.,0.));
#8882 = DIRECTION('',(-0.,0.,-1.));
#8883 = DIRECTION('',(-0.,-1.,0.));
#8884 = FACE_BOUND('',#8885,.F.);
#8885 = EDGE_LOOP('',(#8886));
#8886 = ORIENTED_EDGE('',*,*,#8887,.T.);
#8887 = EDGE_CURVE('',#8888,#8888,#8890,.T.);
#8888 = VERTEX_POINT('',#8889);
#8889 = CARTESIAN_POINT('',(28.5,64.3828,0.));
#8890 = CIRCLE('',#8891,0.4572);
#8891 = AXIS2_PLACEMENT_3D('',#8892,#8893,#8894);
#8892 = CARTESIAN_POINT('',(28.5,64.84,0.));
#8893 = DIRECTION('',(-0.,0.,-1.));
#8894 = DIRECTION('',(-0.,-1.,0.));
#8895 = FACE_BOUND('',#8896,.F.);
#8896 = EDGE_LOOP('',(#8897));
#8897 = ORIENTED_EDGE('',*,*,#8898,.T.);
#8898 = EDGE_CURVE('',#8899,#8899,#8901,.T.);
#8899 = VERTEX_POINT('',#8900);
#8900 = CARTESIAN_POINT('',(28.5,66.9228,0.));
#8901 = CIRCLE('',#8902,0.4572);
#8902 = AXIS2_PLACEMENT_3D('',#8903,#8904,#8905);
#8903 = CARTESIAN_POINT('',(28.5,67.38,0.));
#8904 = DIRECTION('',(-0.,0.,-1.));
#8905 = DIRECTION('',(-0.,-1.,0.));
#8906 = FACE_BOUND('',#8907,.F.);
#8907 = EDGE_LOOP('',(#8908));
#8908 = ORIENTED_EDGE('',*,*,#8909,.T.);
#8909 = EDGE_CURVE('',#8910,#8910,#8912,.T.);
#8910 = VERTEX_POINT('',#8911);
#8911 = CARTESIAN_POINT('',(35.5,64.04,0.));
#8912 = CIRCLE('',#8913,0.5);
#8913 = AXIS2_PLACEMENT_3D('',#8914,#8915,#8916);
#8914 = CARTESIAN_POINT('',(35.5,64.54,0.));
#8915 = DIRECTION('',(-0.,0.,-1.));
#8916 = DIRECTION('',(-0.,-1.,0.));
#8917 = FACE_BOUND('',#8918,.F.);
#8918 = EDGE_LOOP('',(#8919));
#8919 = ORIENTED_EDGE('',*,*,#8920,.T.);
#8920 = EDGE_CURVE('',#8921,#8921,#8923,.T.);
#8921 = VERTEX_POINT('',#8922);
#8922 = CARTESIAN_POINT('',(35.5,66.58,0.));
#8923 = CIRCLE('',#8924,0.5);
#8924 = AXIS2_PLACEMENT_3D('',#8925,#8926,#8927);
#8925 = CARTESIAN_POINT('',(35.5,67.08,0.));
#8926 = DIRECTION('',(-0.,0.,-1.));
#8927 = DIRECTION('',(-0.,-1.,0.));
#8928 = FACE_BOUND('',#8929,.F.);
#8929 = EDGE_LOOP('',(#8930));
#8930 = ORIENTED_EDGE('',*,*,#8931,.T.);
#8931 = EDGE_CURVE('',#8932,#8932,#8934,.T.);
#8932 = VERTEX_POINT('',#8933);
#8933 = CARTESIAN_POINT('',(28.5,69.4628,0.));
#8934 = CIRCLE('',#8935,0.4572);
#8935 = AXIS2_PLACEMENT_3D('',#8936,#8937,#8938);
#8936 = CARTESIAN_POINT('',(28.5,69.92,0.));
#8937 = DIRECTION('',(-0.,0.,-1.));
#8938 = DIRECTION('',(-0.,-1.,0.));
#8939 = FACE_BOUND('',#8940,.F.);
#8940 = EDGE_LOOP('',(#8941));
#8941 = ORIENTED_EDGE('',*,*,#8942,.T.);
#8942 = EDGE_CURVE('',#8943,#8943,#8945,.T.);
#8943 = VERTEX_POINT('',#8944);
#8944 = CARTESIAN_POINT('',(28.5,72.0028,0.));
#8945 = CIRCLE('',#8946,0.4572);
#8946 = AXIS2_PLACEMENT_3D('',#8947,#8948,#8949);
#8947 = CARTESIAN_POINT('',(28.5,72.46,0.));
#8948 = DIRECTION('',(-0.,0.,-1.));
#8949 = DIRECTION('',(-0.,-1.,0.));
#8950 = FACE_BOUND('',#8951,.F.);
#8951 = EDGE_LOOP('',(#8952));
#8952 = ORIENTED_EDGE('',*,*,#8953,.T.);
#8953 = EDGE_CURVE('',#8954,#8954,#8956,.T.);
#8954 = VERTEX_POINT('',#8955);
#8955 = CARTESIAN_POINT('',(28.5,74.5428,0.));
#8956 = CIRCLE('',#8957,0.4572);
#8957 = AXIS2_PLACEMENT_3D('',#8958,#8959,#8960);
#8958 = CARTESIAN_POINT('',(28.5,75.,0.));
#8959 = DIRECTION('',(-0.,0.,-1.));
#8960 = DIRECTION('',(-0.,-1.,0.));
#8961 = FACE_BOUND('',#8962,.F.);
#8962 = EDGE_LOOP('',(#8963));
#8963 = ORIENTED_EDGE('',*,*,#8964,.T.);
#8964 = EDGE_CURVE('',#8965,#8965,#8967,.T.);
#8965 = VERTEX_POINT('',#8966);
#8966 = CARTESIAN_POINT('',(28.5,77.0828,0.));
#8967 = CIRCLE('',#8968,0.4572);
#8968 = AXIS2_PLACEMENT_3D('',#8969,#8970,#8971);
#8969 = CARTESIAN_POINT('',(28.5,77.54,0.));
#8970 = DIRECTION('',(-0.,0.,-1.));
#8971 = DIRECTION('',(-0.,-1.,0.));
#8972 = FACE_BOUND('',#8973,.F.);
#8973 = EDGE_LOOP('',(#8974));
#8974 = ORIENTED_EDGE('',*,*,#8975,.T.);
#8975 = EDGE_CURVE('',#8976,#8976,#8978,.T.);
#8976 = VERTEX_POINT('',#8977);
#8977 = CARTESIAN_POINT('',(28.5,79.6228,0.));
#8978 = CIRCLE('',#8979,0.4572);
#8979 = AXIS2_PLACEMENT_3D('',#8980,#8981,#8982);
#8980 = CARTESIAN_POINT('',(28.5,80.08,0.));
#8981 = DIRECTION('',(-0.,0.,-1.));
#8982 = DIRECTION('',(-0.,-1.,0.));
#8983 = FACE_BOUND('',#8984,.F.);
#8984 = EDGE_LOOP('',(#8985));
#8985 = ORIENTED_EDGE('',*,*,#8986,.T.);
#8986 = EDGE_CURVE('',#8987,#8987,#8989,.T.);
#8987 = VERTEX_POINT('',#8988);
#8988 = CARTESIAN_POINT('',(35.5,76.92,0.));
#8989 = CIRCLE('',#8990,0.5);
#8990 = AXIS2_PLACEMENT_3D('',#8991,#8992,#8993);
#8991 = CARTESIAN_POINT('',(35.5,77.42,0.));
#8992 = DIRECTION('',(-0.,0.,-1.));
#8993 = DIRECTION('',(-0.,-1.,0.));
#8994 = FACE_BOUND('',#8995,.F.);
#8995 = EDGE_LOOP('',(#8996));
#8996 = ORIENTED_EDGE('',*,*,#8997,.T.);
#8997 = EDGE_CURVE('',#8998,#8998,#9000,.T.);
#8998 = VERTEX_POINT('',#8999);
#8999 = CARTESIAN_POINT('',(35.5,79.46,0.));
#9000 = CIRCLE('',#9001,0.5);
#9001 = AXIS2_PLACEMENT_3D('',#9002,#9003,#9004);
#9002 = CARTESIAN_POINT('',(35.5,79.96,0.));
#9003 = DIRECTION('',(-0.,0.,-1.));
#9004 = DIRECTION('',(-0.,-1.,0.));
#9005 = FACE_BOUND('',#9006,.F.);
#9006 = EDGE_LOOP('',(#9007));
#9007 = ORIENTED_EDGE('',*,*,#9008,.T.);
#9008 = EDGE_CURVE('',#9009,#9009,#9011,.T.);
#9009 = VERTEX_POINT('',#9010);
#9010 = CARTESIAN_POINT('',(-17.,82.27,0.));
#9011 = CIRCLE('',#9012,0.5);
#9012 = AXIS2_PLACEMENT_3D('',#9013,#9014,#9015);
#9013 = CARTESIAN_POINT('',(-17.,82.77,0.));
#9014 = DIRECTION('',(-0.,0.,-1.));
#9015 = DIRECTION('',(-0.,-1.,0.));
#9016 = FACE_BOUND('',#9017,.F.);
#9017 = EDGE_LOOP('',(#9018));
#9018 = ORIENTED_EDGE('',*,*,#9019,.T.);
#9019 = EDGE_CURVE('',#9020,#9020,#9022,.T.);
#9020 = VERTEX_POINT('',#9021);
#9021 = CARTESIAN_POINT('',(-17.,84.81,0.));
#9022 = CIRCLE('',#9023,0.5);
#9023 = AXIS2_PLACEMENT_3D('',#9024,#9025,#9026);
#9024 = CARTESIAN_POINT('',(-17.,85.31,0.));
#9025 = DIRECTION('',(-0.,0.,-1.));
#9026 = DIRECTION('',(-0.,-1.,0.));
#9027 = FACE_BOUND('',#9028,.F.);
#9028 = EDGE_LOOP('',(#9029));
#9029 = ORIENTED_EDGE('',*,*,#9030,.T.);
#9030 = EDGE_CURVE('',#9031,#9031,#9033,.T.);
#9031 = VERTEX_POINT('',#9032);
#9032 = CARTESIAN_POINT('',(-17.,87.35,0.));
#9033 = CIRCLE('',#9034,0.5);
#9034 = AXIS2_PLACEMENT_3D('',#9035,#9036,#9037);
#9035 = CARTESIAN_POINT('',(-17.,87.85,0.));
#9036 = DIRECTION('',(-0.,0.,-1.));
#9037 = DIRECTION('',(-0.,-1.,0.));
#9038 = FACE_BOUND('',#9039,.F.);
#9039 = EDGE_LOOP('',(#9040));
#9040 = ORIENTED_EDGE('',*,*,#9041,.T.);
#9041 = EDGE_CURVE('',#9042,#9042,#9044,.T.);
#9042 = VERTEX_POINT('',#9043);
#9043 = CARTESIAN_POINT('',(5.64,82.1628,0.));
#9044 = CIRCLE('',#9045,0.4572);
#9045 = AXIS2_PLACEMENT_3D('',#9046,#9047,#9048);
#9046 = CARTESIAN_POINT('',(5.64,82.62,0.));
#9047 = DIRECTION('',(-0.,0.,-1.));
#9048 = DIRECTION('',(-1.942647462161E-15,-1.,0.));
#9049 = FACE_BOUND('',#9050,.F.);
#9050 = EDGE_LOOP('',(#9051));
#9051 = ORIENTED_EDGE('',*,*,#9052,.T.);
#9052 = EDGE_CURVE('',#9053,#9053,#9055,.T.);
#9053 = VERTEX_POINT('',#9054);
#9054 = CARTESIAN_POINT('',(5.64,84.7028,0.));
#9055 = CIRCLE('',#9056,0.4572);
#9056 = AXIS2_PLACEMENT_3D('',#9057,#9058,#9059);
#9057 = CARTESIAN_POINT('',(5.64,85.16,0.));
#9058 = DIRECTION('',(-0.,0.,-1.));
#9059 = DIRECTION('',(-1.942647462161E-15,-1.,0.));
#9060 = FACE_BOUND('',#9061,.F.);
#9061 = EDGE_LOOP('',(#9062));
#9062 = ORIENTED_EDGE('',*,*,#9063,.T.);
#9063 = EDGE_CURVE('',#9064,#9064,#9066,.T.);
#9064 = VERTEX_POINT('',#9065);
#9065 = CARTESIAN_POINT('',(5.64,87.2428,0.));
#9066 = CIRCLE('',#9067,0.4572);
#9067 = AXIS2_PLACEMENT_3D('',#9068,#9069,#9070);
#9068 = CARTESIAN_POINT('',(5.64,87.7,0.));
#9069 = DIRECTION('',(-0.,0.,-1.));
#9070 = DIRECTION('',(-1.942647462161E-15,-1.,0.));
#9071 = FACE_BOUND('',#9072,.F.);
#9072 = EDGE_LOOP('',(#9073));
#9073 = ORIENTED_EDGE('',*,*,#9074,.T.);
#9074 = EDGE_CURVE('',#9075,#9075,#9077,.T.);
#9075 = VERTEX_POINT('',#9076);
#9076 = CARTESIAN_POINT('',(5.64,89.7828,0.));
#9077 = CIRCLE('',#9078,0.4572);
#9078 = AXIS2_PLACEMENT_3D('',#9079,#9080,#9081);
#9079 = CARTESIAN_POINT('',(5.64,90.24,0.));
#9080 = DIRECTION('',(-0.,0.,-1.));
#9081 = DIRECTION('',(-1.942647462161E-15,-1.,0.));
#9082 = FACE_BOUND('',#9083,.F.);
#9083 = EDGE_LOOP('',(#9084));
#9084 = ORIENTED_EDGE('',*,*,#9085,.T.);
#9085 = EDGE_CURVE('',#9086,#9086,#9088,.T.);
#9086 = VERTEX_POINT('',#9087);
#9087 = CARTESIAN_POINT('',(5.64,92.3228,0.));
#9088 = CIRCLE('',#9089,0.4572);
#9089 = AXIS2_PLACEMENT_3D('',#9090,#9091,#9092);
#9090 = CARTESIAN_POINT('',(5.64,92.78,0.));
#9091 = DIRECTION('',(-0.,0.,-1.));
#9092 = DIRECTION('',(-1.942647462161E-15,-1.,0.));
#9093 = FACE_BOUND('',#9094,.F.);
#9094 = EDGE_LOOP('',(#9095));
#9095 = ORIENTED_EDGE('',*,*,#9096,.T.);
#9096 = EDGE_CURVE('',#9097,#9097,#9099,.T.);
#9097 = VERTEX_POINT('',#9098);
#9098 = CARTESIAN_POINT('',(5.64,94.8628,0.));
#9099 = CIRCLE('',#9100,0.4572);
#9100 = AXIS2_PLACEMENT_3D('',#9101,#9102,#9103);
#9101 = CARTESIAN_POINT('',(5.64,95.32,0.));
#9102 = DIRECTION('',(-0.,0.,-1.));
#9103 = DIRECTION('',(-1.942647462161E-15,-1.,0.));
#9104 = FACE_BOUND('',#9105,.F.);
#9105 = EDGE_LOOP('',(#9106));
#9106 = ORIENTED_EDGE('',*,*,#9107,.T.);
#9107 = EDGE_CURVE('',#9108,#9108,#9110,.T.);
#9108 = VERTEX_POINT('',#9109);
#9109 = CARTESIAN_POINT('',(5.64,97.4028,0.));
#9110 = CIRCLE('',#9111,0.4572);
#9111 = AXIS2_PLACEMENT_3D('',#9112,#9113,#9114);
#9112 = CARTESIAN_POINT('',(5.64,97.86,0.));
#9113 = DIRECTION('',(-0.,0.,-1.));
#9114 = DIRECTION('',(-1.942647462161E-15,-1.,0.));
#9115 = FACE_BOUND('',#9116,.F.);
#9116 = EDGE_LOOP('',(#9117));
#9117 = ORIENTED_EDGE('',*,*,#9118,.T.);
#9118 = EDGE_CURVE('',#9119,#9119,#9121,.T.);
#9119 = VERTEX_POINT('',#9120);
#9120 = CARTESIAN_POINT('',(5.64,99.9428,0.));
#9121 = CIRCLE('',#9122,0.4572);
#9122 = AXIS2_PLACEMENT_3D('',#9123,#9124,#9125);
#9123 = CARTESIAN_POINT('',(5.64,100.4,0.));
#9124 = DIRECTION('',(-0.,0.,-1.));
#9125 = DIRECTION('',(-1.942647462161E-15,-1.,0.));
#9126 = FACE_BOUND('',#9127,.F.);
#9127 = EDGE_LOOP('',(#9128));
#9128 = ORIENTED_EDGE('',*,*,#9129,.T.);
#9129 = EDGE_CURVE('',#9130,#9130,#9132,.T.);
#9130 = VERTEX_POINT('',#9131);
#9131 = CARTESIAN_POINT('',(5.64,102.4828,0.));
#9132 = CIRCLE('',#9133,0.4572);
#9133 = AXIS2_PLACEMENT_3D('',#9134,#9135,#9136);
#9134 = CARTESIAN_POINT('',(5.64,102.94,0.));
#9135 = DIRECTION('',(-0.,0.,-1.));
#9136 = DIRECTION('',(-1.942647462161E-15,-1.,0.));
#9137 = FACE_BOUND('',#9138,.F.);
#9138 = EDGE_LOOP('',(#9139));
#9139 = ORIENTED_EDGE('',*,*,#9140,.T.);
#9140 = EDGE_CURVE('',#9141,#9141,#9143,.T.);
#9141 = VERTEX_POINT('',#9142);
#9142 = CARTESIAN_POINT('',(5.64,105.0228,0.));
#9143 = CIRCLE('',#9144,0.4572);
#9144 = AXIS2_PLACEMENT_3D('',#9145,#9146,#9147);
#9145 = CARTESIAN_POINT('',(5.64,105.48,0.));
#9146 = DIRECTION('',(-0.,0.,-1.));
#9147 = DIRECTION('',(-1.942647462161E-15,-1.,0.));
#9148 = FACE_BOUND('',#9149,.F.);
#9149 = EDGE_LOOP('',(#9150));
#9150 = ORIENTED_EDGE('',*,*,#9151,.T.);
#9151 = EDGE_CURVE('',#9152,#9152,#9154,.T.);
#9152 = VERTEX_POINT('',#9153);
#9153 = CARTESIAN_POINT('',(28.5,82.1628,0.));
#9154 = CIRCLE('',#9155,0.4572);
#9155 = AXIS2_PLACEMENT_3D('',#9156,#9157,#9158);
#9156 = CARTESIAN_POINT('',(28.5,82.62,0.));
#9157 = DIRECTION('',(-0.,0.,-1.));
#9158 = DIRECTION('',(-0.,-1.,0.));
#9159 = FACE_BOUND('',#9160,.F.);
#9160 = EDGE_LOOP('',(#9161));
#9161 = ORIENTED_EDGE('',*,*,#9162,.T.);
#9162 = EDGE_CURVE('',#9163,#9163,#9165,.T.);
#9163 = VERTEX_POINT('',#9164);
#9164 = CARTESIAN_POINT('',(28.5,84.7028,0.));
#9165 = CIRCLE('',#9166,0.4572);
#9166 = AXIS2_PLACEMENT_3D('',#9167,#9168,#9169);
#9167 = CARTESIAN_POINT('',(28.5,85.16,0.));
#9168 = DIRECTION('',(-0.,0.,-1.));
#9169 = DIRECTION('',(-0.,-1.,0.));
#9170 = FACE_BOUND('',#9171,.F.);
#9171 = EDGE_LOOP('',(#9172));
#9172 = ORIENTED_EDGE('',*,*,#9173,.T.);
#9173 = EDGE_CURVE('',#9174,#9174,#9176,.T.);
#9174 = VERTEX_POINT('',#9175);
#9175 = CARTESIAN_POINT('',(28.5,87.2428,0.));
#9176 = CIRCLE('',#9177,0.4572);
#9177 = AXIS2_PLACEMENT_3D('',#9178,#9179,#9180);
#9178 = CARTESIAN_POINT('',(28.5,87.7,0.));
#9179 = DIRECTION('',(-0.,0.,-1.));
#9180 = DIRECTION('',(-0.,-1.,0.));
#9181 = FACE_BOUND('',#9182,.F.);
#9182 = EDGE_LOOP('',(#9183));
#9183 = ORIENTED_EDGE('',*,*,#9184,.T.);
#9184 = EDGE_CURVE('',#9185,#9185,#9187,.T.);
#9185 = VERTEX_POINT('',#9186);
#9186 = CARTESIAN_POINT('',(35.5,82.,0.));
#9187 = CIRCLE('',#9188,0.5);
#9188 = AXIS2_PLACEMENT_3D('',#9189,#9190,#9191);
#9189 = CARTESIAN_POINT('',(35.5,82.5,0.));
#9190 = DIRECTION('',(-0.,0.,-1.));
#9191 = DIRECTION('',(-0.,-1.,0.));
#9192 = FACE_BOUND('',#9193,.F.);
#9193 = EDGE_LOOP('',(#9194));
#9194 = ORIENTED_EDGE('',*,*,#9195,.T.);
#9195 = EDGE_CURVE('',#9196,#9196,#9198,.T.);
#9196 = VERTEX_POINT('',#9197);
#9197 = CARTESIAN_POINT('',(35.5,84.54,0.));
#9198 = CIRCLE('',#9199,0.5);
#9199 = AXIS2_PLACEMENT_3D('',#9200,#9201,#9202);
#9200 = CARTESIAN_POINT('',(35.5,85.04,0.));
#9201 = DIRECTION('',(-0.,0.,-1.));
#9202 = DIRECTION('',(-0.,-1.,0.));
#9203 = FACE_BOUND('',#9204,.F.);
#9204 = EDGE_LOOP('',(#9205));
#9205 = ORIENTED_EDGE('',*,*,#9206,.T.);
#9206 = EDGE_CURVE('',#9207,#9207,#9209,.T.);
#9207 = VERTEX_POINT('',#9208);
#9208 = CARTESIAN_POINT('',(35.5,87.08,0.));
#9209 = CIRCLE('',#9210,0.5);
#9210 = AXIS2_PLACEMENT_3D('',#9211,#9212,#9213);
#9211 = CARTESIAN_POINT('',(35.5,87.58,0.));
#9212 = DIRECTION('',(-0.,0.,-1.));
#9213 = DIRECTION('',(-0.,-1.,0.));
#9214 = FACE_BOUND('',#9215,.F.);
#9215 = EDGE_LOOP('',(#9216));
#9216 = ORIENTED_EDGE('',*,*,#9217,.T.);
#9217 = EDGE_CURVE('',#9218,#9218,#9220,.T.);
#9218 = VERTEX_POINT('',#9219);
#9219 = CARTESIAN_POINT('',(28.5,89.7828,0.));
#9220 = CIRCLE('',#9221,0.4572);
#9221 = AXIS2_PLACEMENT_3D('',#9222,#9223,#9224);
#9222 = CARTESIAN_POINT('',(28.5,90.24,0.));
#9223 = DIRECTION('',(-0.,0.,-1.));
#9224 = DIRECTION('',(-0.,-1.,0.));
#9225 = FACE_BOUND('',#9226,.F.);
#9226 = EDGE_LOOP('',(#9227));
#9227 = ORIENTED_EDGE('',*,*,#9228,.T.);
#9228 = EDGE_CURVE('',#9229,#9229,#9231,.T.);
#9229 = VERTEX_POINT('',#9230);
#9230 = CARTESIAN_POINT('',(28.5,92.3228,0.));
#9231 = CIRCLE('',#9232,0.4572);
#9232 = AXIS2_PLACEMENT_3D('',#9233,#9234,#9235);
#9233 = CARTESIAN_POINT('',(28.5,92.78,0.));
#9234 = DIRECTION('',(-0.,0.,-1.));
#9235 = DIRECTION('',(-0.,-1.,0.));
#9236 = FACE_BOUND('',#9237,.F.);
#9237 = EDGE_LOOP('',(#9238));
#9238 = ORIENTED_EDGE('',*,*,#9239,.T.);
#9239 = EDGE_CURVE('',#9240,#9240,#9242,.T.);
#9240 = VERTEX_POINT('',#9241);
#9241 = CARTESIAN_POINT('',(28.5,94.8628,0.));
#9242 = CIRCLE('',#9243,0.4572);
#9243 = AXIS2_PLACEMENT_3D('',#9244,#9245,#9246);
#9244 = CARTESIAN_POINT('',(28.5,95.32,0.));
#9245 = DIRECTION('',(-0.,0.,-1.));
#9246 = DIRECTION('',(-0.,-1.,0.));
#9247 = FACE_BOUND('',#9248,.F.);
#9248 = EDGE_LOOP('',(#9249));
#9249 = ORIENTED_EDGE('',*,*,#9250,.T.);
#9250 = EDGE_CURVE('',#9251,#9251,#9253,.T.);
#9251 = VERTEX_POINT('',#9252);
#9252 = CARTESIAN_POINT('',(28.5,97.4028,0.));
#9253 = CIRCLE('',#9254,0.4572);
#9254 = AXIS2_PLACEMENT_3D('',#9255,#9256,#9257);
#9255 = CARTESIAN_POINT('',(28.5,97.86,0.));
#9256 = DIRECTION('',(-0.,0.,-1.));
#9257 = DIRECTION('',(-0.,-1.,0.));
#9258 = FACE_BOUND('',#9259,.F.);
#9259 = EDGE_LOOP('',(#9260));
#9260 = ORIENTED_EDGE('',*,*,#9261,.T.);
#9261 = EDGE_CURVE('',#9262,#9262,#9264,.T.);
#9262 = VERTEX_POINT('',#9263);
#9263 = CARTESIAN_POINT('',(28.5,99.9428,0.));
#9264 = CIRCLE('',#9265,0.4572);
#9265 = AXIS2_PLACEMENT_3D('',#9266,#9267,#9268);
#9266 = CARTESIAN_POINT('',(28.5,100.4,0.));
#9267 = DIRECTION('',(-0.,0.,-1.));
#9268 = DIRECTION('',(-0.,-1.,0.));
#9269 = FACE_BOUND('',#9270,.F.);
#9270 = EDGE_LOOP('',(#9271));
#9271 = ORIENTED_EDGE('',*,*,#9272,.T.);
#9272 = EDGE_CURVE('',#9273,#9273,#9275,.T.);
#9273 = VERTEX_POINT('',#9274);
#9274 = CARTESIAN_POINT('',(35.5,97.,0.));
#9275 = CIRCLE('',#9276,0.5);
#9276 = AXIS2_PLACEMENT_3D('',#9277,#9278,#9279);
#9277 = CARTESIAN_POINT('',(35.5,97.5,0.));
#9278 = DIRECTION('',(-0.,0.,-1.));
#9279 = DIRECTION('',(-0.,-1.,0.));
#9280 = FACE_BOUND('',#9281,.F.);
#9281 = EDGE_LOOP('',(#9282));
#9282 = ORIENTED_EDGE('',*,*,#9283,.T.);
#9283 = EDGE_CURVE('',#9284,#9284,#9286,.T.);
#9284 = VERTEX_POINT('',#9285);
#9285 = CARTESIAN_POINT('',(35.5,99.54,0.));
#9286 = CIRCLE('',#9287,0.5);
#9287 = AXIS2_PLACEMENT_3D('',#9288,#9289,#9290);
#9288 = CARTESIAN_POINT('',(35.5,100.04,0.));
#9289 = DIRECTION('',(-0.,0.,-1.));
#9290 = DIRECTION('',(-0.,-1.,0.));
#9291 = FACE_BOUND('',#9292,.F.);
#9292 = EDGE_LOOP('',(#9293));
#9293 = ORIENTED_EDGE('',*,*,#9294,.T.);
#9294 = EDGE_CURVE('',#9295,#9295,#9297,.T.);
#9295 = VERTEX_POINT('',#9296);
#9296 = CARTESIAN_POINT('',(28.5,102.4828,0.));
#9297 = CIRCLE('',#9298,0.4572);
#9298 = AXIS2_PLACEMENT_3D('',#9299,#9300,#9301);
#9299 = CARTESIAN_POINT('',(28.5,102.94,0.));
#9300 = DIRECTION('',(-0.,0.,-1.));
#9301 = DIRECTION('',(-0.,-1.,0.));
#9302 = FACE_BOUND('',#9303,.F.);
#9303 = EDGE_LOOP('',(#9304));
#9304 = ORIENTED_EDGE('',*,*,#9305,.T.);
#9305 = EDGE_CURVE('',#9306,#9306,#9308,.T.);
#9306 = VERTEX_POINT('',#9307);
#9307 = CARTESIAN_POINT('',(28.5,105.0228,0.));
#9308 = CIRCLE('',#9309,0.4572);
#9309 = AXIS2_PLACEMENT_3D('',#9310,#9311,#9312);
#9310 = CARTESIAN_POINT('',(28.5,105.48,0.));
#9311 = DIRECTION('',(-0.,0.,-1.));
#9312 = DIRECTION('',(-0.,-1.,0.));
#9313 = FACE_BOUND('',#9314,.F.);
#9314 = EDGE_LOOP('',(#9315));
#9315 = ORIENTED_EDGE('',*,*,#9316,.T.);
#9316 = EDGE_CURVE('',#9317,#9317,#9319,.T.);
#9317 = VERTEX_POINT('',#9318);
#9318 = CARTESIAN_POINT('',(35.5,102.08,0.));
#9319 = CIRCLE('',#9320,0.5);
#9320 = AXIS2_PLACEMENT_3D('',#9321,#9322,#9323);
#9321 = CARTESIAN_POINT('',(35.5,102.58,0.));
#9322 = DIRECTION('',(-0.,0.,-1.));
#9323 = DIRECTION('',(-0.,-1.,0.));
#9324 = FACE_BOUND('',#9325,.F.);
#9325 = EDGE_LOOP('',(#9326));
#9326 = ORIENTED_EDGE('',*,*,#9327,.T.);
#9327 = EDGE_CURVE('',#9328,#9328,#9330,.T.);
#9328 = VERTEX_POINT('',#9329);
#9329 = CARTESIAN_POINT('',(35.5,104.62,0.));
#9330 = CIRCLE('',#9331,0.5);
#9331 = AXIS2_PLACEMENT_3D('',#9332,#9333,#9334);
#9332 = CARTESIAN_POINT('',(35.5,105.12,0.));
#9333 = DIRECTION('',(-0.,0.,-1.));
#9334 = DIRECTION('',(-0.,-1.,0.));
#9335 = FACE_BOUND('',#9336,.F.);
#9336 = EDGE_LOOP('',(#9337));
#9337 = ORIENTED_EDGE('',*,*,#9338,.T.);
#9338 = EDGE_CURVE('',#9339,#9339,#9341,.T.);
#9339 = VERTEX_POINT('',#9340);
#9340 = CARTESIAN_POINT('',(35.5,107.16,0.));
#9341 = CIRCLE('',#9342,0.5);
#9342 = AXIS2_PLACEMENT_3D('',#9343,#9344,#9345);
#9343 = CARTESIAN_POINT('',(35.5,107.66,0.));
#9344 = DIRECTION('',(-0.,0.,-1.));
#9345 = DIRECTION('',(-0.,-1.,0.));
#9346 = PLANE('',#9347);
#9347 = AXIS2_PLACEMENT_3D('',#9348,#9349,#9350);
#9348 = CARTESIAN_POINT('',(0.,0.,0.));
#9349 = DIRECTION('',(0.,0.,1.));
#9350 = DIRECTION('',(1.,0.,-0.));
#9351 = ADVANCED_FACE('',(#9352,#9363,#9374,#9385,#9396,#9407,#9418,
    #9429,#9440,#9451,#9462,#9473,#9484,#9495,#9506,#9517,#9528,#9539,
    #9550,#9561,#9572,#9583,#9594,#9605,#9616,#9627,#9638,#9649,#9660,
    #9671,#9682,#9693,#9704,#9715,#9726,#9737,#9748,#9759,#9770,#9781,
    #9792,#9803,#9814,#9825,#9836,#9847,#9858,#9869,#9880,#9891,#9902,
    #9913,#9924,#9935,#9946,#9957,#9968,#9979,#9990,#10001,#10012,#10023
    ),#10034,.T.);
#9352 = FACE_BOUND('',#9353,.T.);
#9353 = EDGE_LOOP('',(#9354,#9355,#9356,#9362));
#9354 = ORIENTED_EDGE('',*,*,#8575,.F.);
#9355 = ORIENTED_EDGE('',*,*,#8615,.F.);
#9356 = ORIENTED_EDGE('',*,*,#9357,.F.);
#9357 = EDGE_CURVE('',#8638,#8608,#9358,.T.);
#9358 = LINE('',#9359,#9360);
#9359 = CARTESIAN_POINT('',(-20.,110.,1.51));
#9360 = VECTOR('',#9361,1.);
#9361 = DIRECTION('',(1.,0.,0.));
#9362 = ORIENTED_EDGE('',*,*,#8637,.F.);
#9363 = FACE_BOUND('',#9364,.T.);
#9364 = EDGE_LOOP('',(#9365));
#9365 = ORIENTED_EDGE('',*,*,#9366,.T.);
#9366 = EDGE_CURVE('',#9367,#9367,#9369,.T.);
#9367 = VERTEX_POINT('',#9368);
#9368 = CARTESIAN_POINT('',(-7.5,60.045,1.51));
#9369 = CIRCLE('',#9370,0.875);
#9370 = AXIS2_PLACEMENT_3D('',#9371,#9372,#9373);
#9371 = CARTESIAN_POINT('',(-7.5,60.92,1.51));
#9372 = DIRECTION('',(-0.,0.,-1.));
#9373 = DIRECTION('',(-0.,-1.,0.));
#9374 = FACE_BOUND('',#9375,.T.);
#9375 = EDGE_LOOP('',(#9376));
#9376 = ORIENTED_EDGE('',*,*,#9377,.T.);
#9377 = EDGE_CURVE('',#9378,#9378,#9380,.T.);
#9378 = VERTEX_POINT('',#9379);
#9379 = CARTESIAN_POINT('',(-7.5,65.125,1.51));
#9380 = CIRCLE('',#9381,0.875);
#9381 = AXIS2_PLACEMENT_3D('',#9382,#9383,#9384);
#9382 = CARTESIAN_POINT('',(-7.5,66.,1.51));
#9383 = DIRECTION('',(-0.,0.,-1.));
#9384 = DIRECTION('',(-0.,-1.,0.));
#9385 = FACE_BOUND('',#9386,.T.);
#9386 = EDGE_LOOP('',(#9387));
#9387 = ORIENTED_EDGE('',*,*,#9388,.T.);
#9388 = EDGE_CURVE('',#9389,#9389,#9391,.T.);
#9389 = VERTEX_POINT('',#9390);
#9390 = CARTESIAN_POINT('',(5.64,59.3028,1.51));
#9391 = CIRCLE('',#9392,0.4572);
#9392 = AXIS2_PLACEMENT_3D('',#9393,#9394,#9395);
#9393 = CARTESIAN_POINT('',(5.64,59.76,1.51));
#9394 = DIRECTION('',(-0.,0.,-1.));
#9395 = DIRECTION('',(-1.942647462161E-15,-1.,0.));
#9396 = FACE_BOUND('',#9397,.T.);
#9397 = EDGE_LOOP('',(#9398));
#9398 = ORIENTED_EDGE('',*,*,#9399,.T.);
#9399 = EDGE_CURVE('',#9400,#9400,#9402,.T.);
#9400 = VERTEX_POINT('',#9401);
#9401 = CARTESIAN_POINT('',(5.64,61.8428,1.51));
#9402 = CIRCLE('',#9403,0.4572);
#9403 = AXIS2_PLACEMENT_3D('',#9404,#9405,#9406);
#9404 = CARTESIAN_POINT('',(5.64,62.3,1.51));
#9405 = DIRECTION('',(-0.,0.,-1.));
#9406 = DIRECTION('',(-1.942647462161E-15,-1.,0.));
#9407 = FACE_BOUND('',#9408,.T.);
#9408 = EDGE_LOOP('',(#9409));
#9409 = ORIENTED_EDGE('',*,*,#9410,.T.);
#9410 = EDGE_CURVE('',#9411,#9411,#9413,.T.);
#9411 = VERTEX_POINT('',#9412);
#9412 = CARTESIAN_POINT('',(5.64,64.3828,1.51));
#9413 = CIRCLE('',#9414,0.4572);
#9414 = AXIS2_PLACEMENT_3D('',#9415,#9416,#9417);
#9415 = CARTESIAN_POINT('',(5.64,64.84,1.51));
#9416 = DIRECTION('',(-0.,0.,-1.));
#9417 = DIRECTION('',(-1.942647462161E-15,-1.,0.));
#9418 = FACE_BOUND('',#9419,.T.);
#9419 = EDGE_LOOP('',(#9420));
#9420 = ORIENTED_EDGE('',*,*,#9421,.T.);
#9421 = EDGE_CURVE('',#9422,#9422,#9424,.T.);
#9422 = VERTEX_POINT('',#9423);
#9423 = CARTESIAN_POINT('',(5.64,66.9228,1.51));
#9424 = CIRCLE('',#9425,0.4572);
#9425 = AXIS2_PLACEMENT_3D('',#9426,#9427,#9428);
#9426 = CARTESIAN_POINT('',(5.64,67.38,1.51));
#9427 = DIRECTION('',(-0.,0.,-1.));
#9428 = DIRECTION('',(-1.942647462161E-15,-1.,0.));
#9429 = FACE_BOUND('',#9430,.T.);
#9430 = EDGE_LOOP('',(#9431));
#9431 = ORIENTED_EDGE('',*,*,#9432,.T.);
#9432 = EDGE_CURVE('',#9433,#9433,#9435,.T.);
#9433 = VERTEX_POINT('',#9434);
#9434 = CARTESIAN_POINT('',(-17.,74.65,1.51));
#9435 = CIRCLE('',#9436,0.5);
#9436 = AXIS2_PLACEMENT_3D('',#9437,#9438,#9439);
#9437 = CARTESIAN_POINT('',(-17.,75.15,1.51));
#9438 = DIRECTION('',(-0.,0.,-1.));
#9439 = DIRECTION('',(-0.,-1.,0.));
#9440 = FACE_BOUND('',#9441,.T.);
#9441 = EDGE_LOOP('',(#9442));
#9442 = ORIENTED_EDGE('',*,*,#9443,.T.);
#9443 = EDGE_CURVE('',#9444,#9444,#9446,.T.);
#9444 = VERTEX_POINT('',#9445);
#9445 = CARTESIAN_POINT('',(-17.,77.19,1.51));
#9446 = CIRCLE('',#9447,0.5);
#9447 = AXIS2_PLACEMENT_3D('',#9448,#9449,#9450);
#9448 = CARTESIAN_POINT('',(-17.,77.69,1.51));
#9449 = DIRECTION('',(-0.,0.,-1.));
#9450 = DIRECTION('',(-0.,-1.,0.));
#9451 = FACE_BOUND('',#9452,.T.);
#9452 = EDGE_LOOP('',(#9453));
#9453 = ORIENTED_EDGE('',*,*,#9454,.T.);
#9454 = EDGE_CURVE('',#9455,#9455,#9457,.T.);
#9455 = VERTEX_POINT('',#9456);
#9456 = CARTESIAN_POINT('',(-17.,79.73,1.51));
#9457 = CIRCLE('',#9458,0.5);
#9458 = AXIS2_PLACEMENT_3D('',#9459,#9460,#9461);
#9459 = CARTESIAN_POINT('',(-17.,80.23,1.51));
#9460 = DIRECTION('',(-0.,0.,-1.));
#9461 = DIRECTION('',(-0.,-1.,0.));
#9462 = FACE_BOUND('',#9463,.T.);
#9463 = EDGE_LOOP('',(#9464));
#9464 = ORIENTED_EDGE('',*,*,#9465,.T.);
#9465 = EDGE_CURVE('',#9466,#9466,#9468,.T.);
#9466 = VERTEX_POINT('',#9467);
#9467 = CARTESIAN_POINT('',(5.64,69.4628,1.51));
#9468 = CIRCLE('',#9469,0.4572);
#9469 = AXIS2_PLACEMENT_3D('',#9470,#9471,#9472);
#9470 = CARTESIAN_POINT('',(5.64,69.92,1.51));
#9471 = DIRECTION('',(-0.,0.,-1.));
#9472 = DIRECTION('',(-1.942647462161E-15,-1.,0.));
#9473 = FACE_BOUND('',#9474,.T.);
#9474 = EDGE_LOOP('',(#9475));
#9475 = ORIENTED_EDGE('',*,*,#9476,.T.);
#9476 = EDGE_CURVE('',#9477,#9477,#9479,.T.);
#9477 = VERTEX_POINT('',#9478);
#9478 = CARTESIAN_POINT('',(5.64,72.0028,1.51));
#9479 = CIRCLE('',#9480,0.4572);
#9480 = AXIS2_PLACEMENT_3D('',#9481,#9482,#9483);
#9481 = CARTESIAN_POINT('',(5.64,72.46,1.51));
#9482 = DIRECTION('',(-0.,0.,-1.));
#9483 = DIRECTION('',(-1.942647462161E-15,-1.,0.));
#9484 = FACE_BOUND('',#9485,.T.);
#9485 = EDGE_LOOP('',(#9486));
#9486 = ORIENTED_EDGE('',*,*,#9487,.T.);
#9487 = EDGE_CURVE('',#9488,#9488,#9490,.T.);
#9488 = VERTEX_POINT('',#9489);
#9489 = CARTESIAN_POINT('',(5.64,74.5428,1.51));
#9490 = CIRCLE('',#9491,0.4572);
#9491 = AXIS2_PLACEMENT_3D('',#9492,#9493,#9494);
#9492 = CARTESIAN_POINT('',(5.64,75.,1.51));
#9493 = DIRECTION('',(-0.,0.,-1.));
#9494 = DIRECTION('',(-1.942647462161E-15,-1.,0.));
#9495 = FACE_BOUND('',#9496,.T.);
#9496 = EDGE_LOOP('',(#9497));
#9497 = ORIENTED_EDGE('',*,*,#9498,.T.);
#9498 = EDGE_CURVE('',#9499,#9499,#9501,.T.);
#9499 = VERTEX_POINT('',#9500);
#9500 = CARTESIAN_POINT('',(5.64,77.0828,1.51));
#9501 = CIRCLE('',#9502,0.4572);
#9502 = AXIS2_PLACEMENT_3D('',#9503,#9504,#9505);
#9503 = CARTESIAN_POINT('',(5.64,77.54,1.51));
#9504 = DIRECTION('',(-0.,0.,-1.));
#9505 = DIRECTION('',(-1.942647462161E-15,-1.,0.));
#9506 = FACE_BOUND('',#9507,.T.);
#9507 = EDGE_LOOP('',(#9508));
#9508 = ORIENTED_EDGE('',*,*,#9509,.T.);
#9509 = EDGE_CURVE('',#9510,#9510,#9512,.T.);
#9510 = VERTEX_POINT('',#9511);
#9511 = CARTESIAN_POINT('',(5.64,79.6228,1.51));
#9512 = CIRCLE('',#9513,0.4572);
#9513 = AXIS2_PLACEMENT_3D('',#9514,#9515,#9516);
#9514 = CARTESIAN_POINT('',(5.64,80.08,1.51));
#9515 = DIRECTION('',(-0.,0.,-1.));
#9516 = DIRECTION('',(-1.942647462161E-15,-1.,0.));
#9517 = FACE_BOUND('',#9518,.T.);
#9518 = EDGE_LOOP('',(#9519));
#9519 = ORIENTED_EDGE('',*,*,#9520,.T.);
#9520 = EDGE_CURVE('',#9521,#9521,#9523,.T.);
#9521 = VERTEX_POINT('',#9522);
#9522 = CARTESIAN_POINT('',(28.5,59.3028,1.51));
#9523 = CIRCLE('',#9524,0.4572);
#9524 = AXIS2_PLACEMENT_3D('',#9525,#9526,#9527);
#9525 = CARTESIAN_POINT('',(28.5,59.76,1.51));
#9526 = DIRECTION('',(-0.,0.,-1.));
#9527 = DIRECTION('',(-0.,-1.,0.));
#9528 = FACE_BOUND('',#9529,.T.);
#9529 = EDGE_LOOP('',(#9530));
#9530 = ORIENTED_EDGE('',*,*,#9531,.T.);
#9531 = EDGE_CURVE('',#9532,#9532,#9534,.T.);
#9532 = VERTEX_POINT('',#9533);
#9533 = CARTESIAN_POINT('',(28.5,61.8428,1.51));
#9534 = CIRCLE('',#9535,0.4572);
#9535 = AXIS2_PLACEMENT_3D('',#9536,#9537,#9538);
#9536 = CARTESIAN_POINT('',(28.5,62.3,1.51));
#9537 = DIRECTION('',(-0.,0.,-1.));
#9538 = DIRECTION('',(-0.,-1.,0.));
#9539 = FACE_BOUND('',#9540,.T.);
#9540 = EDGE_LOOP('',(#9541));
#9541 = ORIENTED_EDGE('',*,*,#9542,.T.);
#9542 = EDGE_CURVE('',#9543,#9543,#9545,.T.);
#9543 = VERTEX_POINT('',#9544);
#9544 = CARTESIAN_POINT('',(35.5,56.42,1.51));
#9545 = CIRCLE('',#9546,0.5);
#9546 = AXIS2_PLACEMENT_3D('',#9547,#9548,#9549);
#9547 = CARTESIAN_POINT('',(35.5,56.92,1.51));
#9548 = DIRECTION('',(-0.,0.,-1.));
#9549 = DIRECTION('',(-0.,-1.,0.));
#9550 = FACE_BOUND('',#9551,.T.);
#9551 = EDGE_LOOP('',(#9552));
#9552 = ORIENTED_EDGE('',*,*,#9553,.T.);
#9553 = EDGE_CURVE('',#9554,#9554,#9556,.T.);
#9554 = VERTEX_POINT('',#9555);
#9555 = CARTESIAN_POINT('',(35.5,58.96,1.51));
#9556 = CIRCLE('',#9557,0.5);
#9557 = AXIS2_PLACEMENT_3D('',#9558,#9559,#9560);
#9558 = CARTESIAN_POINT('',(35.5,59.46,1.51));
#9559 = DIRECTION('',(-0.,0.,-1.));
#9560 = DIRECTION('',(-0.,-1.,0.));
#9561 = FACE_BOUND('',#9562,.T.);
#9562 = EDGE_LOOP('',(#9563));
#9563 = ORIENTED_EDGE('',*,*,#9564,.T.);
#9564 = EDGE_CURVE('',#9565,#9565,#9567,.T.);
#9565 = VERTEX_POINT('',#9566);
#9566 = CARTESIAN_POINT('',(35.5,61.5,1.51));
#9567 = CIRCLE('',#9568,0.5);
#9568 = AXIS2_PLACEMENT_3D('',#9569,#9570,#9571);
#9569 = CARTESIAN_POINT('',(35.5,62.,1.51));
#9570 = DIRECTION('',(-0.,0.,-1.));
#9571 = DIRECTION('',(-0.,-1.,0.));
#9572 = FACE_BOUND('',#9573,.T.);
#9573 = EDGE_LOOP('',(#9574));
#9574 = ORIENTED_EDGE('',*,*,#9575,.T.);
#9575 = EDGE_CURVE('',#9576,#9576,#9578,.T.);
#9576 = VERTEX_POINT('',#9577);
#9577 = CARTESIAN_POINT('',(28.5,64.3828,1.51));
#9578 = CIRCLE('',#9579,0.4572);
#9579 = AXIS2_PLACEMENT_3D('',#9580,#9581,#9582);
#9580 = CARTESIAN_POINT('',(28.5,64.84,1.51));
#9581 = DIRECTION('',(-0.,0.,-1.));
#9582 = DIRECTION('',(-0.,-1.,0.));
#9583 = FACE_BOUND('',#9584,.T.);
#9584 = EDGE_LOOP('',(#9585));
#9585 = ORIENTED_EDGE('',*,*,#9586,.T.);
#9586 = EDGE_CURVE('',#9587,#9587,#9589,.T.);
#9587 = VERTEX_POINT('',#9588);
#9588 = CARTESIAN_POINT('',(28.5,66.9228,1.51));
#9589 = CIRCLE('',#9590,0.4572);
#9590 = AXIS2_PLACEMENT_3D('',#9591,#9592,#9593);
#9591 = CARTESIAN_POINT('',(28.5,67.38,1.51));
#9592 = DIRECTION('',(-0.,0.,-1.));
#9593 = DIRECTION('',(-0.,-1.,0.));
#9594 = FACE_BOUND('',#9595,.T.);
#9595 = EDGE_LOOP('',(#9596));
#9596 = ORIENTED_EDGE('',*,*,#9597,.T.);
#9597 = EDGE_CURVE('',#9598,#9598,#9600,.T.);
#9598 = VERTEX_POINT('',#9599);
#9599 = CARTESIAN_POINT('',(35.5,64.04,1.51));
#9600 = CIRCLE('',#9601,0.5);
#9601 = AXIS2_PLACEMENT_3D('',#9602,#9603,#9604);
#9602 = CARTESIAN_POINT('',(35.5,64.54,1.51));
#9603 = DIRECTION('',(-0.,0.,-1.));
#9604 = DIRECTION('',(-0.,-1.,0.));
#9605 = FACE_BOUND('',#9606,.T.);
#9606 = EDGE_LOOP('',(#9607));
#9607 = ORIENTED_EDGE('',*,*,#9608,.T.);
#9608 = EDGE_CURVE('',#9609,#9609,#9611,.T.);
#9609 = VERTEX_POINT('',#9610);
#9610 = CARTESIAN_POINT('',(35.5,66.58,1.51));
#9611 = CIRCLE('',#9612,0.5);
#9612 = AXIS2_PLACEMENT_3D('',#9613,#9614,#9615);
#9613 = CARTESIAN_POINT('',(35.5,67.08,1.51));
#9614 = DIRECTION('',(-0.,0.,-1.));
#9615 = DIRECTION('',(-0.,-1.,0.));
#9616 = FACE_BOUND('',#9617,.T.);
#9617 = EDGE_LOOP('',(#9618));
#9618 = ORIENTED_EDGE('',*,*,#9619,.T.);
#9619 = EDGE_CURVE('',#9620,#9620,#9622,.T.);
#9620 = VERTEX_POINT('',#9621);
#9621 = CARTESIAN_POINT('',(28.5,69.4628,1.51));
#9622 = CIRCLE('',#9623,0.4572);
#9623 = AXIS2_PLACEMENT_3D('',#9624,#9625,#9626);
#9624 = CARTESIAN_POINT('',(28.5,69.92,1.51));
#9625 = DIRECTION('',(-0.,0.,-1.));
#9626 = DIRECTION('',(-0.,-1.,0.));
#9627 = FACE_BOUND('',#9628,.T.);
#9628 = EDGE_LOOP('',(#9629));
#9629 = ORIENTED_EDGE('',*,*,#9630,.T.);
#9630 = EDGE_CURVE('',#9631,#9631,#9633,.T.);
#9631 = VERTEX_POINT('',#9632);
#9632 = CARTESIAN_POINT('',(28.5,72.0028,1.51));
#9633 = CIRCLE('',#9634,0.4572);
#9634 = AXIS2_PLACEMENT_3D('',#9635,#9636,#9637);
#9635 = CARTESIAN_POINT('',(28.5,72.46,1.51));
#9636 = DIRECTION('',(-0.,0.,-1.));
#9637 = DIRECTION('',(-0.,-1.,0.));
#9638 = FACE_BOUND('',#9639,.T.);
#9639 = EDGE_LOOP('',(#9640));
#9640 = ORIENTED_EDGE('',*,*,#9641,.T.);
#9641 = EDGE_CURVE('',#9642,#9642,#9644,.T.);
#9642 = VERTEX_POINT('',#9643);
#9643 = CARTESIAN_POINT('',(28.5,74.5428,1.51));
#9644 = CIRCLE('',#9645,0.4572);
#9645 = AXIS2_PLACEMENT_3D('',#9646,#9647,#9648);
#9646 = CARTESIAN_POINT('',(28.5,75.,1.51));
#9647 = DIRECTION('',(-0.,0.,-1.));
#9648 = DIRECTION('',(-0.,-1.,0.));
#9649 = FACE_BOUND('',#9650,.T.);
#9650 = EDGE_LOOP('',(#9651));
#9651 = ORIENTED_EDGE('',*,*,#9652,.T.);
#9652 = EDGE_CURVE('',#9653,#9653,#9655,.T.);
#9653 = VERTEX_POINT('',#9654);
#9654 = CARTESIAN_POINT('',(28.5,77.0828,1.51));
#9655 = CIRCLE('',#9656,0.4572);
#9656 = AXIS2_PLACEMENT_3D('',#9657,#9658,#9659);
#9657 = CARTESIAN_POINT('',(28.5,77.54,1.51));
#9658 = DIRECTION('',(-0.,0.,-1.));
#9659 = DIRECTION('',(-0.,-1.,0.));
#9660 = FACE_BOUND('',#9661,.T.);
#9661 = EDGE_LOOP('',(#9662));
#9662 = ORIENTED_EDGE('',*,*,#9663,.T.);
#9663 = EDGE_CURVE('',#9664,#9664,#9666,.T.);
#9664 = VERTEX_POINT('',#9665);
#9665 = CARTESIAN_POINT('',(28.5,79.6228,1.51));
#9666 = CIRCLE('',#9667,0.4572);
#9667 = AXIS2_PLACEMENT_3D('',#9668,#9669,#9670);
#9668 = CARTESIAN_POINT('',(28.5,80.08,1.51));
#9669 = DIRECTION('',(-0.,0.,-1.));
#9670 = DIRECTION('',(-0.,-1.,0.));
#9671 = FACE_BOUND('',#9672,.T.);
#9672 = EDGE_LOOP('',(#9673));
#9673 = ORIENTED_EDGE('',*,*,#9674,.T.);
#9674 = EDGE_CURVE('',#9675,#9675,#9677,.T.);
#9675 = VERTEX_POINT('',#9676);
#9676 = CARTESIAN_POINT('',(35.5,76.92,1.51));
#9677 = CIRCLE('',#9678,0.5);
#9678 = AXIS2_PLACEMENT_3D('',#9679,#9680,#9681);
#9679 = CARTESIAN_POINT('',(35.5,77.42,1.51));
#9680 = DIRECTION('',(-0.,0.,-1.));
#9681 = DIRECTION('',(-0.,-1.,0.));
#9682 = FACE_BOUND('',#9683,.T.);
#9683 = EDGE_LOOP('',(#9684));
#9684 = ORIENTED_EDGE('',*,*,#9685,.T.);
#9685 = EDGE_CURVE('',#9686,#9686,#9688,.T.);
#9686 = VERTEX_POINT('',#9687);
#9687 = CARTESIAN_POINT('',(35.5,79.46,1.51));
#9688 = CIRCLE('',#9689,0.5);
#9689 = AXIS2_PLACEMENT_3D('',#9690,#9691,#9692);
#9690 = CARTESIAN_POINT('',(35.5,79.96,1.51));
#9691 = DIRECTION('',(-0.,0.,-1.));
#9692 = DIRECTION('',(-0.,-1.,0.));
#9693 = FACE_BOUND('',#9694,.T.);
#9694 = EDGE_LOOP('',(#9695));
#9695 = ORIENTED_EDGE('',*,*,#9696,.T.);
#9696 = EDGE_CURVE('',#9697,#9697,#9699,.T.);
#9697 = VERTEX_POINT('',#9698);
#9698 = CARTESIAN_POINT('',(-17.,82.27,1.51));
#9699 = CIRCLE('',#9700,0.5);
#9700 = AXIS2_PLACEMENT_3D('',#9701,#9702,#9703);
#9701 = CARTESIAN_POINT('',(-17.,82.77,1.51));
#9702 = DIRECTION('',(-0.,0.,-1.));
#9703 = DIRECTION('',(-0.,-1.,0.));
#9704 = FACE_BOUND('',#9705,.T.);
#9705 = EDGE_LOOP('',(#9706));
#9706 = ORIENTED_EDGE('',*,*,#9707,.T.);
#9707 = EDGE_CURVE('',#9708,#9708,#9710,.T.);
#9708 = VERTEX_POINT('',#9709);
#9709 = CARTESIAN_POINT('',(-17.,84.81,1.51));
#9710 = CIRCLE('',#9711,0.5);
#9711 = AXIS2_PLACEMENT_3D('',#9712,#9713,#9714);
#9712 = CARTESIAN_POINT('',(-17.,85.31,1.51));
#9713 = DIRECTION('',(-0.,0.,-1.));
#9714 = DIRECTION('',(-0.,-1.,0.));
#9715 = FACE_BOUND('',#9716,.T.);
#9716 = EDGE_LOOP('',(#9717));
#9717 = ORIENTED_EDGE('',*,*,#9718,.T.);
#9718 = EDGE_CURVE('',#9719,#9719,#9721,.T.);
#9719 = VERTEX_POINT('',#9720);
#9720 = CARTESIAN_POINT('',(-17.,87.35,1.51));
#9721 = CIRCLE('',#9722,0.5);
#9722 = AXIS2_PLACEMENT_3D('',#9723,#9724,#9725);
#9723 = CARTESIAN_POINT('',(-17.,87.85,1.51));
#9724 = DIRECTION('',(-0.,0.,-1.));
#9725 = DIRECTION('',(-0.,-1.,0.));
#9726 = FACE_BOUND('',#9727,.T.);
#9727 = EDGE_LOOP('',(#9728));
#9728 = ORIENTED_EDGE('',*,*,#9729,.T.);
#9729 = EDGE_CURVE('',#9730,#9730,#9732,.T.);
#9730 = VERTEX_POINT('',#9731);
#9731 = CARTESIAN_POINT('',(5.64,82.1628,1.51));
#9732 = CIRCLE('',#9733,0.4572);
#9733 = AXIS2_PLACEMENT_3D('',#9734,#9735,#9736);
#9734 = CARTESIAN_POINT('',(5.64,82.62,1.51));
#9735 = DIRECTION('',(-0.,0.,-1.));
#9736 = DIRECTION('',(-1.942647462161E-15,-1.,0.));
#9737 = FACE_BOUND('',#9738,.T.);
#9738 = EDGE_LOOP('',(#9739));
#9739 = ORIENTED_EDGE('',*,*,#9740,.T.);
#9740 = EDGE_CURVE('',#9741,#9741,#9743,.T.);
#9741 = VERTEX_POINT('',#9742);
#9742 = CARTESIAN_POINT('',(5.64,84.7028,1.51));
#9743 = CIRCLE('',#9744,0.4572);
#9744 = AXIS2_PLACEMENT_3D('',#9745,#9746,#9747);
#9745 = CARTESIAN_POINT('',(5.64,85.16,1.51));
#9746 = DIRECTION('',(-0.,0.,-1.));
#9747 = DIRECTION('',(-1.942647462161E-15,-1.,0.));
#9748 = FACE_BOUND('',#9749,.T.);
#9749 = EDGE_LOOP('',(#9750));
#9750 = ORIENTED_EDGE('',*,*,#9751,.T.);
#9751 = EDGE_CURVE('',#9752,#9752,#9754,.T.);
#9752 = VERTEX_POINT('',#9753);
#9753 = CARTESIAN_POINT('',(5.64,87.2428,1.51));
#9754 = CIRCLE('',#9755,0.4572);
#9755 = AXIS2_PLACEMENT_3D('',#9756,#9757,#9758);
#9756 = CARTESIAN_POINT('',(5.64,87.7,1.51));
#9757 = DIRECTION('',(-0.,0.,-1.));
#9758 = DIRECTION('',(-1.942647462161E-15,-1.,0.));
#9759 = FACE_BOUND('',#9760,.T.);
#9760 = EDGE_LOOP('',(#9761));
#9761 = ORIENTED_EDGE('',*,*,#9762,.T.);
#9762 = EDGE_CURVE('',#9763,#9763,#9765,.T.);
#9763 = VERTEX_POINT('',#9764);
#9764 = CARTESIAN_POINT('',(5.64,89.7828,1.51));
#9765 = CIRCLE('',#9766,0.4572);
#9766 = AXIS2_PLACEMENT_3D('',#9767,#9768,#9769);
#9767 = CARTESIAN_POINT('',(5.64,90.24,1.51));
#9768 = DIRECTION('',(-0.,0.,-1.));
#9769 = DIRECTION('',(-1.942647462161E-15,-1.,0.));
#9770 = FACE_BOUND('',#9771,.T.);
#9771 = EDGE_LOOP('',(#9772));
#9772 = ORIENTED_EDGE('',*,*,#9773,.T.);
#9773 = EDGE_CURVE('',#9774,#9774,#9776,.T.);
#9774 = VERTEX_POINT('',#9775);
#9775 = CARTESIAN_POINT('',(5.64,92.3228,1.51));
#9776 = CIRCLE('',#9777,0.4572);
#9777 = AXIS2_PLACEMENT_3D('',#9778,#9779,#9780);
#9778 = CARTESIAN_POINT('',(5.64,92.78,1.51));
#9779 = DIRECTION('',(-0.,0.,-1.));
#9780 = DIRECTION('',(-1.942647462161E-15,-1.,0.));
#9781 = FACE_BOUND('',#9782,.T.);
#9782 = EDGE_LOOP('',(#9783));
#9783 = ORIENTED_EDGE('',*,*,#9784,.T.);
#9784 = EDGE_CURVE('',#9785,#9785,#9787,.T.);
#9785 = VERTEX_POINT('',#9786);
#9786 = CARTESIAN_POINT('',(5.64,94.8628,1.51));
#9787 = CIRCLE('',#9788,0.4572);
#9788 = AXIS2_PLACEMENT_3D('',#9789,#9790,#9791);
#9789 = CARTESIAN_POINT('',(5.64,95.32,1.51));
#9790 = DIRECTION('',(-0.,0.,-1.));
#9791 = DIRECTION('',(-1.942647462161E-15,-1.,0.));
#9792 = FACE_BOUND('',#9793,.T.);
#9793 = EDGE_LOOP('',(#9794));
#9794 = ORIENTED_EDGE('',*,*,#9795,.T.);
#9795 = EDGE_CURVE('',#9796,#9796,#9798,.T.);
#9796 = VERTEX_POINT('',#9797);
#9797 = CARTESIAN_POINT('',(5.64,97.4028,1.51));
#9798 = CIRCLE('',#9799,0.4572);
#9799 = AXIS2_PLACEMENT_3D('',#9800,#9801,#9802);
#9800 = CARTESIAN_POINT('',(5.64,97.86,1.51));
#9801 = DIRECTION('',(-0.,0.,-1.));
#9802 = DIRECTION('',(-1.942647462161E-15,-1.,0.));
#9803 = FACE_BOUND('',#9804,.T.);
#9804 = EDGE_LOOP('',(#9805));
#9805 = ORIENTED_EDGE('',*,*,#9806,.T.);
#9806 = EDGE_CURVE('',#9807,#9807,#9809,.T.);
#9807 = VERTEX_POINT('',#9808);
#9808 = CARTESIAN_POINT('',(5.64,99.9428,1.51));
#9809 = CIRCLE('',#9810,0.4572);
#9810 = AXIS2_PLACEMENT_3D('',#9811,#9812,#9813);
#9811 = CARTESIAN_POINT('',(5.64,100.4,1.51));
#9812 = DIRECTION('',(-0.,0.,-1.));
#9813 = DIRECTION('',(-1.942647462161E-15,-1.,0.));
#9814 = FACE_BOUND('',#9815,.T.);
#9815 = EDGE_LOOP('',(#9816));
#9816 = ORIENTED_EDGE('',*,*,#9817,.T.);
#9817 = EDGE_CURVE('',#9818,#9818,#9820,.T.);
#9818 = VERTEX_POINT('',#9819);
#9819 = CARTESIAN_POINT('',(5.64,102.4828,1.51));
#9820 = CIRCLE('',#9821,0.4572);
#9821 = AXIS2_PLACEMENT_3D('',#9822,#9823,#9824);
#9822 = CARTESIAN_POINT('',(5.64,102.94,1.51));
#9823 = DIRECTION('',(-0.,0.,-1.));
#9824 = DIRECTION('',(-1.942647462161E-15,-1.,0.));
#9825 = FACE_BOUND('',#9826,.T.);
#9826 = EDGE_LOOP('',(#9827));
#9827 = ORIENTED_EDGE('',*,*,#9828,.T.);
#9828 = EDGE_CURVE('',#9829,#9829,#9831,.T.);
#9829 = VERTEX_POINT('',#9830);
#9830 = CARTESIAN_POINT('',(5.64,105.0228,1.51));
#9831 = CIRCLE('',#9832,0.4572);
#9832 = AXIS2_PLACEMENT_3D('',#9833,#9834,#9835);
#9833 = CARTESIAN_POINT('',(5.64,105.48,1.51));
#9834 = DIRECTION('',(-0.,0.,-1.));
#9835 = DIRECTION('',(-1.942647462161E-15,-1.,0.));
#9836 = FACE_BOUND('',#9837,.T.);
#9837 = EDGE_LOOP('',(#9838));
#9838 = ORIENTED_EDGE('',*,*,#9839,.T.);
#9839 = EDGE_CURVE('',#9840,#9840,#9842,.T.);
#9840 = VERTEX_POINT('',#9841);
#9841 = CARTESIAN_POINT('',(28.5,82.1628,1.51));
#9842 = CIRCLE('',#9843,0.4572);
#9843 = AXIS2_PLACEMENT_3D('',#9844,#9845,#9846);
#9844 = CARTESIAN_POINT('',(28.5,82.62,1.51));
#9845 = DIRECTION('',(-0.,0.,-1.));
#9846 = DIRECTION('',(-0.,-1.,0.));
#9847 = FACE_BOUND('',#9848,.T.);
#9848 = EDGE_LOOP('',(#9849));
#9849 = ORIENTED_EDGE('',*,*,#9850,.T.);
#9850 = EDGE_CURVE('',#9851,#9851,#9853,.T.);
#9851 = VERTEX_POINT('',#9852);
#9852 = CARTESIAN_POINT('',(28.5,84.7028,1.51));
#9853 = CIRCLE('',#9854,0.4572);
#9854 = AXIS2_PLACEMENT_3D('',#9855,#9856,#9857);
#9855 = CARTESIAN_POINT('',(28.5,85.16,1.51));
#9856 = DIRECTION('',(-0.,0.,-1.));
#9857 = DIRECTION('',(-0.,-1.,0.));
#9858 = FACE_BOUND('',#9859,.T.);
#9859 = EDGE_LOOP('',(#9860));
#9860 = ORIENTED_EDGE('',*,*,#9861,.T.);
#9861 = EDGE_CURVE('',#9862,#9862,#9864,.T.);
#9862 = VERTEX_POINT('',#9863);
#9863 = CARTESIAN_POINT('',(28.5,87.2428,1.51));
#9864 = CIRCLE('',#9865,0.4572);
#9865 = AXIS2_PLACEMENT_3D('',#9866,#9867,#9868);
#9866 = CARTESIAN_POINT('',(28.5,87.7,1.51));
#9867 = DIRECTION('',(-0.,0.,-1.));
#9868 = DIRECTION('',(-0.,-1.,0.));
#9869 = FACE_BOUND('',#9870,.T.);
#9870 = EDGE_LOOP('',(#9871));
#9871 = ORIENTED_EDGE('',*,*,#9872,.T.);
#9872 = EDGE_CURVE('',#9873,#9873,#9875,.T.);
#9873 = VERTEX_POINT('',#9874);
#9874 = CARTESIAN_POINT('',(35.5,82.,1.51));
#9875 = CIRCLE('',#9876,0.5);
#9876 = AXIS2_PLACEMENT_3D('',#9877,#9878,#9879);
#9877 = CARTESIAN_POINT('',(35.5,82.5,1.51));
#9878 = DIRECTION('',(-0.,0.,-1.));
#9879 = DIRECTION('',(-0.,-1.,0.));
#9880 = FACE_BOUND('',#9881,.T.);
#9881 = EDGE_LOOP('',(#9882));
#9882 = ORIENTED_EDGE('',*,*,#9883,.T.);
#9883 = EDGE_CURVE('',#9884,#9884,#9886,.T.);
#9884 = VERTEX_POINT('',#9885);
#9885 = CARTESIAN_POINT('',(35.5,84.54,1.51));
#9886 = CIRCLE('',#9887,0.5);
#9887 = AXIS2_PLACEMENT_3D('',#9888,#9889,#9890);
#9888 = CARTESIAN_POINT('',(35.5,85.04,1.51));
#9889 = DIRECTION('',(-0.,0.,-1.));
#9890 = DIRECTION('',(-0.,-1.,0.));
#9891 = FACE_BOUND('',#9892,.T.);
#9892 = EDGE_LOOP('',(#9893));
#9893 = ORIENTED_EDGE('',*,*,#9894,.T.);
#9894 = EDGE_CURVE('',#9895,#9895,#9897,.T.);
#9895 = VERTEX_POINT('',#9896);
#9896 = CARTESIAN_POINT('',(35.5,87.08,1.51));
#9897 = CIRCLE('',#9898,0.5);
#9898 = AXIS2_PLACEMENT_3D('',#9899,#9900,#9901);
#9899 = CARTESIAN_POINT('',(35.5,87.58,1.51));
#9900 = DIRECTION('',(-0.,0.,-1.));
#9901 = DIRECTION('',(-0.,-1.,0.));
#9902 = FACE_BOUND('',#9903,.T.);
#9903 = EDGE_LOOP('',(#9904));
#9904 = ORIENTED_EDGE('',*,*,#9905,.T.);
#9905 = EDGE_CURVE('',#9906,#9906,#9908,.T.);
#9906 = VERTEX_POINT('',#9907);
#9907 = CARTESIAN_POINT('',(28.5,89.7828,1.51));
#9908 = CIRCLE('',#9909,0.4572);
#9909 = AXIS2_PLACEMENT_3D('',#9910,#9911,#9912);
#9910 = CARTESIAN_POINT('',(28.5,90.24,1.51));
#9911 = DIRECTION('',(-0.,0.,-1.));
#9912 = DIRECTION('',(-0.,-1.,0.));
#9913 = FACE_BOUND('',#9914,.T.);
#9914 = EDGE_LOOP('',(#9915));
#9915 = ORIENTED_EDGE('',*,*,#9916,.T.);
#9916 = EDGE_CURVE('',#9917,#9917,#9919,.T.);
#9917 = VERTEX_POINT('',#9918);
#9918 = CARTESIAN_POINT('',(28.5,92.3228,1.51));
#9919 = CIRCLE('',#9920,0.4572);
#9920 = AXIS2_PLACEMENT_3D('',#9921,#9922,#9923);
#9921 = CARTESIAN_POINT('',(28.5,92.78,1.51));
#9922 = DIRECTION('',(-0.,0.,-1.));
#9923 = DIRECTION('',(-0.,-1.,0.));
#9924 = FACE_BOUND('',#9925,.T.);
#9925 = EDGE_LOOP('',(#9926));
#9926 = ORIENTED_EDGE('',*,*,#9927,.T.);
#9927 = EDGE_CURVE('',#9928,#9928,#9930,.T.);
#9928 = VERTEX_POINT('',#9929);
#9929 = CARTESIAN_POINT('',(28.5,94.8628,1.51));
#9930 = CIRCLE('',#9931,0.4572);
#9931 = AXIS2_PLACEMENT_3D('',#9932,#9933,#9934);
#9932 = CARTESIAN_POINT('',(28.5,95.32,1.51));
#9933 = DIRECTION('',(-0.,0.,-1.));
#9934 = DIRECTION('',(-0.,-1.,0.));
#9935 = FACE_BOUND('',#9936,.T.);
#9936 = EDGE_LOOP('',(#9937));
#9937 = ORIENTED_EDGE('',*,*,#9938,.T.);
#9938 = EDGE_CURVE('',#9939,#9939,#9941,.T.);
#9939 = VERTEX_POINT('',#9940);
#9940 = CARTESIAN_POINT('',(28.5,97.4028,1.51));
#9941 = CIRCLE('',#9942,0.4572);
#9942 = AXIS2_PLACEMENT_3D('',#9943,#9944,#9945);
#9943 = CARTESIAN_POINT('',(28.5,97.86,1.51));
#9944 = DIRECTION('',(-0.,0.,-1.));
#9945 = DIRECTION('',(-0.,-1.,0.));
#9946 = FACE_BOUND('',#9947,.T.);
#9947 = EDGE_LOOP('',(#9948));
#9948 = ORIENTED_EDGE('',*,*,#9949,.T.);
#9949 = EDGE_CURVE('',#9950,#9950,#9952,.T.);
#9950 = VERTEX_POINT('',#9951);
#9951 = CARTESIAN_POINT('',(28.5,99.9428,1.51));
#9952 = CIRCLE('',#9953,0.4572);
#9953 = AXIS2_PLACEMENT_3D('',#9954,#9955,#9956);
#9954 = CARTESIAN_POINT('',(28.5,100.4,1.51));
#9955 = DIRECTION('',(-0.,0.,-1.));
#9956 = DIRECTION('',(-0.,-1.,0.));
#9957 = FACE_BOUND('',#9958,.T.);
#9958 = EDGE_LOOP('',(#9959));
#9959 = ORIENTED_EDGE('',*,*,#9960,.T.);
#9960 = EDGE_CURVE('',#9961,#9961,#9963,.T.);
#9961 = VERTEX_POINT('',#9962);
#9962 = CARTESIAN_POINT('',(35.5,97.,1.51));
#9963 = CIRCLE('',#9964,0.5);
#9964 = AXIS2_PLACEMENT_3D('',#9965,#9966,#9967);
#9965 = CARTESIAN_POINT('',(35.5,97.5,1.51));
#9966 = DIRECTION('',(-0.,0.,-1.));
#9967 = DIRECTION('',(-0.,-1.,0.));
#9968 = FACE_BOUND('',#9969,.T.);
#9969 = EDGE_LOOP('',(#9970));
#9970 = ORIENTED_EDGE('',*,*,#9971,.T.);
#9971 = EDGE_CURVE('',#9972,#9972,#9974,.T.);
#9972 = VERTEX_POINT('',#9973);
#9973 = CARTESIAN_POINT('',(35.5,99.54,1.51));
#9974 = CIRCLE('',#9975,0.5);
#9975 = AXIS2_PLACEMENT_3D('',#9976,#9977,#9978);
#9976 = CARTESIAN_POINT('',(35.5,100.04,1.51));
#9977 = DIRECTION('',(-0.,0.,-1.));
#9978 = DIRECTION('',(-0.,-1.,0.));
#9979 = FACE_BOUND('',#9980,.T.);
#9980 = EDGE_LOOP('',(#9981));
#9981 = ORIENTED_EDGE('',*,*,#9982,.T.);
#9982 = EDGE_CURVE('',#9983,#9983,#9985,.T.);
#9983 = VERTEX_POINT('',#9984);
#9984 = CARTESIAN_POINT('',(28.5,102.4828,1.51));
#9985 = CIRCLE('',#9986,0.4572);
#9986 = AXIS2_PLACEMENT_3D('',#9987,#9988,#9989);
#9987 = CARTESIAN_POINT('',(28.5,102.94,1.51));
#9988 = DIRECTION('',(-0.,0.,-1.));
#9989 = DIRECTION('',(-0.,-1.,0.));
#9990 = FACE_BOUND('',#9991,.T.);
#9991 = EDGE_LOOP('',(#9992));
#9992 = ORIENTED_EDGE('',*,*,#9993,.T.);
#9993 = EDGE_CURVE('',#9994,#9994,#9996,.T.);
#9994 = VERTEX_POINT('',#9995);
#9995 = CARTESIAN_POINT('',(28.5,105.0228,1.51));
#9996 = CIRCLE('',#9997,0.4572);
#9997 = AXIS2_PLACEMENT_3D('',#9998,#9999,#10000);
#9998 = CARTESIAN_POINT('',(28.5,105.48,1.51));
#9999 = DIRECTION('',(-0.,0.,-1.));
#10000 = DIRECTION('',(-0.,-1.,0.));
#10001 = FACE_BOUND('',#10002,.T.);
#10002 = EDGE_LOOP('',(#10003));
#10003 = ORIENTED_EDGE('',*,*,#10004,.T.);
#10004 = EDGE_CURVE('',#10005,#10005,#10007,.T.);
#10005 = VERTEX_POINT('',#10006);
#10006 = CARTESIAN_POINT('',(35.5,102.08,1.51));
#10007 = CIRCLE('',#10008,0.5);
#10008 = AXIS2_PLACEMENT_3D('',#10009,#10010,#10011);
#10009 = CARTESIAN_POINT('',(35.5,102.58,1.51));
#10010 = DIRECTION('',(-0.,0.,-1.));
#10011 = DIRECTION('',(-0.,-1.,0.));
#10012 = FACE_BOUND('',#10013,.T.);
#10013 = EDGE_LOOP('',(#10014));
#10014 = ORIENTED_EDGE('',*,*,#10015,.T.);
#10015 = EDGE_CURVE('',#10016,#10016,#10018,.T.);
#10016 = VERTEX_POINT('',#10017);
#10017 = CARTESIAN_POINT('',(35.5,104.62,1.51));
#10018 = CIRCLE('',#10019,0.5);
#10019 = AXIS2_PLACEMENT_3D('',#10020,#10021,#10022);
#10020 = CARTESIAN_POINT('',(35.5,105.12,1.51));
#10021 = DIRECTION('',(-0.,0.,-1.));
#10022 = DIRECTION('',(-0.,-1.,0.));
#10023 = FACE_BOUND('',#10024,.T.);
#10024 = EDGE_LOOP('',(#10025));
#10025 = ORIENTED_EDGE('',*,*,#10026,.T.);
#10026 = EDGE_CURVE('',#10027,#10027,#10029,.T.);
#10027 = VERTEX_POINT('',#10028);
#10028 = CARTESIAN_POINT('',(35.5,107.16,1.51));
#10029 = CIRCLE('',#10030,0.5);
#10030 = AXIS2_PLACEMENT_3D('',#10031,#10032,#10033);
#10031 = CARTESIAN_POINT('',(35.5,107.66,1.51));
#10032 = DIRECTION('',(-0.,0.,-1.));
#10033 = DIRECTION('',(-0.,-1.,0.));
#10034 = PLANE('',#10035);
#10035 = AXIS2_PLACEMENT_3D('',#10036,#10037,#10038);
#10036 = CARTESIAN_POINT('',(0.,0.,1.51));
#10037 = DIRECTION('',(0.,0.,1.));
#10038 = DIRECTION('',(1.,0.,-0.));
#10039 = ADVANCED_FACE('',(#10040),#10046,.T.);
#10040 = FACE_BOUND('',#10041,.T.);
#10041 = EDGE_LOOP('',(#10042,#10043,#10044,#10045));
#10042 = ORIENTED_EDGE('',*,*,#8645,.T.);
#10043 = ORIENTED_EDGE('',*,*,#9357,.T.);
#10044 = ORIENTED_EDGE('',*,*,#8605,.F.);
#10045 = ORIENTED_EDGE('',*,*,#8669,.F.);
#10046 = PLANE('',#10047);
#10047 = AXIS2_PLACEMENT_3D('',#10048,#10049,#10050);
#10048 = CARTESIAN_POINT('',(-20.,110.,0.));
#10049 = DIRECTION('',(0.,1.,0.));
#10050 = DIRECTION('',(1.,0.,0.));
#10051 = ADVANCED_FACE('',(#10052),#10063,.F.);
#10052 = FACE_BOUND('',#10053,.T.);
#10053 = EDGE_LOOP('',(#10054,#10055,#10061,#10062));
#10054 = ORIENTED_EDGE('',*,*,#8678,.T.);
#10055 = ORIENTED_EDGE('',*,*,#10056,.T.);
#10056 = EDGE_CURVE('',#8679,#9367,#10057,.T.);
#10057 = LINE('',#10058,#10059);
#10058 = CARTESIAN_POINT('',(-7.5,60.045,-4.6E-02));
#10059 = VECTOR('',#10060,1.);
#10060 = DIRECTION('',(0.,0.,1.));
#10061 = ORIENTED_EDGE('',*,*,#9366,.F.);
#10062 = ORIENTED_EDGE('',*,*,#10056,.F.);
#10063 = CYLINDRICAL_SURFACE('',#10064,0.875);
#10064 = AXIS2_PLACEMENT_3D('',#10065,#10066,#10067);
#10065 = CARTESIAN_POINT('',(-7.5,60.92,-4.6E-02));
#10066 = DIRECTION('',(-0.,-0.,-1.));
#10067 = DIRECTION('',(-0.,-1.,0.));
#10068 = ADVANCED_FACE('',(#10069),#10080,.F.);
#10069 = FACE_BOUND('',#10070,.T.);
#10070 = EDGE_LOOP('',(#10071,#10072,#10078,#10079));
#10071 = ORIENTED_EDGE('',*,*,#8689,.T.);
#10072 = ORIENTED_EDGE('',*,*,#10073,.T.);
#10073 = EDGE_CURVE('',#8690,#9378,#10074,.T.);
#10074 = LINE('',#10075,#10076);
#10075 = CARTESIAN_POINT('',(-7.5,65.125,-4.6E-02));
#10076 = VECTOR('',#10077,1.);
#10077 = DIRECTION('',(0.,0.,1.));
#10078 = ORIENTED_EDGE('',*,*,#9377,.F.);
#10079 = ORIENTED_EDGE('',*,*,#10073,.F.);
#10080 = CYLINDRICAL_SURFACE('',#10081,0.875);
#10081 = AXIS2_PLACEMENT_3D('',#10082,#10083,#10084);
#10082 = CARTESIAN_POINT('',(-7.5,66.,-4.6E-02));
#10083 = DIRECTION('',(-0.,-0.,-1.));
#10084 = DIRECTION('',(-0.,-1.,0.));
#10085 = ADVANCED_FACE('',(#10086),#10097,.F.);
#10086 = FACE_BOUND('',#10087,.T.);
#10087 = EDGE_LOOP('',(#10088,#10089,#10095,#10096));
#10088 = ORIENTED_EDGE('',*,*,#8700,.T.);
#10089 = ORIENTED_EDGE('',*,*,#10090,.T.);
#10090 = EDGE_CURVE('',#8701,#9389,#10091,.T.);
#10091 = LINE('',#10092,#10093);
#10092 = CARTESIAN_POINT('',(5.64,59.3028,-4.6E-02));
#10093 = VECTOR('',#10094,1.);
#10094 = DIRECTION('',(0.,0.,1.));
#10095 = ORIENTED_EDGE('',*,*,#9388,.F.);
#10096 = ORIENTED_EDGE('',*,*,#10090,.F.);
#10097 = CYLINDRICAL_SURFACE('',#10098,0.4572);
#10098 = AXIS2_PLACEMENT_3D('',#10099,#10100,#10101);
#10099 = CARTESIAN_POINT('',(5.64,59.76,-4.6E-02));
#10100 = DIRECTION('',(-0.,-0.,-1.));
#10101 = DIRECTION('',(-1.942647462161E-15,-1.,0.));
#10102 = ADVANCED_FACE('',(#10103),#10114,.F.);
#10103 = FACE_BOUND('',#10104,.T.);
#10104 = EDGE_LOOP('',(#10105,#10106,#10112,#10113));
#10105 = ORIENTED_EDGE('',*,*,#8711,.T.);
#10106 = ORIENTED_EDGE('',*,*,#10107,.T.);
#10107 = EDGE_CURVE('',#8712,#9400,#10108,.T.);
#10108 = LINE('',#10109,#10110);
#10109 = CARTESIAN_POINT('',(5.64,61.8428,-4.6E-02));
#10110 = VECTOR('',#10111,1.);
#10111 = DIRECTION('',(0.,0.,1.));
#10112 = ORIENTED_EDGE('',*,*,#9399,.F.);
#10113 = ORIENTED_EDGE('',*,*,#10107,.F.);
#10114 = CYLINDRICAL_SURFACE('',#10115,0.4572);
#10115 = AXIS2_PLACEMENT_3D('',#10116,#10117,#10118);
#10116 = CARTESIAN_POINT('',(5.64,62.3,-4.6E-02));
#10117 = DIRECTION('',(-0.,-0.,-1.));
#10118 = DIRECTION('',(-1.942647462161E-15,-1.,0.));
#10119 = ADVANCED_FACE('',(#10120),#10131,.F.);
#10120 = FACE_BOUND('',#10121,.T.);
#10121 = EDGE_LOOP('',(#10122,#10123,#10129,#10130));
#10122 = ORIENTED_EDGE('',*,*,#8722,.T.);
#10123 = ORIENTED_EDGE('',*,*,#10124,.T.);
#10124 = EDGE_CURVE('',#8723,#9411,#10125,.T.);
#10125 = LINE('',#10126,#10127);
#10126 = CARTESIAN_POINT('',(5.64,64.3828,-4.6E-02));
#10127 = VECTOR('',#10128,1.);
#10128 = DIRECTION('',(0.,0.,1.));
#10129 = ORIENTED_EDGE('',*,*,#9410,.F.);
#10130 = ORIENTED_EDGE('',*,*,#10124,.F.);
#10131 = CYLINDRICAL_SURFACE('',#10132,0.4572);
#10132 = AXIS2_PLACEMENT_3D('',#10133,#10134,#10135);
#10133 = CARTESIAN_POINT('',(5.64,64.84,-4.6E-02));
#10134 = DIRECTION('',(-0.,-0.,-1.));
#10135 = DIRECTION('',(-1.942647462161E-15,-1.,0.));
#10136 = ADVANCED_FACE('',(#10137),#10148,.F.);
#10137 = FACE_BOUND('',#10138,.T.);
#10138 = EDGE_LOOP('',(#10139,#10140,#10146,#10147));
#10139 = ORIENTED_EDGE('',*,*,#8733,.T.);
#10140 = ORIENTED_EDGE('',*,*,#10141,.T.);
#10141 = EDGE_CURVE('',#8734,#9422,#10142,.T.);
#10142 = LINE('',#10143,#10144);
#10143 = CARTESIAN_POINT('',(5.64,66.9228,-4.6E-02));
#10144 = VECTOR('',#10145,1.);
#10145 = DIRECTION('',(0.,0.,1.));
#10146 = ORIENTED_EDGE('',*,*,#9421,.F.);
#10147 = ORIENTED_EDGE('',*,*,#10141,.F.);
#10148 = CYLINDRICAL_SURFACE('',#10149,0.4572);
#10149 = AXIS2_PLACEMENT_3D('',#10150,#10151,#10152);
#10150 = CARTESIAN_POINT('',(5.64,67.38,-4.6E-02));
#10151 = DIRECTION('',(-0.,-0.,-1.));
#10152 = DIRECTION('',(-1.942647462161E-15,-1.,0.));
#10153 = ADVANCED_FACE('',(#10154),#10165,.F.);
#10154 = FACE_BOUND('',#10155,.T.);
#10155 = EDGE_LOOP('',(#10156,#10157,#10163,#10164));
#10156 = ORIENTED_EDGE('',*,*,#8744,.T.);
#10157 = ORIENTED_EDGE('',*,*,#10158,.T.);
#10158 = EDGE_CURVE('',#8745,#9433,#10159,.T.);
#10159 = LINE('',#10160,#10161);
#10160 = CARTESIAN_POINT('',(-17.,74.65,-4.6E-02));
#10161 = VECTOR('',#10162,1.);
#10162 = DIRECTION('',(0.,0.,1.));
#10163 = ORIENTED_EDGE('',*,*,#9432,.F.);
#10164 = ORIENTED_EDGE('',*,*,#10158,.F.);
#10165 = CYLINDRICAL_SURFACE('',#10166,0.5);
#10166 = AXIS2_PLACEMENT_3D('',#10167,#10168,#10169);
#10167 = CARTESIAN_POINT('',(-17.,75.15,-4.6E-02));
#10168 = DIRECTION('',(-0.,-0.,-1.));
#10169 = DIRECTION('',(-0.,-1.,0.));
#10170 = ADVANCED_FACE('',(#10171),#10182,.F.);
#10171 = FACE_BOUND('',#10172,.T.);
#10172 = EDGE_LOOP('',(#10173,#10174,#10180,#10181));
#10173 = ORIENTED_EDGE('',*,*,#8755,.T.);
#10174 = ORIENTED_EDGE('',*,*,#10175,.T.);
#10175 = EDGE_CURVE('',#8756,#9444,#10176,.T.);
#10176 = LINE('',#10177,#10178);
#10177 = CARTESIAN_POINT('',(-17.,77.19,-4.6E-02));
#10178 = VECTOR('',#10179,1.);
#10179 = DIRECTION('',(0.,0.,1.));
#10180 = ORIENTED_EDGE('',*,*,#9443,.F.);
#10181 = ORIENTED_EDGE('',*,*,#10175,.F.);
#10182 = CYLINDRICAL_SURFACE('',#10183,0.5);
#10183 = AXIS2_PLACEMENT_3D('',#10184,#10185,#10186);
#10184 = CARTESIAN_POINT('',(-17.,77.69,-4.6E-02));
#10185 = DIRECTION('',(-0.,-0.,-1.));
#10186 = DIRECTION('',(-0.,-1.,0.));
#10187 = ADVANCED_FACE('',(#10188),#10199,.F.);
#10188 = FACE_BOUND('',#10189,.T.);
#10189 = EDGE_LOOP('',(#10190,#10191,#10197,#10198));
#10190 = ORIENTED_EDGE('',*,*,#8766,.T.);
#10191 = ORIENTED_EDGE('',*,*,#10192,.T.);
#10192 = EDGE_CURVE('',#8767,#9455,#10193,.T.);
#10193 = LINE('',#10194,#10195);
#10194 = CARTESIAN_POINT('',(-17.,79.73,-4.6E-02));
#10195 = VECTOR('',#10196,1.);
#10196 = DIRECTION('',(0.,0.,1.));
#10197 = ORIENTED_EDGE('',*,*,#9454,.F.);
#10198 = ORIENTED_EDGE('',*,*,#10192,.F.);
#10199 = CYLINDRICAL_SURFACE('',#10200,0.5);
#10200 = AXIS2_PLACEMENT_3D('',#10201,#10202,#10203);
#10201 = CARTESIAN_POINT('',(-17.,80.23,-4.6E-02));
#10202 = DIRECTION('',(-0.,-0.,-1.));
#10203 = DIRECTION('',(-0.,-1.,0.));
#10204 = ADVANCED_FACE('',(#10205),#10216,.F.);
#10205 = FACE_BOUND('',#10206,.T.);
#10206 = EDGE_LOOP('',(#10207,#10208,#10214,#10215));
#10207 = ORIENTED_EDGE('',*,*,#8777,.T.);
#10208 = ORIENTED_EDGE('',*,*,#10209,.T.);
#10209 = EDGE_CURVE('',#8778,#9466,#10210,.T.);
#10210 = LINE('',#10211,#10212);
#10211 = CARTESIAN_POINT('',(5.64,69.4628,-4.6E-02));
#10212 = VECTOR('',#10213,1.);
#10213 = DIRECTION('',(0.,0.,1.));
#10214 = ORIENTED_EDGE('',*,*,#9465,.F.);
#10215 = ORIENTED_EDGE('',*,*,#10209,.F.);
#10216 = CYLINDRICAL_SURFACE('',#10217,0.4572);
#10217 = AXIS2_PLACEMENT_3D('',#10218,#10219,#10220);
#10218 = CARTESIAN_POINT('',(5.64,69.92,-4.6E-02));
#10219 = DIRECTION('',(-0.,-0.,-1.));
#10220 = DIRECTION('',(-1.942647462161E-15,-1.,0.));
#10221 = ADVANCED_FACE('',(#10222),#10233,.F.);
#10222 = FACE_BOUND('',#10223,.T.);
#10223 = EDGE_LOOP('',(#10224,#10225,#10231,#10232));
#10224 = ORIENTED_EDGE('',*,*,#8788,.T.);
#10225 = ORIENTED_EDGE('',*,*,#10226,.T.);
#10226 = EDGE_CURVE('',#8789,#9477,#10227,.T.);
#10227 = LINE('',#10228,#10229);
#10228 = CARTESIAN_POINT('',(5.64,72.0028,-4.6E-02));
#10229 = VECTOR('',#10230,1.);
#10230 = DIRECTION('',(0.,0.,1.));
#10231 = ORIENTED_EDGE('',*,*,#9476,.F.);
#10232 = ORIENTED_EDGE('',*,*,#10226,.F.);
#10233 = CYLINDRICAL_SURFACE('',#10234,0.4572);
#10234 = AXIS2_PLACEMENT_3D('',#10235,#10236,#10237);
#10235 = CARTESIAN_POINT('',(5.64,72.46,-4.6E-02));
#10236 = DIRECTION('',(-0.,-0.,-1.));
#10237 = DIRECTION('',(-1.942647462161E-15,-1.,0.));
#10238 = ADVANCED_FACE('',(#10239),#10250,.F.);
#10239 = FACE_BOUND('',#10240,.T.);
#10240 = EDGE_LOOP('',(#10241,#10242,#10248,#10249));
#10241 = ORIENTED_EDGE('',*,*,#8799,.T.);
#10242 = ORIENTED_EDGE('',*,*,#10243,.T.);
#10243 = EDGE_CURVE('',#8800,#9488,#10244,.T.);
#10244 = LINE('',#10245,#10246);
#10245 = CARTESIAN_POINT('',(5.64,74.5428,-4.6E-02));
#10246 = VECTOR('',#10247,1.);
#10247 = DIRECTION('',(0.,0.,1.));
#10248 = ORIENTED_EDGE('',*,*,#9487,.F.);
#10249 = ORIENTED_EDGE('',*,*,#10243,.F.);
#10250 = CYLINDRICAL_SURFACE('',#10251,0.4572);
#10251 = AXIS2_PLACEMENT_3D('',#10252,#10253,#10254);
#10252 = CARTESIAN_POINT('',(5.64,75.,-4.6E-02));
#10253 = DIRECTION('',(-0.,-0.,-1.));
#10254 = DIRECTION('',(-1.942647462161E-15,-1.,0.));
#10255 = ADVANCED_FACE('',(#10256),#10267,.F.);
#10256 = FACE_BOUND('',#10257,.T.);
#10257 = EDGE_LOOP('',(#10258,#10259,#10265,#10266));
#10258 = ORIENTED_EDGE('',*,*,#8810,.T.);
#10259 = ORIENTED_EDGE('',*,*,#10260,.T.);
#10260 = EDGE_CURVE('',#8811,#9499,#10261,.T.);
#10261 = LINE('',#10262,#10263);
#10262 = CARTESIAN_POINT('',(5.64,77.0828,-4.6E-02));
#10263 = VECTOR('',#10264,1.);
#10264 = DIRECTION('',(0.,0.,1.));
#10265 = ORIENTED_EDGE('',*,*,#9498,.F.);
#10266 = ORIENTED_EDGE('',*,*,#10260,.F.);
#10267 = CYLINDRICAL_SURFACE('',#10268,0.4572);
#10268 = AXIS2_PLACEMENT_3D('',#10269,#10270,#10271);
#10269 = CARTESIAN_POINT('',(5.64,77.54,-4.6E-02));
#10270 = DIRECTION('',(-0.,-0.,-1.));
#10271 = DIRECTION('',(-1.942647462161E-15,-1.,0.));
#10272 = ADVANCED_FACE('',(#10273),#10284,.F.);
#10273 = FACE_BOUND('',#10274,.T.);
#10274 = EDGE_LOOP('',(#10275,#10276,#10282,#10283));
#10275 = ORIENTED_EDGE('',*,*,#8821,.T.);
#10276 = ORIENTED_EDGE('',*,*,#10277,.T.);
#10277 = EDGE_CURVE('',#8822,#9510,#10278,.T.);
#10278 = LINE('',#10279,#10280);
#10279 = CARTESIAN_POINT('',(5.64,79.6228,-4.6E-02));
#10280 = VECTOR('',#10281,1.);
#10281 = DIRECTION('',(0.,0.,1.));
#10282 = ORIENTED_EDGE('',*,*,#9509,.F.);
#10283 = ORIENTED_EDGE('',*,*,#10277,.F.);
#10284 = CYLINDRICAL_SURFACE('',#10285,0.4572);
#10285 = AXIS2_PLACEMENT_3D('',#10286,#10287,#10288);
#10286 = CARTESIAN_POINT('',(5.64,80.08,-4.6E-02));
#10287 = DIRECTION('',(-0.,-0.,-1.));
#10288 = DIRECTION('',(-1.942647462161E-15,-1.,0.));
#10289 = ADVANCED_FACE('',(#10290),#10301,.F.);
#10290 = FACE_BOUND('',#10291,.T.);
#10291 = EDGE_LOOP('',(#10292,#10293,#10299,#10300));
#10292 = ORIENTED_EDGE('',*,*,#8832,.T.);
#10293 = ORIENTED_EDGE('',*,*,#10294,.T.);
#10294 = EDGE_CURVE('',#8833,#9521,#10295,.T.);
#10295 = LINE('',#10296,#10297);
#10296 = CARTESIAN_POINT('',(28.5,59.3028,-4.6E-02));
#10297 = VECTOR('',#10298,1.);
#10298 = DIRECTION('',(0.,0.,1.));
#10299 = ORIENTED_EDGE('',*,*,#9520,.F.);
#10300 = ORIENTED_EDGE('',*,*,#10294,.F.);
#10301 = CYLINDRICAL_SURFACE('',#10302,0.4572);
#10302 = AXIS2_PLACEMENT_3D('',#10303,#10304,#10305);
#10303 = CARTESIAN_POINT('',(28.5,59.76,-4.6E-02));
#10304 = DIRECTION('',(-0.,-0.,-1.));
#10305 = DIRECTION('',(-0.,-1.,0.));
#10306 = ADVANCED_FACE('',(#10307),#10318,.F.);
#10307 = FACE_BOUND('',#10308,.T.);
#10308 = EDGE_LOOP('',(#10309,#10310,#10316,#10317));
#10309 = ORIENTED_EDGE('',*,*,#8843,.T.);
#10310 = ORIENTED_EDGE('',*,*,#10311,.T.);
#10311 = EDGE_CURVE('',#8844,#9532,#10312,.T.);
#10312 = LINE('',#10313,#10314);
#10313 = CARTESIAN_POINT('',(28.5,61.8428,-4.6E-02));
#10314 = VECTOR('',#10315,1.);
#10315 = DIRECTION('',(0.,0.,1.));
#10316 = ORIENTED_EDGE('',*,*,#9531,.F.);
#10317 = ORIENTED_EDGE('',*,*,#10311,.F.);
#10318 = CYLINDRICAL_SURFACE('',#10319,0.4572);
#10319 = AXIS2_PLACEMENT_3D('',#10320,#10321,#10322);
#10320 = CARTESIAN_POINT('',(28.5,62.3,-4.6E-02));
#10321 = DIRECTION('',(-0.,-0.,-1.));
#10322 = DIRECTION('',(-0.,-1.,0.));
#10323 = ADVANCED_FACE('',(#10324),#10335,.F.);
#10324 = FACE_BOUND('',#10325,.T.);
#10325 = EDGE_LOOP('',(#10326,#10327,#10333,#10334));
#10326 = ORIENTED_EDGE('',*,*,#8854,.T.);
#10327 = ORIENTED_EDGE('',*,*,#10328,.T.);
#10328 = EDGE_CURVE('',#8855,#9543,#10329,.T.);
#10329 = LINE('',#10330,#10331);
#10330 = CARTESIAN_POINT('',(35.5,56.42,-4.6E-02));
#10331 = VECTOR('',#10332,1.);
#10332 = DIRECTION('',(0.,0.,1.));
#10333 = ORIENTED_EDGE('',*,*,#9542,.F.);
#10334 = ORIENTED_EDGE('',*,*,#10328,.F.);
#10335 = CYLINDRICAL_SURFACE('',#10336,0.5);
#10336 = AXIS2_PLACEMENT_3D('',#10337,#10338,#10339);
#10337 = CARTESIAN_POINT('',(35.5,56.92,-4.6E-02));
#10338 = DIRECTION('',(-0.,-0.,-1.));
#10339 = DIRECTION('',(-0.,-1.,0.));
#10340 = ADVANCED_FACE('',(#10341),#10352,.F.);
#10341 = FACE_BOUND('',#10342,.T.);
#10342 = EDGE_LOOP('',(#10343,#10344,#10350,#10351));
#10343 = ORIENTED_EDGE('',*,*,#8865,.T.);
#10344 = ORIENTED_EDGE('',*,*,#10345,.T.);
#10345 = EDGE_CURVE('',#8866,#9554,#10346,.T.);
#10346 = LINE('',#10347,#10348);
#10347 = CARTESIAN_POINT('',(35.5,58.96,-4.6E-02));
#10348 = VECTOR('',#10349,1.);
#10349 = DIRECTION('',(0.,0.,1.));
#10350 = ORIENTED_EDGE('',*,*,#9553,.F.);
#10351 = ORIENTED_EDGE('',*,*,#10345,.F.);
#10352 = CYLINDRICAL_SURFACE('',#10353,0.5);
#10353 = AXIS2_PLACEMENT_3D('',#10354,#10355,#10356);
#10354 = CARTESIAN_POINT('',(35.5,59.46,-4.6E-02));
#10355 = DIRECTION('',(-0.,-0.,-1.));
#10356 = DIRECTION('',(-0.,-1.,0.));
#10357 = ADVANCED_FACE('',(#10358),#10369,.F.);
#10358 = FACE_BOUND('',#10359,.T.);
#10359 = EDGE_LOOP('',(#10360,#10361,#10367,#10368));
#10360 = ORIENTED_EDGE('',*,*,#8876,.T.);
#10361 = ORIENTED_EDGE('',*,*,#10362,.T.);
#10362 = EDGE_CURVE('',#8877,#9565,#10363,.T.);
#10363 = LINE('',#10364,#10365);
#10364 = CARTESIAN_POINT('',(35.5,61.5,-4.6E-02));
#10365 = VECTOR('',#10366,1.);
#10366 = DIRECTION('',(0.,0.,1.));
#10367 = ORIENTED_EDGE('',*,*,#9564,.F.);
#10368 = ORIENTED_EDGE('',*,*,#10362,.F.);
#10369 = CYLINDRICAL_SURFACE('',#10370,0.5);
#10370 = AXIS2_PLACEMENT_3D('',#10371,#10372,#10373);
#10371 = CARTESIAN_POINT('',(35.5,62.,-4.6E-02));
#10372 = DIRECTION('',(-0.,-0.,-1.));
#10373 = DIRECTION('',(-0.,-1.,0.));
#10374 = ADVANCED_FACE('',(#10375),#10386,.F.);
#10375 = FACE_BOUND('',#10376,.T.);
#10376 = EDGE_LOOP('',(#10377,#10378,#10384,#10385));
#10377 = ORIENTED_EDGE('',*,*,#8887,.T.);
#10378 = ORIENTED_EDGE('',*,*,#10379,.T.);
#10379 = EDGE_CURVE('',#8888,#9576,#10380,.T.);
#10380 = LINE('',#10381,#10382);
#10381 = CARTESIAN_POINT('',(28.5,64.3828,-4.6E-02));
#10382 = VECTOR('',#10383,1.);
#10383 = DIRECTION('',(0.,0.,1.));
#10384 = ORIENTED_EDGE('',*,*,#9575,.F.);
#10385 = ORIENTED_EDGE('',*,*,#10379,.F.);
#10386 = CYLINDRICAL_SURFACE('',#10387,0.4572);
#10387 = AXIS2_PLACEMENT_3D('',#10388,#10389,#10390);
#10388 = CARTESIAN_POINT('',(28.5,64.84,-4.6E-02));
#10389 = DIRECTION('',(-0.,-0.,-1.));
#10390 = DIRECTION('',(-0.,-1.,0.));
#10391 = ADVANCED_FACE('',(#10392),#10403,.F.);
#10392 = FACE_BOUND('',#10393,.T.);
#10393 = EDGE_LOOP('',(#10394,#10395,#10401,#10402));
#10394 = ORIENTED_EDGE('',*,*,#8898,.T.);
#10395 = ORIENTED_EDGE('',*,*,#10396,.T.);
#10396 = EDGE_CURVE('',#8899,#9587,#10397,.T.);
#10397 = LINE('',#10398,#10399);
#10398 = CARTESIAN_POINT('',(28.5,66.9228,-4.6E-02));
#10399 = VECTOR('',#10400,1.);
#10400 = DIRECTION('',(0.,0.,1.));
#10401 = ORIENTED_EDGE('',*,*,#9586,.F.);
#10402 = ORIENTED_EDGE('',*,*,#10396,.F.);
#10403 = CYLINDRICAL_SURFACE('',#10404,0.4572);
#10404 = AXIS2_PLACEMENT_3D('',#10405,#10406,#10407);
#10405 = CARTESIAN_POINT('',(28.5,67.38,-4.6E-02));
#10406 = DIRECTION('',(-0.,-0.,-1.));
#10407 = DIRECTION('',(-0.,-1.,0.));
#10408 = ADVANCED_FACE('',(#10409),#10420,.F.);
#10409 = FACE_BOUND('',#10410,.T.);
#10410 = EDGE_LOOP('',(#10411,#10412,#10418,#10419));
#10411 = ORIENTED_EDGE('',*,*,#8909,.T.);
#10412 = ORIENTED_EDGE('',*,*,#10413,.T.);
#10413 = EDGE_CURVE('',#8910,#9598,#10414,.T.);
#10414 = LINE('',#10415,#10416);
#10415 = CARTESIAN_POINT('',(35.5,64.04,-4.6E-02));
#10416 = VECTOR('',#10417,1.);
#10417 = DIRECTION('',(0.,0.,1.));
#10418 = ORIENTED_EDGE('',*,*,#9597,.F.);
#10419 = ORIENTED_EDGE('',*,*,#10413,.F.);
#10420 = CYLINDRICAL_SURFACE('',#10421,0.5);
#10421 = AXIS2_PLACEMENT_3D('',#10422,#10423,#10424);
#10422 = CARTESIAN_POINT('',(35.5,64.54,-4.6E-02));
#10423 = DIRECTION('',(-0.,-0.,-1.));
#10424 = DIRECTION('',(-0.,-1.,0.));
#10425 = ADVANCED_FACE('',(#10426),#10437,.F.);
#10426 = FACE_BOUND('',#10427,.T.);
#10427 = EDGE_LOOP('',(#10428,#10429,#10435,#10436));
#10428 = ORIENTED_EDGE('',*,*,#8920,.T.);
#10429 = ORIENTED_EDGE('',*,*,#10430,.T.);
#10430 = EDGE_CURVE('',#8921,#9609,#10431,.T.);
#10431 = LINE('',#10432,#10433);
#10432 = CARTESIAN_POINT('',(35.5,66.58,-4.6E-02));
#10433 = VECTOR('',#10434,1.);
#10434 = DIRECTION('',(0.,0.,1.));
#10435 = ORIENTED_EDGE('',*,*,#9608,.F.);
#10436 = ORIENTED_EDGE('',*,*,#10430,.F.);
#10437 = CYLINDRICAL_SURFACE('',#10438,0.5);
#10438 = AXIS2_PLACEMENT_3D('',#10439,#10440,#10441);
#10439 = CARTESIAN_POINT('',(35.5,67.08,-4.6E-02));
#10440 = DIRECTION('',(-0.,-0.,-1.));
#10441 = DIRECTION('',(-0.,-1.,0.));
#10442 = ADVANCED_FACE('',(#10443),#10454,.F.);
#10443 = FACE_BOUND('',#10444,.T.);
#10444 = EDGE_LOOP('',(#10445,#10446,#10452,#10453));
#10445 = ORIENTED_EDGE('',*,*,#8931,.T.);
#10446 = ORIENTED_EDGE('',*,*,#10447,.T.);
#10447 = EDGE_CURVE('',#8932,#9620,#10448,.T.);
#10448 = LINE('',#10449,#10450);
#10449 = CARTESIAN_POINT('',(28.5,69.4628,-4.6E-02));
#10450 = VECTOR('',#10451,1.);
#10451 = DIRECTION('',(0.,0.,1.));
#10452 = ORIENTED_EDGE('',*,*,#9619,.F.);
#10453 = ORIENTED_EDGE('',*,*,#10447,.F.);
#10454 = CYLINDRICAL_SURFACE('',#10455,0.4572);
#10455 = AXIS2_PLACEMENT_3D('',#10456,#10457,#10458);
#10456 = CARTESIAN_POINT('',(28.5,69.92,-4.6E-02));
#10457 = DIRECTION('',(-0.,-0.,-1.));
#10458 = DIRECTION('',(-0.,-1.,0.));
#10459 = ADVANCED_FACE('',(#10460),#10471,.F.);
#10460 = FACE_BOUND('',#10461,.T.);
#10461 = EDGE_LOOP('',(#10462,#10463,#10469,#10470));
#10462 = ORIENTED_EDGE('',*,*,#8942,.T.);
#10463 = ORIENTED_EDGE('',*,*,#10464,.T.);
#10464 = EDGE_CURVE('',#8943,#9631,#10465,.T.);
#10465 = LINE('',#10466,#10467);
#10466 = CARTESIAN_POINT('',(28.5,72.0028,-4.6E-02));
#10467 = VECTOR('',#10468,1.);
#10468 = DIRECTION('',(0.,0.,1.));
#10469 = ORIENTED_EDGE('',*,*,#9630,.F.);
#10470 = ORIENTED_EDGE('',*,*,#10464,.F.);
#10471 = CYLINDRICAL_SURFACE('',#10472,0.4572);
#10472 = AXIS2_PLACEMENT_3D('',#10473,#10474,#10475);
#10473 = CARTESIAN_POINT('',(28.5,72.46,-4.6E-02));
#10474 = DIRECTION('',(-0.,-0.,-1.));
#10475 = DIRECTION('',(-0.,-1.,0.));
#10476 = ADVANCED_FACE('',(#10477),#10488,.F.);
#10477 = FACE_BOUND('',#10478,.T.);
#10478 = EDGE_LOOP('',(#10479,#10480,#10486,#10487));
#10479 = ORIENTED_EDGE('',*,*,#8953,.T.);
#10480 = ORIENTED_EDGE('',*,*,#10481,.T.);
#10481 = EDGE_CURVE('',#8954,#9642,#10482,.T.);
#10482 = LINE('',#10483,#10484);
#10483 = CARTESIAN_POINT('',(28.5,74.5428,-4.6E-02));
#10484 = VECTOR('',#10485,1.);
#10485 = DIRECTION('',(0.,0.,1.));
#10486 = ORIENTED_EDGE('',*,*,#9641,.F.);
#10487 = ORIENTED_EDGE('',*,*,#10481,.F.);
#10488 = CYLINDRICAL_SURFACE('',#10489,0.4572);
#10489 = AXIS2_PLACEMENT_3D('',#10490,#10491,#10492);
#10490 = CARTESIAN_POINT('',(28.5,75.,-4.6E-02));
#10491 = DIRECTION('',(-0.,-0.,-1.));
#10492 = DIRECTION('',(-0.,-1.,0.));
#10493 = ADVANCED_FACE('',(#10494),#10505,.F.);
#10494 = FACE_BOUND('',#10495,.T.);
#10495 = EDGE_LOOP('',(#10496,#10497,#10503,#10504));
#10496 = ORIENTED_EDGE('',*,*,#8964,.T.);
#10497 = ORIENTED_EDGE('',*,*,#10498,.T.);
#10498 = EDGE_CURVE('',#8965,#9653,#10499,.T.);
#10499 = LINE('',#10500,#10501);
#10500 = CARTESIAN_POINT('',(28.5,77.0828,-4.6E-02));
#10501 = VECTOR('',#10502,1.);
#10502 = DIRECTION('',(0.,0.,1.));
#10503 = ORIENTED_EDGE('',*,*,#9652,.F.);
#10504 = ORIENTED_EDGE('',*,*,#10498,.F.);
#10505 = CYLINDRICAL_SURFACE('',#10506,0.4572);
#10506 = AXIS2_PLACEMENT_3D('',#10507,#10508,#10509);
#10507 = CARTESIAN_POINT('',(28.5,77.54,-4.6E-02));
#10508 = DIRECTION('',(-0.,-0.,-1.));
#10509 = DIRECTION('',(-0.,-1.,0.));
#10510 = ADVANCED_FACE('',(#10511),#10522,.F.);
#10511 = FACE_BOUND('',#10512,.T.);
#10512 = EDGE_LOOP('',(#10513,#10514,#10520,#10521));
#10513 = ORIENTED_EDGE('',*,*,#8975,.T.);
#10514 = ORIENTED_EDGE('',*,*,#10515,.T.);
#10515 = EDGE_CURVE('',#8976,#9664,#10516,.T.);
#10516 = LINE('',#10517,#10518);
#10517 = CARTESIAN_POINT('',(28.5,79.6228,-4.6E-02));
#10518 = VECTOR('',#10519,1.);
#10519 = DIRECTION('',(0.,0.,1.));
#10520 = ORIENTED_EDGE('',*,*,#9663,.F.);
#10521 = ORIENTED_EDGE('',*,*,#10515,.F.);
#10522 = CYLINDRICAL_SURFACE('',#10523,0.4572);
#10523 = AXIS2_PLACEMENT_3D('',#10524,#10525,#10526);
#10524 = CARTESIAN_POINT('',(28.5,80.08,-4.6E-02));
#10525 = DIRECTION('',(-0.,-0.,-1.));
#10526 = DIRECTION('',(-0.,-1.,0.));
#10527 = ADVANCED_FACE('',(#10528),#10539,.F.);
#10528 = FACE_BOUND('',#10529,.T.);
#10529 = EDGE_LOOP('',(#10530,#10531,#10537,#10538));
#10530 = ORIENTED_EDGE('',*,*,#8986,.T.);
#10531 = ORIENTED_EDGE('',*,*,#10532,.T.);
#10532 = EDGE_CURVE('',#8987,#9675,#10533,.T.);
#10533 = LINE('',#10534,#10535);
#10534 = CARTESIAN_POINT('',(35.5,76.92,-4.6E-02));
#10535 = VECTOR('',#10536,1.);
#10536 = DIRECTION('',(0.,0.,1.));
#10537 = ORIENTED_EDGE('',*,*,#9674,.F.);
#10538 = ORIENTED_EDGE('',*,*,#10532,.F.);
#10539 = CYLINDRICAL_SURFACE('',#10540,0.5);
#10540 = AXIS2_PLACEMENT_3D('',#10541,#10542,#10543);
#10541 = CARTESIAN_POINT('',(35.5,77.42,-4.6E-02));
#10542 = DIRECTION('',(-0.,-0.,-1.));
#10543 = DIRECTION('',(-0.,-1.,0.));
#10544 = ADVANCED_FACE('',(#10545),#10556,.F.);
#10545 = FACE_BOUND('',#10546,.T.);
#10546 = EDGE_LOOP('',(#10547,#10548,#10554,#10555));
#10547 = ORIENTED_EDGE('',*,*,#8997,.T.);
#10548 = ORIENTED_EDGE('',*,*,#10549,.T.);
#10549 = EDGE_CURVE('',#8998,#9686,#10550,.T.);
#10550 = LINE('',#10551,#10552);
#10551 = CARTESIAN_POINT('',(35.5,79.46,-4.6E-02));
#10552 = VECTOR('',#10553,1.);
#10553 = DIRECTION('',(0.,0.,1.));
#10554 = ORIENTED_EDGE('',*,*,#9685,.F.);
#10555 = ORIENTED_EDGE('',*,*,#10549,.F.);
#10556 = CYLINDRICAL_SURFACE('',#10557,0.5);
#10557 = AXIS2_PLACEMENT_3D('',#10558,#10559,#10560);
#10558 = CARTESIAN_POINT('',(35.5,79.96,-4.6E-02));
#10559 = DIRECTION('',(-0.,-0.,-1.));
#10560 = DIRECTION('',(-0.,-1.,0.));
#10561 = ADVANCED_FACE('',(#10562),#10573,.F.);
#10562 = FACE_BOUND('',#10563,.T.);
#10563 = EDGE_LOOP('',(#10564,#10565,#10571,#10572));
#10564 = ORIENTED_EDGE('',*,*,#9008,.T.);
#10565 = ORIENTED_EDGE('',*,*,#10566,.T.);
#10566 = EDGE_CURVE('',#9009,#9697,#10567,.T.);
#10567 = LINE('',#10568,#10569);
#10568 = CARTESIAN_POINT('',(-17.,82.27,-4.6E-02));
#10569 = VECTOR('',#10570,1.);
#10570 = DIRECTION('',(0.,0.,1.));
#10571 = ORIENTED_EDGE('',*,*,#9696,.F.);
#10572 = ORIENTED_EDGE('',*,*,#10566,.F.);
#10573 = CYLINDRICAL_SURFACE('',#10574,0.5);
#10574 = AXIS2_PLACEMENT_3D('',#10575,#10576,#10577);
#10575 = CARTESIAN_POINT('',(-17.,82.77,-4.6E-02));
#10576 = DIRECTION('',(-0.,-0.,-1.));
#10577 = DIRECTION('',(-0.,-1.,0.));
#10578 = ADVANCED_FACE('',(#10579),#10590,.F.);
#10579 = FACE_BOUND('',#10580,.T.);
#10580 = EDGE_LOOP('',(#10581,#10582,#10588,#10589));
#10581 = ORIENTED_EDGE('',*,*,#9019,.T.);
#10582 = ORIENTED_EDGE('',*,*,#10583,.T.);
#10583 = EDGE_CURVE('',#9020,#9708,#10584,.T.);
#10584 = LINE('',#10585,#10586);
#10585 = CARTESIAN_POINT('',(-17.,84.81,-4.6E-02));
#10586 = VECTOR('',#10587,1.);
#10587 = DIRECTION('',(0.,0.,1.));
#10588 = ORIENTED_EDGE('',*,*,#9707,.F.);
#10589 = ORIENTED_EDGE('',*,*,#10583,.F.);
#10590 = CYLINDRICAL_SURFACE('',#10591,0.5);
#10591 = AXIS2_PLACEMENT_3D('',#10592,#10593,#10594);
#10592 = CARTESIAN_POINT('',(-17.,85.31,-4.6E-02));
#10593 = DIRECTION('',(-0.,-0.,-1.));
#10594 = DIRECTION('',(-0.,-1.,0.));
#10595 = ADVANCED_FACE('',(#10596),#10607,.F.);
#10596 = FACE_BOUND('',#10597,.T.);
#10597 = EDGE_LOOP('',(#10598,#10599,#10605,#10606));
#10598 = ORIENTED_EDGE('',*,*,#9030,.T.);
#10599 = ORIENTED_EDGE('',*,*,#10600,.T.);
#10600 = EDGE_CURVE('',#9031,#9719,#10601,.T.);
#10601 = LINE('',#10602,#10603);
#10602 = CARTESIAN_POINT('',(-17.,87.35,-4.6E-02));
#10603 = VECTOR('',#10604,1.);
#10604 = DIRECTION('',(0.,0.,1.));
#10605 = ORIENTED_EDGE('',*,*,#9718,.F.);
#10606 = ORIENTED_EDGE('',*,*,#10600,.F.);
#10607 = CYLINDRICAL_SURFACE('',#10608,0.5);
#10608 = AXIS2_PLACEMENT_3D('',#10609,#10610,#10611);
#10609 = CARTESIAN_POINT('',(-17.,87.85,-4.6E-02));
#10610 = DIRECTION('',(-0.,-0.,-1.));
#10611 = DIRECTION('',(-0.,-1.,0.));
#10612 = ADVANCED_FACE('',(#10613),#10624,.F.);
#10613 = FACE_BOUND('',#10614,.T.);
#10614 = EDGE_LOOP('',(#10615,#10616,#10622,#10623));
#10615 = ORIENTED_EDGE('',*,*,#9041,.T.);
#10616 = ORIENTED_EDGE('',*,*,#10617,.T.);
#10617 = EDGE_CURVE('',#9042,#9730,#10618,.T.);
#10618 = LINE('',#10619,#10620);
#10619 = CARTESIAN_POINT('',(5.64,82.1628,-4.6E-02));
#10620 = VECTOR('',#10621,1.);
#10621 = DIRECTION('',(0.,0.,1.));
#10622 = ORIENTED_EDGE('',*,*,#9729,.F.);
#10623 = ORIENTED_EDGE('',*,*,#10617,.F.);
#10624 = CYLINDRICAL_SURFACE('',#10625,0.4572);
#10625 = AXIS2_PLACEMENT_3D('',#10626,#10627,#10628);
#10626 = CARTESIAN_POINT('',(5.64,82.62,-4.6E-02));
#10627 = DIRECTION('',(-0.,-0.,-1.));
#10628 = DIRECTION('',(-1.942647462161E-15,-1.,0.));
#10629 = ADVANCED_FACE('',(#10630),#10641,.F.);
#10630 = FACE_BOUND('',#10631,.T.);
#10631 = EDGE_LOOP('',(#10632,#10633,#10639,#10640));
#10632 = ORIENTED_EDGE('',*,*,#9052,.T.);
#10633 = ORIENTED_EDGE('',*,*,#10634,.T.);
#10634 = EDGE_CURVE('',#9053,#9741,#10635,.T.);
#10635 = LINE('',#10636,#10637);
#10636 = CARTESIAN_POINT('',(5.64,84.7028,-4.6E-02));
#10637 = VECTOR('',#10638,1.);
#10638 = DIRECTION('',(0.,0.,1.));
#10639 = ORIENTED_EDGE('',*,*,#9740,.F.);
#10640 = ORIENTED_EDGE('',*,*,#10634,.F.);
#10641 = CYLINDRICAL_SURFACE('',#10642,0.4572);
#10642 = AXIS2_PLACEMENT_3D('',#10643,#10644,#10645);
#10643 = CARTESIAN_POINT('',(5.64,85.16,-4.6E-02));
#10644 = DIRECTION('',(-0.,-0.,-1.));
#10645 = DIRECTION('',(-1.942647462161E-15,-1.,0.));
#10646 = ADVANCED_FACE('',(#10647),#10658,.F.);
#10647 = FACE_BOUND('',#10648,.T.);
#10648 = EDGE_LOOP('',(#10649,#10650,#10656,#10657));
#10649 = ORIENTED_EDGE('',*,*,#9063,.T.);
#10650 = ORIENTED_EDGE('',*,*,#10651,.T.);
#10651 = EDGE_CURVE('',#9064,#9752,#10652,.T.);
#10652 = LINE('',#10653,#10654);
#10653 = CARTESIAN_POINT('',(5.64,87.2428,-4.6E-02));
#10654 = VECTOR('',#10655,1.);
#10655 = DIRECTION('',(0.,0.,1.));
#10656 = ORIENTED_EDGE('',*,*,#9751,.F.);
#10657 = ORIENTED_EDGE('',*,*,#10651,.F.);
#10658 = CYLINDRICAL_SURFACE('',#10659,0.4572);
#10659 = AXIS2_PLACEMENT_3D('',#10660,#10661,#10662);
#10660 = CARTESIAN_POINT('',(5.64,87.7,-4.6E-02));
#10661 = DIRECTION('',(-0.,-0.,-1.));
#10662 = DIRECTION('',(-1.942647462161E-15,-1.,0.));
#10663 = ADVANCED_FACE('',(#10664),#10675,.F.);
#10664 = FACE_BOUND('',#10665,.T.);
#10665 = EDGE_LOOP('',(#10666,#10667,#10673,#10674));
#10666 = ORIENTED_EDGE('',*,*,#9074,.T.);
#10667 = ORIENTED_EDGE('',*,*,#10668,.T.);
#10668 = EDGE_CURVE('',#9075,#9763,#10669,.T.);
#10669 = LINE('',#10670,#10671);
#10670 = CARTESIAN_POINT('',(5.64,89.7828,-4.6E-02));
#10671 = VECTOR('',#10672,1.);
#10672 = DIRECTION('',(0.,0.,1.));
#10673 = ORIENTED_EDGE('',*,*,#9762,.F.);
#10674 = ORIENTED_EDGE('',*,*,#10668,.F.);
#10675 = CYLINDRICAL_SURFACE('',#10676,0.4572);
#10676 = AXIS2_PLACEMENT_3D('',#10677,#10678,#10679);
#10677 = CARTESIAN_POINT('',(5.64,90.24,-4.6E-02));
#10678 = DIRECTION('',(-0.,-0.,-1.));
#10679 = DIRECTION('',(-1.942647462161E-15,-1.,0.));
#10680 = ADVANCED_FACE('',(#10681),#10692,.F.);
#10681 = FACE_BOUND('',#10682,.T.);
#10682 = EDGE_LOOP('',(#10683,#10684,#10690,#10691));
#10683 = ORIENTED_EDGE('',*,*,#9085,.T.);
#10684 = ORIENTED_EDGE('',*,*,#10685,.T.);
#10685 = EDGE_CURVE('',#9086,#9774,#10686,.T.);
#10686 = LINE('',#10687,#10688);
#10687 = CARTESIAN_POINT('',(5.64,92.3228,-4.6E-02));
#10688 = VECTOR('',#10689,1.);
#10689 = DIRECTION('',(0.,0.,1.));
#10690 = ORIENTED_EDGE('',*,*,#9773,.F.);
#10691 = ORIENTED_EDGE('',*,*,#10685,.F.);
#10692 = CYLINDRICAL_SURFACE('',#10693,0.4572);
#10693 = AXIS2_PLACEMENT_3D('',#10694,#10695,#10696);
#10694 = CARTESIAN_POINT('',(5.64,92.78,-4.6E-02));
#10695 = DIRECTION('',(-0.,-0.,-1.));
#10696 = DIRECTION('',(-1.942647462161E-15,-1.,0.));
#10697 = ADVANCED_FACE('',(#10698),#10709,.F.);
#10698 = FACE_BOUND('',#10699,.T.);
#10699 = EDGE_LOOP('',(#10700,#10701,#10707,#10708));
#10700 = ORIENTED_EDGE('',*,*,#9096,.T.);
#10701 = ORIENTED_EDGE('',*,*,#10702,.T.);
#10702 = EDGE_CURVE('',#9097,#9785,#10703,.T.);
#10703 = LINE('',#10704,#10705);
#10704 = CARTESIAN_POINT('',(5.64,94.8628,-4.6E-02));
#10705 = VECTOR('',#10706,1.);
#10706 = DIRECTION('',(0.,0.,1.));
#10707 = ORIENTED_EDGE('',*,*,#9784,.F.);
#10708 = ORIENTED_EDGE('',*,*,#10702,.F.);
#10709 = CYLINDRICAL_SURFACE('',#10710,0.4572);
#10710 = AXIS2_PLACEMENT_3D('',#10711,#10712,#10713);
#10711 = CARTESIAN_POINT('',(5.64,95.32,-4.6E-02));
#10712 = DIRECTION('',(-0.,-0.,-1.));
#10713 = DIRECTION('',(-1.942647462161E-15,-1.,0.));
#10714 = ADVANCED_FACE('',(#10715),#10726,.F.);
#10715 = FACE_BOUND('',#10716,.T.);
#10716 = EDGE_LOOP('',(#10717,#10718,#10724,#10725));
#10717 = ORIENTED_EDGE('',*,*,#9107,.T.);
#10718 = ORIENTED_EDGE('',*,*,#10719,.T.);
#10719 = EDGE_CURVE('',#9108,#9796,#10720,.T.);
#10720 = LINE('',#10721,#10722);
#10721 = CARTESIAN_POINT('',(5.64,97.4028,-4.6E-02));
#10722 = VECTOR('',#10723,1.);
#10723 = DIRECTION('',(0.,0.,1.));
#10724 = ORIENTED_EDGE('',*,*,#9795,.F.);
#10725 = ORIENTED_EDGE('',*,*,#10719,.F.);
#10726 = CYLINDRICAL_SURFACE('',#10727,0.4572);
#10727 = AXIS2_PLACEMENT_3D('',#10728,#10729,#10730);
#10728 = CARTESIAN_POINT('',(5.64,97.86,-4.6E-02));
#10729 = DIRECTION('',(-0.,-0.,-1.));
#10730 = DIRECTION('',(-1.942647462161E-15,-1.,0.));
#10731 = ADVANCED_FACE('',(#10732),#10743,.F.);
#10732 = FACE_BOUND('',#10733,.T.);
#10733 = EDGE_LOOP('',(#10734,#10735,#10741,#10742));
#10734 = ORIENTED_EDGE('',*,*,#9118,.T.);
#10735 = ORIENTED_EDGE('',*,*,#10736,.T.);
#10736 = EDGE_CURVE('',#9119,#9807,#10737,.T.);
#10737 = LINE('',#10738,#10739);
#10738 = CARTESIAN_POINT('',(5.64,99.9428,-4.6E-02));
#10739 = VECTOR('',#10740,1.);
#10740 = DIRECTION('',(0.,0.,1.));
#10741 = ORIENTED_EDGE('',*,*,#9806,.F.);
#10742 = ORIENTED_EDGE('',*,*,#10736,.F.);
#10743 = CYLINDRICAL_SURFACE('',#10744,0.4572);
#10744 = AXIS2_PLACEMENT_3D('',#10745,#10746,#10747);
#10745 = CARTESIAN_POINT('',(5.64,100.4,-4.6E-02));
#10746 = DIRECTION('',(-0.,-0.,-1.));
#10747 = DIRECTION('',(-1.942647462161E-15,-1.,0.));
#10748 = ADVANCED_FACE('',(#10749),#10760,.F.);
#10749 = FACE_BOUND('',#10750,.T.);
#10750 = EDGE_LOOP('',(#10751,#10752,#10758,#10759));
#10751 = ORIENTED_EDGE('',*,*,#9129,.T.);
#10752 = ORIENTED_EDGE('',*,*,#10753,.T.);
#10753 = EDGE_CURVE('',#9130,#9818,#10754,.T.);
#10754 = LINE('',#10755,#10756);
#10755 = CARTESIAN_POINT('',(5.64,102.4828,-4.6E-02));
#10756 = VECTOR('',#10757,1.);
#10757 = DIRECTION('',(0.,0.,1.));
#10758 = ORIENTED_EDGE('',*,*,#9817,.F.);
#10759 = ORIENTED_EDGE('',*,*,#10753,.F.);
#10760 = CYLINDRICAL_SURFACE('',#10761,0.4572);
#10761 = AXIS2_PLACEMENT_3D('',#10762,#10763,#10764);
#10762 = CARTESIAN_POINT('',(5.64,102.94,-4.6E-02));
#10763 = DIRECTION('',(-0.,-0.,-1.));
#10764 = DIRECTION('',(-1.942647462161E-15,-1.,0.));
#10765 = ADVANCED_FACE('',(#10766),#10777,.F.);
#10766 = FACE_BOUND('',#10767,.T.);
#10767 = EDGE_LOOP('',(#10768,#10769,#10775,#10776));
#10768 = ORIENTED_EDGE('',*,*,#9140,.T.);
#10769 = ORIENTED_EDGE('',*,*,#10770,.T.);
#10770 = EDGE_CURVE('',#9141,#9829,#10771,.T.);
#10771 = LINE('',#10772,#10773);
#10772 = CARTESIAN_POINT('',(5.64,105.0228,-4.6E-02));
#10773 = VECTOR('',#10774,1.);
#10774 = DIRECTION('',(0.,0.,1.));
#10775 = ORIENTED_EDGE('',*,*,#9828,.F.);
#10776 = ORIENTED_EDGE('',*,*,#10770,.F.);
#10777 = CYLINDRICAL_SURFACE('',#10778,0.4572);
#10778 = AXIS2_PLACEMENT_3D('',#10779,#10780,#10781);
#10779 = CARTESIAN_POINT('',(5.64,105.48,-4.6E-02));
#10780 = DIRECTION('',(-0.,-0.,-1.));
#10781 = DIRECTION('',(-1.942647462161E-15,-1.,0.));
#10782 = ADVANCED_FACE('',(#10783),#10794,.F.);
#10783 = FACE_BOUND('',#10784,.T.);
#10784 = EDGE_LOOP('',(#10785,#10786,#10792,#10793));
#10785 = ORIENTED_EDGE('',*,*,#9151,.T.);
#10786 = ORIENTED_EDGE('',*,*,#10787,.T.);
#10787 = EDGE_CURVE('',#9152,#9840,#10788,.T.);
#10788 = LINE('',#10789,#10790);
#10789 = CARTESIAN_POINT('',(28.5,82.1628,-4.6E-02));
#10790 = VECTOR('',#10791,1.);
#10791 = DIRECTION('',(0.,0.,1.));
#10792 = ORIENTED_EDGE('',*,*,#9839,.F.);
#10793 = ORIENTED_EDGE('',*,*,#10787,.F.);
#10794 = CYLINDRICAL_SURFACE('',#10795,0.4572);
#10795 = AXIS2_PLACEMENT_3D('',#10796,#10797,#10798);
#10796 = CARTESIAN_POINT('',(28.5,82.62,-4.6E-02));
#10797 = DIRECTION('',(-0.,-0.,-1.));
#10798 = DIRECTION('',(-0.,-1.,0.));
#10799 = ADVANCED_FACE('',(#10800),#10811,.F.);
#10800 = FACE_BOUND('',#10801,.T.);
#10801 = EDGE_LOOP('',(#10802,#10803,#10809,#10810));
#10802 = ORIENTED_EDGE('',*,*,#9162,.T.);
#10803 = ORIENTED_EDGE('',*,*,#10804,.T.);
#10804 = EDGE_CURVE('',#9163,#9851,#10805,.T.);
#10805 = LINE('',#10806,#10807);
#10806 = CARTESIAN_POINT('',(28.5,84.7028,-4.6E-02));
#10807 = VECTOR('',#10808,1.);
#10808 = DIRECTION('',(0.,0.,1.));
#10809 = ORIENTED_EDGE('',*,*,#9850,.F.);
#10810 = ORIENTED_EDGE('',*,*,#10804,.F.);
#10811 = CYLINDRICAL_SURFACE('',#10812,0.4572);
#10812 = AXIS2_PLACEMENT_3D('',#10813,#10814,#10815);
#10813 = CARTESIAN_POINT('',(28.5,85.16,-4.6E-02));
#10814 = DIRECTION('',(-0.,-0.,-1.));
#10815 = DIRECTION('',(-0.,-1.,0.));
#10816 = ADVANCED_FACE('',(#10817),#10828,.F.);
#10817 = FACE_BOUND('',#10818,.T.);
#10818 = EDGE_LOOP('',(#10819,#10820,#10826,#10827));
#10819 = ORIENTED_EDGE('',*,*,#9173,.T.);
#10820 = ORIENTED_EDGE('',*,*,#10821,.T.);
#10821 = EDGE_CURVE('',#9174,#9862,#10822,.T.);
#10822 = LINE('',#10823,#10824);
#10823 = CARTESIAN_POINT('',(28.5,87.2428,-4.6E-02));
#10824 = VECTOR('',#10825,1.);
#10825 = DIRECTION('',(0.,0.,1.));
#10826 = ORIENTED_EDGE('',*,*,#9861,.F.);
#10827 = ORIENTED_EDGE('',*,*,#10821,.F.);
#10828 = CYLINDRICAL_SURFACE('',#10829,0.4572);
#10829 = AXIS2_PLACEMENT_3D('',#10830,#10831,#10832);
#10830 = CARTESIAN_POINT('',(28.5,87.7,-4.6E-02));
#10831 = DIRECTION('',(-0.,-0.,-1.));
#10832 = DIRECTION('',(-0.,-1.,0.));
#10833 = ADVANCED_FACE('',(#10834),#10845,.F.);
#10834 = FACE_BOUND('',#10835,.T.);
#10835 = EDGE_LOOP('',(#10836,#10837,#10843,#10844));
#10836 = ORIENTED_EDGE('',*,*,#9184,.T.);
#10837 = ORIENTED_EDGE('',*,*,#10838,.T.);
#10838 = EDGE_CURVE('',#9185,#9873,#10839,.T.);
#10839 = LINE('',#10840,#10841);
#10840 = CARTESIAN_POINT('',(35.5,82.,-4.6E-02));
#10841 = VECTOR('',#10842,1.);
#10842 = DIRECTION('',(0.,0.,1.));
#10843 = ORIENTED_EDGE('',*,*,#9872,.F.);
#10844 = ORIENTED_EDGE('',*,*,#10838,.F.);
#10845 = CYLINDRICAL_SURFACE('',#10846,0.5);
#10846 = AXIS2_PLACEMENT_3D('',#10847,#10848,#10849);
#10847 = CARTESIAN_POINT('',(35.5,82.5,-4.6E-02));
#10848 = DIRECTION('',(-0.,-0.,-1.));
#10849 = DIRECTION('',(-0.,-1.,0.));
#10850 = ADVANCED_FACE('',(#10851),#10862,.F.);
#10851 = FACE_BOUND('',#10852,.T.);
#10852 = EDGE_LOOP('',(#10853,#10854,#10860,#10861));
#10853 = ORIENTED_EDGE('',*,*,#9195,.T.);
#10854 = ORIENTED_EDGE('',*,*,#10855,.T.);
#10855 = EDGE_CURVE('',#9196,#9884,#10856,.T.);
#10856 = LINE('',#10857,#10858);
#10857 = CARTESIAN_POINT('',(35.5,84.54,-4.6E-02));
#10858 = VECTOR('',#10859,1.);
#10859 = DIRECTION('',(0.,0.,1.));
#10860 = ORIENTED_EDGE('',*,*,#9883,.F.);
#10861 = ORIENTED_EDGE('',*,*,#10855,.F.);
#10862 = CYLINDRICAL_SURFACE('',#10863,0.5);
#10863 = AXIS2_PLACEMENT_3D('',#10864,#10865,#10866);
#10864 = CARTESIAN_POINT('',(35.5,85.04,-4.6E-02));
#10865 = DIRECTION('',(-0.,-0.,-1.));
#10866 = DIRECTION('',(-0.,-1.,0.));
#10867 = ADVANCED_FACE('',(#10868),#10879,.F.);
#10868 = FACE_BOUND('',#10869,.T.);
#10869 = EDGE_LOOP('',(#10870,#10871,#10877,#10878));
#10870 = ORIENTED_EDGE('',*,*,#9206,.T.);
#10871 = ORIENTED_EDGE('',*,*,#10872,.T.);
#10872 = EDGE_CURVE('',#9207,#9895,#10873,.T.);
#10873 = LINE('',#10874,#10875);
#10874 = CARTESIAN_POINT('',(35.5,87.08,-4.6E-02));
#10875 = VECTOR('',#10876,1.);
#10876 = DIRECTION('',(0.,0.,1.));
#10877 = ORIENTED_EDGE('',*,*,#9894,.F.);
#10878 = ORIENTED_EDGE('',*,*,#10872,.F.);
#10879 = CYLINDRICAL_SURFACE('',#10880,0.5);
#10880 = AXIS2_PLACEMENT_3D('',#10881,#10882,#10883);
#10881 = CARTESIAN_POINT('',(35.5,87.58,-4.6E-02));
#10882 = DIRECTION('',(-0.,-0.,-1.));
#10883 = DIRECTION('',(-0.,-1.,0.));
#10884 = ADVANCED_FACE('',(#10885),#10896,.F.);
#10885 = FACE_BOUND('',#10886,.T.);
#10886 = EDGE_LOOP('',(#10887,#10888,#10894,#10895));
#10887 = ORIENTED_EDGE('',*,*,#9217,.T.);
#10888 = ORIENTED_EDGE('',*,*,#10889,.T.);
#10889 = EDGE_CURVE('',#9218,#9906,#10890,.T.);
#10890 = LINE('',#10891,#10892);
#10891 = CARTESIAN_POINT('',(28.5,89.7828,-4.6E-02));
#10892 = VECTOR('',#10893,1.);
#10893 = DIRECTION('',(0.,0.,1.));
#10894 = ORIENTED_EDGE('',*,*,#9905,.F.);
#10895 = ORIENTED_EDGE('',*,*,#10889,.F.);
#10896 = CYLINDRICAL_SURFACE('',#10897,0.4572);
#10897 = AXIS2_PLACEMENT_3D('',#10898,#10899,#10900);
#10898 = CARTESIAN_POINT('',(28.5,90.24,-4.6E-02));
#10899 = DIRECTION('',(-0.,-0.,-1.));
#10900 = DIRECTION('',(-0.,-1.,0.));
#10901 = ADVANCED_FACE('',(#10902),#10913,.F.);
#10902 = FACE_BOUND('',#10903,.T.);
#10903 = EDGE_LOOP('',(#10904,#10905,#10911,#10912));
#10904 = ORIENTED_EDGE('',*,*,#9228,.T.);
#10905 = ORIENTED_EDGE('',*,*,#10906,.T.);
#10906 = EDGE_CURVE('',#9229,#9917,#10907,.T.);
#10907 = LINE('',#10908,#10909);
#10908 = CARTESIAN_POINT('',(28.5,92.3228,-4.6E-02));
#10909 = VECTOR('',#10910,1.);
#10910 = DIRECTION('',(0.,0.,1.));
#10911 = ORIENTED_EDGE('',*,*,#9916,.F.);
#10912 = ORIENTED_EDGE('',*,*,#10906,.F.);
#10913 = CYLINDRICAL_SURFACE('',#10914,0.4572);
#10914 = AXIS2_PLACEMENT_3D('',#10915,#10916,#10917);
#10915 = CARTESIAN_POINT('',(28.5,92.78,-4.6E-02));
#10916 = DIRECTION('',(-0.,-0.,-1.));
#10917 = DIRECTION('',(-0.,-1.,0.));
#10918 = ADVANCED_FACE('',(#10919),#10930,.F.);
#10919 = FACE_BOUND('',#10920,.T.);
#10920 = EDGE_LOOP('',(#10921,#10922,#10928,#10929));
#10921 = ORIENTED_EDGE('',*,*,#9239,.T.);
#10922 = ORIENTED_EDGE('',*,*,#10923,.T.);
#10923 = EDGE_CURVE('',#9240,#9928,#10924,.T.);
#10924 = LINE('',#10925,#10926);
#10925 = CARTESIAN_POINT('',(28.5,94.8628,-4.6E-02));
#10926 = VECTOR('',#10927,1.);
#10927 = DIRECTION('',(0.,0.,1.));
#10928 = ORIENTED_EDGE('',*,*,#9927,.F.);
#10929 = ORIENTED_EDGE('',*,*,#10923,.F.);
#10930 = CYLINDRICAL_SURFACE('',#10931,0.4572);
#10931 = AXIS2_PLACEMENT_3D('',#10932,#10933,#10934);
#10932 = CARTESIAN_POINT('',(28.5,95.32,-4.6E-02));
#10933 = DIRECTION('',(-0.,-0.,-1.));
#10934 = DIRECTION('',(-0.,-1.,0.));
#10935 = ADVANCED_FACE('',(#10936),#10947,.F.);
#10936 = FACE_BOUND('',#10937,.T.);
#10937 = EDGE_LOOP('',(#10938,#10939,#10945,#10946));
#10938 = ORIENTED_EDGE('',*,*,#9250,.T.);
#10939 = ORIENTED_EDGE('',*,*,#10940,.T.);
#10940 = EDGE_CURVE('',#9251,#9939,#10941,.T.);
#10941 = LINE('',#10942,#10943);
#10942 = CARTESIAN_POINT('',(28.5,97.4028,-4.6E-02));
#10943 = VECTOR('',#10944,1.);
#10944 = DIRECTION('',(0.,0.,1.));
#10945 = ORIENTED_EDGE('',*,*,#9938,.F.);
#10946 = ORIENTED_EDGE('',*,*,#10940,.F.);
#10947 = CYLINDRICAL_SURFACE('',#10948,0.4572);
#10948 = AXIS2_PLACEMENT_3D('',#10949,#10950,#10951);
#10949 = CARTESIAN_POINT('',(28.5,97.86,-4.6E-02));
#10950 = DIRECTION('',(-0.,-0.,-1.));
#10951 = DIRECTION('',(-0.,-1.,0.));
#10952 = ADVANCED_FACE('',(#10953),#10964,.F.);
#10953 = FACE_BOUND('',#10954,.T.);
#10954 = EDGE_LOOP('',(#10955,#10956,#10962,#10963));
#10955 = ORIENTED_EDGE('',*,*,#9261,.T.);
#10956 = ORIENTED_EDGE('',*,*,#10957,.T.);
#10957 = EDGE_CURVE('',#9262,#9950,#10958,.T.);
#10958 = LINE('',#10959,#10960);
#10959 = CARTESIAN_POINT('',(28.5,99.9428,-4.6E-02));
#10960 = VECTOR('',#10961,1.);
#10961 = DIRECTION('',(0.,0.,1.));
#10962 = ORIENTED_EDGE('',*,*,#9949,.F.);
#10963 = ORIENTED_EDGE('',*,*,#10957,.F.);
#10964 = CYLINDRICAL_SURFACE('',#10965,0.4572);
#10965 = AXIS2_PLACEMENT_3D('',#10966,#10967,#10968);
#10966 = CARTESIAN_POINT('',(28.5,100.4,-4.6E-02));
#10967 = DIRECTION('',(-0.,-0.,-1.));
#10968 = DIRECTION('',(-0.,-1.,0.));
#10969 = ADVANCED_FACE('',(#10970),#10981,.F.);
#10970 = FACE_BOUND('',#10971,.T.);
#10971 = EDGE_LOOP('',(#10972,#10973,#10979,#10980));
#10972 = ORIENTED_EDGE('',*,*,#9272,.T.);
#10973 = ORIENTED_EDGE('',*,*,#10974,.T.);
#10974 = EDGE_CURVE('',#9273,#9961,#10975,.T.);
#10975 = LINE('',#10976,#10977);
#10976 = CARTESIAN_POINT('',(35.5,97.,-4.6E-02));
#10977 = VECTOR('',#10978,1.);
#10978 = DIRECTION('',(0.,0.,1.));
#10979 = ORIENTED_EDGE('',*,*,#9960,.F.);
#10980 = ORIENTED_EDGE('',*,*,#10974,.F.);
#10981 = CYLINDRICAL_SURFACE('',#10982,0.5);
#10982 = AXIS2_PLACEMENT_3D('',#10983,#10984,#10985);
#10983 = CARTESIAN_POINT('',(35.5,97.5,-4.6E-02));
#10984 = DIRECTION('',(-0.,-0.,-1.));
#10985 = DIRECTION('',(-0.,-1.,0.));
#10986 = ADVANCED_FACE('',(#10987),#10998,.F.);
#10987 = FACE_BOUND('',#10988,.T.);
#10988 = EDGE_LOOP('',(#10989,#10990,#10996,#10997));
#10989 = ORIENTED_EDGE('',*,*,#9283,.T.);
#10990 = ORIENTED_EDGE('',*,*,#10991,.T.);
#10991 = EDGE_CURVE('',#9284,#9972,#10992,.T.);
#10992 = LINE('',#10993,#10994);
#10993 = CARTESIAN_POINT('',(35.5,99.54,-4.6E-02));
#10994 = VECTOR('',#10995,1.);
#10995 = DIRECTION('',(0.,0.,1.));
#10996 = ORIENTED_EDGE('',*,*,#9971,.F.);
#10997 = ORIENTED_EDGE('',*,*,#10991,.F.);
#10998 = CYLINDRICAL_SURFACE('',#10999,0.5);
#10999 = AXIS2_PLACEMENT_3D('',#11000,#11001,#11002);
#11000 = CARTESIAN_POINT('',(35.5,100.04,-4.6E-02));
#11001 = DIRECTION('',(-0.,-0.,-1.));
#11002 = DIRECTION('',(-0.,-1.,0.));
#11003 = ADVANCED_FACE('',(#11004),#11015,.F.);
#11004 = FACE_BOUND('',#11005,.T.);
#11005 = EDGE_LOOP('',(#11006,#11007,#11013,#11014));
#11006 = ORIENTED_EDGE('',*,*,#9294,.T.);
#11007 = ORIENTED_EDGE('',*,*,#11008,.T.);
#11008 = EDGE_CURVE('',#9295,#9983,#11009,.T.);
#11009 = LINE('',#11010,#11011);
#11010 = CARTESIAN_POINT('',(28.5,102.4828,-4.6E-02));
#11011 = VECTOR('',#11012,1.);
#11012 = DIRECTION('',(0.,0.,1.));
#11013 = ORIENTED_EDGE('',*,*,#9982,.F.);
#11014 = ORIENTED_EDGE('',*,*,#11008,.F.);
#11015 = CYLINDRICAL_SURFACE('',#11016,0.4572);
#11016 = AXIS2_PLACEMENT_3D('',#11017,#11018,#11019);
#11017 = CARTESIAN_POINT('',(28.5,102.94,-4.6E-02));
#11018 = DIRECTION('',(-0.,-0.,-1.));
#11019 = DIRECTION('',(-0.,-1.,0.));
#11020 = ADVANCED_FACE('',(#11021),#11032,.F.);
#11021 = FACE_BOUND('',#11022,.T.);
#11022 = EDGE_LOOP('',(#11023,#11024,#11030,#11031));
#11023 = ORIENTED_EDGE('',*,*,#9305,.T.);
#11024 = ORIENTED_EDGE('',*,*,#11025,.T.);
#11025 = EDGE_CURVE('',#9306,#9994,#11026,.T.);
#11026 = LINE('',#11027,#11028);
#11027 = CARTESIAN_POINT('',(28.5,105.0228,-4.6E-02));
#11028 = VECTOR('',#11029,1.);
#11029 = DIRECTION('',(0.,0.,1.));
#11030 = ORIENTED_EDGE('',*,*,#9993,.F.);
#11031 = ORIENTED_EDGE('',*,*,#11025,.F.);
#11032 = CYLINDRICAL_SURFACE('',#11033,0.4572);
#11033 = AXIS2_PLACEMENT_3D('',#11034,#11035,#11036);
#11034 = CARTESIAN_POINT('',(28.5,105.48,-4.6E-02));
#11035 = DIRECTION('',(-0.,-0.,-1.));
#11036 = DIRECTION('',(-0.,-1.,0.));
#11037 = ADVANCED_FACE('',(#11038),#11049,.F.);
#11038 = FACE_BOUND('',#11039,.T.);
#11039 = EDGE_LOOP('',(#11040,#11041,#11047,#11048));
#11040 = ORIENTED_EDGE('',*,*,#9316,.T.);
#11041 = ORIENTED_EDGE('',*,*,#11042,.T.);
#11042 = EDGE_CURVE('',#9317,#10005,#11043,.T.);
#11043 = LINE('',#11044,#11045);
#11044 = CARTESIAN_POINT('',(35.5,102.08,-4.6E-02));
#11045 = VECTOR('',#11046,1.);
#11046 = DIRECTION('',(0.,0.,1.));
#11047 = ORIENTED_EDGE('',*,*,#10004,.F.);
#11048 = ORIENTED_EDGE('',*,*,#11042,.F.);
#11049 = CYLINDRICAL_SURFACE('',#11050,0.5);
#11050 = AXIS2_PLACEMENT_3D('',#11051,#11052,#11053);
#11051 = CARTESIAN_POINT('',(35.5,102.58,-4.6E-02));
#11052 = DIRECTION('',(-0.,-0.,-1.));
#11053 = DIRECTION('',(-0.,-1.,0.));
#11054 = ADVANCED_FACE('',(#11055),#11066,.F.);
#11055 = FACE_BOUND('',#11056,.T.);
#11056 = EDGE_LOOP('',(#11057,#11058,#11064,#11065));
#11057 = ORIENTED_EDGE('',*,*,#9327,.T.);
#11058 = ORIENTED_EDGE('',*,*,#11059,.T.);
#11059 = EDGE_CURVE('',#9328,#10016,#11060,.T.);
#11060 = LINE('',#11061,#11062);
#11061 = CARTESIAN_POINT('',(35.5,104.62,-4.6E-02));
#11062 = VECTOR('',#11063,1.);
#11063 = DIRECTION('',(0.,0.,1.));
#11064 = ORIENTED_EDGE('',*,*,#10015,.F.);
#11065 = ORIENTED_EDGE('',*,*,#11059,.F.);
#11066 = CYLINDRICAL_SURFACE('',#11067,0.5);
#11067 = AXIS2_PLACEMENT_3D('',#11068,#11069,#11070);
#11068 = CARTESIAN_POINT('',(35.5,105.12,-4.6E-02));
#11069 = DIRECTION('',(-0.,-0.,-1.));
#11070 = DIRECTION('',(-0.,-1.,0.));
#11071 = ADVANCED_FACE('',(#11072),#11083,.F.);
#11072 = FACE_BOUND('',#11073,.T.);
#11073 = EDGE_LOOP('',(#11074,#11075,#11081,#11082));
#11074 = ORIENTED_EDGE('',*,*,#9338,.T.);
#11075 = ORIENTED_EDGE('',*,*,#11076,.T.);
#11076 = EDGE_CURVE('',#9339,#10027,#11077,.T.);
#11077 = LINE('',#11078,#11079);
#11078 = CARTESIAN_POINT('',(35.5,107.16,-4.6E-02));
#11079 = VECTOR('',#11080,1.);
#11080 = DIRECTION('',(0.,0.,1.));
#11081 = ORIENTED_EDGE('',*,*,#10026,.F.);
#11082 = ORIENTED_EDGE('',*,*,#11076,.F.);
#11083 = CYLINDRICAL_SURFACE('',#11084,0.5);
#11084 = AXIS2_PLACEMENT_3D('',#11085,#11086,#11087);
#11085 = CARTESIAN_POINT('',(35.5,107.66,-4.6E-02));
#11086 = DIRECTION('',(-0.,-0.,-1.));
#11087 = DIRECTION('',(-0.,-1.,0.));
#11088 = ( GEOMETRIC_REPRESENTATION_CONTEXT(3) 
GLOBAL_UNCERTAINTY_ASSIGNED_CONTEXT((#11092)) 
GLOBAL_UNIT_ASSIGNED_CONTEXT((#11089,#11090,#11091)) 
REPRESENTATION_CONTEXT('Context #1',
  '3D Context with UNIT and UNCERTAINTY') );
#11089 = ( LENGTH_UNIT() NAMED_UNIT(*) SI_UNIT(.MILLI.,.METRE.) );
#11090 = ( NAMED_UNIT(*) PLANE_ANGLE_UNIT() SI_UNIT($,.RADIAN.) );
#11091 = ( NAMED_UNIT(*) SI_UNIT($,.STERADIAN.) SOLID_ANGLE_UNIT() );
#11092 = UNCERTAINTY_MEASURE_WITH_UNIT(LENGTH_MEASURE(1.E-07),#11089,
  'distance_accuracy_value','confusion accuracy');
#11093 = CONTEXT_DEPENDENT_SHAPE_REPRESENTATION(#11094,#11096);
#11094 = ( REPRESENTATION_RELATIONSHIP('','',#8558,#10) 
REPRESENTATION_RELATIONSHIP_WITH_TRANSFORMATION(#11095) 
SHAPE_REPRESENTATION_RELATIONSHIP() );
#11095 = ITEM_DEFINED_TRANSFORMATION('','',#11,#35);
#11096 = PRODUCT_DEFINITION_SHAPE('Placement','Placement of an item',
  #11097);
#11097 = NEXT_ASSEMBLY_USAGE_OCCURRENCE('7','=>[0:1:1:5]','',#5,#8553,$
  );
#11098 = PRODUCT_RELATED_PRODUCT_CATEGORY('part',$,(#8555));
#11099 = MECHANICAL_DESIGN_GEOMETRIC_PRESENTATION_REPRESENTATION('',(
    #11100,#11108,#11115,#11122,#11129,#11136,#11143,#11150,#11157,
    #11164,#11171,#11178,#11185,#11192,#11199,#11206,#11213,#11220,
    #11227,#11234,#11241,#11248,#11255,#11262,#11269,#11276,#11283,
    #11290,#11297,#11304,#11311,#11318,#11325,#11332,#11339,#11346,
    #11353,#11360,#11367,#11374,#11381,#11389,#11396,#11403,#11410,
    #11417,#11424,#11431,#11438,#11445,#11452,#11459,#11466,#11473,
    #11480,#11487,#11494,#11501,#11508,#11515,#11522,#11529,#11536,
    #11543,#11550,#11557,#11564,#11571,#11578,#11585,#11592,#11599,
    #11606,#11613,#11620,#11627,#11634,#11641,#11648,#11655,#11662,
    #11669,#11676,#11683,#11690,#11697,#11704,#11711,#11718,#11725,
    #11732,#11739,#11746,#11753,#11760,#11767,#11774,#11781,#11788,
    #11795,#11802,#11809,#11816,#11823,#11830,#11837,#11844,#11851,
    #11858,#11865,#11872,#11879,#11886,#11893,#11900,#11907,#11914,
    #11921,#11928,#11935,#11942,#11949,#11956,#11963,#11970,#11977,
    #11984,#11991,#11998,#12005,#12012,#12019,#12026,#12033,#12040,
    #12047,#12054,#12061,#12068,#12075,#12082,#12089,#12096,#12103,
    #12110,#12117,#12124,#12131),#8540);
#11100 = STYLED_ITEM('color',(#11101),#4414);
#11101 = PRESENTATION_STYLE_ASSIGNMENT((#11102));
#11102 = SURFACE_STYLE_USAGE(.BOTH.,#11103);
#11103 = SURFACE_SIDE_STYLE('',(#11104));
#11104 = SURFACE_STYLE_FILL_AREA(#11105);
#11105 = FILL_AREA_STYLE('',(#11106));
#11106 = FILL_AREA_STYLE_COLOUR('',#11107);
#11107 = COLOUR_RGB('',0.147999998088,0.144999993226,0.144999993226);
#11108 = STYLED_ITEM('color',(#11109),#4454);
#11109 = PRESENTATION_STYLE_ASSIGNMENT((#11110));
#11110 = SURFACE_STYLE_USAGE(.BOTH.,#11111);
#11111 = SURFACE_SIDE_STYLE('',(#11112));
#11112 = SURFACE_STYLE_FILL_AREA(#11113);
#11113 = FILL_AREA_STYLE('',(#11114));
#11114 = FILL_AREA_STYLE_COLOUR('',#11107);
#11115 = STYLED_ITEM('color',(#11116),#4485);
#11116 = PRESENTATION_STYLE_ASSIGNMENT((#11117));
#11117 = SURFACE_STYLE_USAGE(.BOTH.,#11118);
#11118 = SURFACE_SIDE_STYLE('',(#11119));
#11119 = SURFACE_STYLE_FILL_AREA(#11120);
#11120 = FILL_AREA_STYLE('',(#11121));
#11121 = FILL_AREA_STYLE_COLOUR('',#11107);
#11122 = STYLED_ITEM('color',(#11123),#4516);
#11123 = PRESENTATION_STYLE_ASSIGNMENT((#11124));
#11124 = SURFACE_STYLE_USAGE(.BOTH.,#11125);
#11125 = SURFACE_SIDE_STYLE('',(#11126));
#11126 = SURFACE_STYLE_FILL_AREA(#11127);
#11127 = FILL_AREA_STYLE('',(#11128));
#11128 = FILL_AREA_STYLE_COLOUR('',#11107);
#11129 = STYLED_ITEM('color',(#11130),#5009);
#11130 = PRESENTATION_STYLE_ASSIGNMENT((#11131));
#11131 = SURFACE_STYLE_USAGE(.BOTH.,#11132);
#11132 = SURFACE_SIDE_STYLE('',(#11133));
#11133 = SURFACE_STYLE_FILL_AREA(#11134);
#11134 = FILL_AREA_STYLE('',(#11135));
#11135 = FILL_AREA_STYLE_COLOUR('',#11107);
#11136 = STYLED_ITEM('color',(#11137),#5502);
#11137 = PRESENTATION_STYLE_ASSIGNMENT((#11138));
#11138 = SURFACE_STYLE_USAGE(.BOTH.,#11139);
#11139 = SURFACE_SIDE_STYLE('',(#11140));
#11140 = SURFACE_STYLE_FILL_AREA(#11141);
#11141 = FILL_AREA_STYLE('',(#11142));
#11142 = FILL_AREA_STYLE_COLOUR('',#11107);
#11143 = STYLED_ITEM('color',(#11144),#5519);
#11144 = PRESENTATION_STYLE_ASSIGNMENT((#11145));
#11145 = SURFACE_STYLE_USAGE(.BOTH.,#11146);
#11146 = SURFACE_SIDE_STYLE('',(#11147));
#11147 = SURFACE_STYLE_FILL_AREA(#11148);
#11148 = FILL_AREA_STYLE('',(#11149));
#11149 = FILL_AREA_STYLE_COLOUR('',#11107);
#11150 = STYLED_ITEM('color',(#11151),#5536);
#11151 = PRESENTATION_STYLE_ASSIGNMENT((#11152));
#11152 = SURFACE_STYLE_USAGE(.BOTH.,#11153);
#11153 = SURFACE_SIDE_STYLE('',(#11154));
#11154 = SURFACE_STYLE_FILL_AREA(#11155);
#11155 = FILL_AREA_STYLE('',(#11156));
#11156 = FILL_AREA_STYLE_COLOUR('',#11107);
#11157 = STYLED_ITEM('color',(#11158),#5553);
#11158 = PRESENTATION_STYLE_ASSIGNMENT((#11159));
#11159 = SURFACE_STYLE_USAGE(.BOTH.,#11160);
#11160 = SURFACE_SIDE_STYLE('',(#11161));
#11161 = SURFACE_STYLE_FILL_AREA(#11162);
#11162 = FILL_AREA_STYLE('',(#11163));
#11163 = FILL_AREA_STYLE_COLOUR('',#11107);
#11164 = STYLED_ITEM('color',(#11165),#5570);
#11165 = PRESENTATION_STYLE_ASSIGNMENT((#11166));
#11166 = SURFACE_STYLE_USAGE(.BOTH.,#11167);
#11167 = SURFACE_SIDE_STYLE('',(#11168));
#11168 = SURFACE_STYLE_FILL_AREA(#11169);
#11169 = FILL_AREA_STYLE('',(#11170));
#11170 = FILL_AREA_STYLE_COLOUR('',#11107);
#11171 = STYLED_ITEM('color',(#11172),#5587);
#11172 = PRESENTATION_STYLE_ASSIGNMENT((#11173));
#11173 = SURFACE_STYLE_USAGE(.BOTH.,#11174);
#11174 = SURFACE_SIDE_STYLE('',(#11175));
#11175 = SURFACE_STYLE_FILL_AREA(#11176);
#11176 = FILL_AREA_STYLE('',(#11177));
#11177 = FILL_AREA_STYLE_COLOUR('',#11107);
#11178 = STYLED_ITEM('color',(#11179),#5604);
#11179 = PRESENTATION_STYLE_ASSIGNMENT((#11180));
#11180 = SURFACE_STYLE_USAGE(.BOTH.,#11181);
#11181 = SURFACE_SIDE_STYLE('',(#11182));
#11182 = SURFACE_STYLE_FILL_AREA(#11183);
#11183 = FILL_AREA_STYLE('',(#11184));
#11184 = FILL_AREA_STYLE_COLOUR('',#11107);
#11185 = STYLED_ITEM('color',(#11186),#5621);
#11186 = PRESENTATION_STYLE_ASSIGNMENT((#11187));
#11187 = SURFACE_STYLE_USAGE(.BOTH.,#11188);
#11188 = SURFACE_SIDE_STYLE('',(#11189));
#11189 = SURFACE_STYLE_FILL_AREA(#11190);
#11190 = FILL_AREA_STYLE('',(#11191));
#11191 = FILL_AREA_STYLE_COLOUR('',#11107);
#11192 = STYLED_ITEM('color',(#11193),#5638);
#11193 = PRESENTATION_STYLE_ASSIGNMENT((#11194));
#11194 = SURFACE_STYLE_USAGE(.BOTH.,#11195);
#11195 = SURFACE_SIDE_STYLE('',(#11196));
#11196 = SURFACE_STYLE_FILL_AREA(#11197);
#11197 = FILL_AREA_STYLE('',(#11198));
#11198 = FILL_AREA_STYLE_COLOUR('',#11107);
#11199 = STYLED_ITEM('color',(#11200),#5655);
#11200 = PRESENTATION_STYLE_ASSIGNMENT((#11201));
#11201 = SURFACE_STYLE_USAGE(.BOTH.,#11202);
#11202 = SURFACE_SIDE_STYLE('',(#11203));
#11203 = SURFACE_STYLE_FILL_AREA(#11204);
#11204 = FILL_AREA_STYLE('',(#11205));
#11205 = FILL_AREA_STYLE_COLOUR('',#11107);
#11206 = STYLED_ITEM('color',(#11207),#5672);
#11207 = PRESENTATION_STYLE_ASSIGNMENT((#11208));
#11208 = SURFACE_STYLE_USAGE(.BOTH.,#11209);
#11209 = SURFACE_SIDE_STYLE('',(#11210));
#11210 = SURFACE_STYLE_FILL_AREA(#11211);
#11211 = FILL_AREA_STYLE('',(#11212));
#11212 = FILL_AREA_STYLE_COLOUR('',#11107);
#11213 = STYLED_ITEM('color',(#11214),#5689);
#11214 = PRESENTATION_STYLE_ASSIGNMENT((#11215));
#11215 = SURFACE_STYLE_USAGE(.BOTH.,#11216);
#11216 = SURFACE_SIDE_STYLE('',(#11217));
#11217 = SURFACE_STYLE_FILL_AREA(#11218);
#11218 = FILL_AREA_STYLE('',(#11219));
#11219 = FILL_AREA_STYLE_COLOUR('',#11107);
#11220 = STYLED_ITEM('color',(#11221),#5706);
#11221 = PRESENTATION_STYLE_ASSIGNMENT((#11222));
#11222 = SURFACE_STYLE_USAGE(.BOTH.,#11223);
#11223 = SURFACE_SIDE_STYLE('',(#11224));
#11224 = SURFACE_STYLE_FILL_AREA(#11225);
#11225 = FILL_AREA_STYLE('',(#11226));
#11226 = FILL_AREA_STYLE_COLOUR('',#11107);
#11227 = STYLED_ITEM('color',(#11228),#5723);
#11228 = PRESENTATION_STYLE_ASSIGNMENT((#11229));
#11229 = SURFACE_STYLE_USAGE(.BOTH.,#11230);
#11230 = SURFACE_SIDE_STYLE('',(#11231));
#11231 = SURFACE_STYLE_FILL_AREA(#11232);
#11232 = FILL_AREA_STYLE('',(#11233));
#11233 = FILL_AREA_STYLE_COLOUR('',#11107);
#11234 = STYLED_ITEM('color',(#11235),#5740);
#11235 = PRESENTATION_STYLE_ASSIGNMENT((#11236));
#11236 = SURFACE_STYLE_USAGE(.BOTH.,#11237);
#11237 = SURFACE_SIDE_STYLE('',(#11238));
#11238 = SURFACE_STYLE_FILL_AREA(#11239);
#11239 = FILL_AREA_STYLE('',(#11240));
#11240 = FILL_AREA_STYLE_COLOUR('',#11107);
#11241 = STYLED_ITEM('color',(#11242),#5757);
#11242 = PRESENTATION_STYLE_ASSIGNMENT((#11243));
#11243 = SURFACE_STYLE_USAGE(.BOTH.,#11244);
#11244 = SURFACE_SIDE_STYLE('',(#11245));
#11245 = SURFACE_STYLE_FILL_AREA(#11246);
#11246 = FILL_AREA_STYLE('',(#11247));
#11247 = FILL_AREA_STYLE_COLOUR('',#11107);
#11248 = STYLED_ITEM('color',(#11249),#5774);
#11249 = PRESENTATION_STYLE_ASSIGNMENT((#11250));
#11250 = SURFACE_STYLE_USAGE(.BOTH.,#11251);
#11251 = SURFACE_SIDE_STYLE('',(#11252));
#11252 = SURFACE_STYLE_FILL_AREA(#11253);
#11253 = FILL_AREA_STYLE('',(#11254));
#11254 = FILL_AREA_STYLE_COLOUR('',#11107);
#11255 = STYLED_ITEM('color',(#11256),#5791);
#11256 = PRESENTATION_STYLE_ASSIGNMENT((#11257));
#11257 = SURFACE_STYLE_USAGE(.BOTH.,#11258);
#11258 = SURFACE_SIDE_STYLE('',(#11259));
#11259 = SURFACE_STYLE_FILL_AREA(#11260);
#11260 = FILL_AREA_STYLE('',(#11261));
#11261 = FILL_AREA_STYLE_COLOUR('',#11107);
#11262 = STYLED_ITEM('color',(#11263),#5808);
#11263 = PRESENTATION_STYLE_ASSIGNMENT((#11264));
#11264 = SURFACE_STYLE_USAGE(.BOTH.,#11265);
#11265 = SURFACE_SIDE_STYLE('',(#11266));
#11266 = SURFACE_STYLE_FILL_AREA(#11267);
#11267 = FILL_AREA_STYLE('',(#11268));
#11268 = FILL_AREA_STYLE_COLOUR('',#11107);
#11269 = STYLED_ITEM('color',(#11270),#5825);
#11270 = PRESENTATION_STYLE_ASSIGNMENT((#11271));
#11271 = SURFACE_STYLE_USAGE(.BOTH.,#11272);
#11272 = SURFACE_SIDE_STYLE('',(#11273));
#11273 = SURFACE_STYLE_FILL_AREA(#11274);
#11274 = FILL_AREA_STYLE('',(#11275));
#11275 = FILL_AREA_STYLE_COLOUR('',#11107);
#11276 = STYLED_ITEM('color',(#11277),#5842);
#11277 = PRESENTATION_STYLE_ASSIGNMENT((#11278));
#11278 = SURFACE_STYLE_USAGE(.BOTH.,#11279);
#11279 = SURFACE_SIDE_STYLE('',(#11280));
#11280 = SURFACE_STYLE_FILL_AREA(#11281);
#11281 = FILL_AREA_STYLE('',(#11282));
#11282 = FILL_AREA_STYLE_COLOUR('',#11107);
#11283 = STYLED_ITEM('color',(#11284),#5859);
#11284 = PRESENTATION_STYLE_ASSIGNMENT((#11285));
#11285 = SURFACE_STYLE_USAGE(.BOTH.,#11286);
#11286 = SURFACE_SIDE_STYLE('',(#11287));
#11287 = SURFACE_STYLE_FILL_AREA(#11288);
#11288 = FILL_AREA_STYLE('',(#11289));
#11289 = FILL_AREA_STYLE_COLOUR('',#11107);
#11290 = STYLED_ITEM('color',(#11291),#5876);
#11291 = PRESENTATION_STYLE_ASSIGNMENT((#11292));
#11292 = SURFACE_STYLE_USAGE(.BOTH.,#11293);
#11293 = SURFACE_SIDE_STYLE('',(#11294));
#11294 = SURFACE_STYLE_FILL_AREA(#11295);
#11295 = FILL_AREA_STYLE('',(#11296));
#11296 = FILL_AREA_STYLE_COLOUR('',#11107);
#11297 = STYLED_ITEM('color',(#11298),#5893);
#11298 = PRESENTATION_STYLE_ASSIGNMENT((#11299));
#11299 = SURFACE_STYLE_USAGE(.BOTH.,#11300);
#11300 = SURFACE_SIDE_STYLE('',(#11301));
#11301 = SURFACE_STYLE_FILL_AREA(#11302);
#11302 = FILL_AREA_STYLE('',(#11303));
#11303 = FILL_AREA_STYLE_COLOUR('',#11107);
#11304 = STYLED_ITEM('color',(#11305),#5910);
#11305 = PRESENTATION_STYLE_ASSIGNMENT((#11306));
#11306 = SURFACE_STYLE_USAGE(.BOTH.,#11307);
#11307 = SURFACE_SIDE_STYLE('',(#11308));
#11308 = SURFACE_STYLE_FILL_AREA(#11309);
#11309 = FILL_AREA_STYLE('',(#11310));
#11310 = FILL_AREA_STYLE_COLOUR('',#11107);
#11311 = STYLED_ITEM('color',(#11312),#5927);
#11312 = PRESENTATION_STYLE_ASSIGNMENT((#11313));
#11313 = SURFACE_STYLE_USAGE(.BOTH.,#11314);
#11314 = SURFACE_SIDE_STYLE('',(#11315));
#11315 = SURFACE_STYLE_FILL_AREA(#11316);
#11316 = FILL_AREA_STYLE('',(#11317));
#11317 = FILL_AREA_STYLE_COLOUR('',#11107);
#11318 = STYLED_ITEM('color',(#11319),#5944);
#11319 = PRESENTATION_STYLE_ASSIGNMENT((#11320));
#11320 = SURFACE_STYLE_USAGE(.BOTH.,#11321);
#11321 = SURFACE_SIDE_STYLE('',(#11322));
#11322 = SURFACE_STYLE_FILL_AREA(#11323);
#11323 = FILL_AREA_STYLE('',(#11324));
#11324 = FILL_AREA_STYLE_COLOUR('',#11107);
#11325 = STYLED_ITEM('color',(#11326),#5961);
#11326 = PRESENTATION_STYLE_ASSIGNMENT((#11327));
#11327 = SURFACE_STYLE_USAGE(.BOTH.,#11328);
#11328 = SURFACE_SIDE_STYLE('',(#11329));
#11329 = SURFACE_STYLE_FILL_AREA(#11330);
#11330 = FILL_AREA_STYLE('',(#11331));
#11331 = FILL_AREA_STYLE_COLOUR('',#11107);
#11332 = STYLED_ITEM('color',(#11333),#5978);
#11333 = PRESENTATION_STYLE_ASSIGNMENT((#11334));
#11334 = SURFACE_STYLE_USAGE(.BOTH.,#11335);
#11335 = SURFACE_SIDE_STYLE('',(#11336));
#11336 = SURFACE_STYLE_FILL_AREA(#11337);
#11337 = FILL_AREA_STYLE('',(#11338));
#11338 = FILL_AREA_STYLE_COLOUR('',#11107);
#11339 = STYLED_ITEM('color',(#11340),#5995);
#11340 = PRESENTATION_STYLE_ASSIGNMENT((#11341));
#11341 = SURFACE_STYLE_USAGE(.BOTH.,#11342);
#11342 = SURFACE_SIDE_STYLE('',(#11343));
#11343 = SURFACE_STYLE_FILL_AREA(#11344);
#11344 = FILL_AREA_STYLE('',(#11345));
#11345 = FILL_AREA_STYLE_COLOUR('',#11107);
#11346 = STYLED_ITEM('color',(#11347),#6012);
#11347 = PRESENTATION_STYLE_ASSIGNMENT((#11348));
#11348 = SURFACE_STYLE_USAGE(.BOTH.,#11349);
#11349 = SURFACE_SIDE_STYLE('',(#11350));
#11350 = SURFACE_STYLE_FILL_AREA(#11351);
#11351 = FILL_AREA_STYLE('',(#11352));
#11352 = FILL_AREA_STYLE_COLOUR('',#11107);
#11353 = STYLED_ITEM('color',(#11354),#6029);
#11354 = PRESENTATION_STYLE_ASSIGNMENT((#11355));
#11355 = SURFACE_STYLE_USAGE(.BOTH.,#11356);
#11356 = SURFACE_SIDE_STYLE('',(#11357));
#11357 = SURFACE_STYLE_FILL_AREA(#11358);
#11358 = FILL_AREA_STYLE('',(#11359));
#11359 = FILL_AREA_STYLE_COLOUR('',#11107);
#11360 = STYLED_ITEM('color',(#11361),#6046);
#11361 = PRESENTATION_STYLE_ASSIGNMENT((#11362));
#11362 = SURFACE_STYLE_USAGE(.BOTH.,#11363);
#11363 = SURFACE_SIDE_STYLE('',(#11364));
#11364 = SURFACE_STYLE_FILL_AREA(#11365);
#11365 = FILL_AREA_STYLE('',(#11366));
#11366 = FILL_AREA_STYLE_COLOUR('',#11107);
#11367 = STYLED_ITEM('color',(#11368),#6063);
#11368 = PRESENTATION_STYLE_ASSIGNMENT((#11369));
#11369 = SURFACE_STYLE_USAGE(.BOTH.,#11370);
#11370 = SURFACE_SIDE_STYLE('',(#11371));
#11371 = SURFACE_STYLE_FILL_AREA(#11372);
#11372 = FILL_AREA_STYLE('',(#11373));
#11373 = FILL_AREA_STYLE_COLOUR('',#11107);
#11374 = STYLED_ITEM('color',(#11375),#6080);
#11375 = PRESENTATION_STYLE_ASSIGNMENT((#11376));
#11376 = SURFACE_STYLE_USAGE(.BOTH.,#11377);
#11377 = SURFACE_SIDE_STYLE('',(#11378));
#11378 = SURFACE_STYLE_FILL_AREA(#11379);
#11379 = FILL_AREA_STYLE('',(#11380));
#11380 = FILL_AREA_STYLE_COLOUR('',#11107);
#11381 = STYLED_ITEM('color',(#11382),#6092);
#11382 = PRESENTATION_STYLE_ASSIGNMENT((#11383));
#11383 = SURFACE_STYLE_USAGE(.BOTH.,#11384);
#11384 = SURFACE_SIDE_STYLE('',(#11385));
#11385 = SURFACE_STYLE_FILL_AREA(#11386);
#11386 = FILL_AREA_STYLE('',(#11387));
#11387 = FILL_AREA_STYLE_COLOUR('',#11388);
#11388 = COLOUR_RGB('',0.859000020776,0.737999965183,0.495999988746);
#11389 = STYLED_ITEM('color',(#11390),#6123);
#11390 = PRESENTATION_STYLE_ASSIGNMENT((#11391));
#11391 = SURFACE_STYLE_USAGE(.BOTH.,#11392);
#11392 = SURFACE_SIDE_STYLE('',(#11393));
#11393 = SURFACE_STYLE_FILL_AREA(#11394);
#11394 = FILL_AREA_STYLE('',(#11395));
#11395 = FILL_AREA_STYLE_COLOUR('',#11388);
#11396 = STYLED_ITEM('color',(#11397),#6147);
#11397 = PRESENTATION_STYLE_ASSIGNMENT((#11398));
#11398 = SURFACE_STYLE_USAGE(.BOTH.,#11399);
#11399 = SURFACE_SIDE_STYLE('',(#11400));
#11400 = SURFACE_STYLE_FILL_AREA(#11401);
#11401 = FILL_AREA_STYLE('',(#11402));
#11402 = FILL_AREA_STYLE_COLOUR('',#11388);
#11403 = STYLED_ITEM('color',(#11404),#6171);
#11404 = PRESENTATION_STYLE_ASSIGNMENT((#11405));
#11405 = SURFACE_STYLE_USAGE(.BOTH.,#11406);
#11406 = SURFACE_SIDE_STYLE('',(#11407));
#11407 = SURFACE_STYLE_FILL_AREA(#11408);
#11408 = FILL_AREA_STYLE('',(#11409));
#11409 = FILL_AREA_STYLE_COLOUR('',#11388);
#11410 = STYLED_ITEM('color',(#11411),#6188);
#11411 = PRESENTATION_STYLE_ASSIGNMENT((#11412));
#11412 = SURFACE_STYLE_USAGE(.BOTH.,#11413);
#11413 = SURFACE_SIDE_STYLE('',(#11414));
#11414 = SURFACE_STYLE_FILL_AREA(#11415);
#11415 = FILL_AREA_STYLE('',(#11416));
#11416 = FILL_AREA_STYLE_COLOUR('',#11388);
#11417 = STYLED_ITEM('color',(#11418),#6219);
#11418 = PRESENTATION_STYLE_ASSIGNMENT((#11419));
#11419 = SURFACE_STYLE_USAGE(.BOTH.,#11420);
#11420 = SURFACE_SIDE_STYLE('',(#11421));
#11421 = SURFACE_STYLE_FILL_AREA(#11422);
#11422 = FILL_AREA_STYLE('',(#11423));
#11423 = FILL_AREA_STYLE_COLOUR('',#11388);
#11424 = STYLED_ITEM('color',(#11425),#6243);
#11425 = PRESENTATION_STYLE_ASSIGNMENT((#11426));
#11426 = SURFACE_STYLE_USAGE(.BOTH.,#11427);
#11427 = SURFACE_SIDE_STYLE('',(#11428));
#11428 = SURFACE_STYLE_FILL_AREA(#11429);
#11429 = FILL_AREA_STYLE('',(#11430));
#11430 = FILL_AREA_STYLE_COLOUR('',#11388);
#11431 = STYLED_ITEM('color',(#11432),#6267);
#11432 = PRESENTATION_STYLE_ASSIGNMENT((#11433));
#11433 = SURFACE_STYLE_USAGE(.BOTH.,#11434);
#11434 = SURFACE_SIDE_STYLE('',(#11435));
#11435 = SURFACE_STYLE_FILL_AREA(#11436);
#11436 = FILL_AREA_STYLE('',(#11437));
#11437 = FILL_AREA_STYLE_COLOUR('',#11388);
#11438 = STYLED_ITEM('color',(#11439),#6284);
#11439 = PRESENTATION_STYLE_ASSIGNMENT((#11440));
#11440 = SURFACE_STYLE_USAGE(.BOTH.,#11441);
#11441 = SURFACE_SIDE_STYLE('',(#11442));
#11442 = SURFACE_STYLE_FILL_AREA(#11443);
#11443 = FILL_AREA_STYLE('',(#11444));
#11444 = FILL_AREA_STYLE_COLOUR('',#11388);
#11445 = STYLED_ITEM('color',(#11446),#6315);
#11446 = PRESENTATION_STYLE_ASSIGNMENT((#11447));
#11447 = SURFACE_STYLE_USAGE(.BOTH.,#11448);
#11448 = SURFACE_SIDE_STYLE('',(#11449));
#11449 = SURFACE_STYLE_FILL_AREA(#11450);
#11450 = FILL_AREA_STYLE('',(#11451));
#11451 = FILL_AREA_STYLE_COLOUR('',#11388);
#11452 = STYLED_ITEM('color',(#11453),#6339);
#11453 = PRESENTATION_STYLE_ASSIGNMENT((#11454));
#11454 = SURFACE_STYLE_USAGE(.BOTH.,#11455);
#11455 = SURFACE_SIDE_STYLE('',(#11456));
#11456 = SURFACE_STYLE_FILL_AREA(#11457);
#11457 = FILL_AREA_STYLE('',(#11458));
#11458 = FILL_AREA_STYLE_COLOUR('',#11388);
#11459 = STYLED_ITEM('color',(#11460),#6363);
#11460 = PRESENTATION_STYLE_ASSIGNMENT((#11461));
#11461 = SURFACE_STYLE_USAGE(.BOTH.,#11462);
#11462 = SURFACE_SIDE_STYLE('',(#11463));
#11463 = SURFACE_STYLE_FILL_AREA(#11464);
#11464 = FILL_AREA_STYLE('',(#11465));
#11465 = FILL_AREA_STYLE_COLOUR('',#11388);
#11466 = STYLED_ITEM('color',(#11467),#6380);
#11467 = PRESENTATION_STYLE_ASSIGNMENT((#11468));
#11468 = SURFACE_STYLE_USAGE(.BOTH.,#11469);
#11469 = SURFACE_SIDE_STYLE('',(#11470));
#11470 = SURFACE_STYLE_FILL_AREA(#11471);
#11471 = FILL_AREA_STYLE('',(#11472));
#11472 = FILL_AREA_STYLE_COLOUR('',#11388);
#11473 = STYLED_ITEM('color',(#11474),#6411);
#11474 = PRESENTATION_STYLE_ASSIGNMENT((#11475));
#11475 = SURFACE_STYLE_USAGE(.BOTH.,#11476);
#11476 = SURFACE_SIDE_STYLE('',(#11477));
#11477 = SURFACE_STYLE_FILL_AREA(#11478);
#11478 = FILL_AREA_STYLE('',(#11479));
#11479 = FILL_AREA_STYLE_COLOUR('',#11388);
#11480 = STYLED_ITEM('color',(#11481),#6435);
#11481 = PRESENTATION_STYLE_ASSIGNMENT((#11482));
#11482 = SURFACE_STYLE_USAGE(.BOTH.,#11483);
#11483 = SURFACE_SIDE_STYLE('',(#11484));
#11484 = SURFACE_STYLE_FILL_AREA(#11485);
#11485 = FILL_AREA_STYLE('',(#11486));
#11486 = FILL_AREA_STYLE_COLOUR('',#11388);
#11487 = STYLED_ITEM('color',(#11488),#6459);
#11488 = PRESENTATION_STYLE_ASSIGNMENT((#11489));
#11489 = SURFACE_STYLE_USAGE(.BOTH.,#11490);
#11490 = SURFACE_SIDE_STYLE('',(#11491));
#11491 = SURFACE_STYLE_FILL_AREA(#11492);
#11492 = FILL_AREA_STYLE('',(#11493));
#11493 = FILL_AREA_STYLE_COLOUR('',#11388);
#11494 = STYLED_ITEM('color',(#11495),#6476);
#11495 = PRESENTATION_STYLE_ASSIGNMENT((#11496));
#11496 = SURFACE_STYLE_USAGE(.BOTH.,#11497);
#11497 = SURFACE_SIDE_STYLE('',(#11498));
#11498 = SURFACE_STYLE_FILL_AREA(#11499);
#11499 = FILL_AREA_STYLE('',(#11500));
#11500 = FILL_AREA_STYLE_COLOUR('',#11388);
#11501 = STYLED_ITEM('color',(#11502),#6507);
#11502 = PRESENTATION_STYLE_ASSIGNMENT((#11503));
#11503 = SURFACE_STYLE_USAGE(.BOTH.,#11504);
#11504 = SURFACE_SIDE_STYLE('',(#11505));
#11505 = SURFACE_STYLE_FILL_AREA(#11506);
#11506 = FILL_AREA_STYLE('',(#11507));
#11507 = FILL_AREA_STYLE_COLOUR('',#11388);
#11508 = STYLED_ITEM('color',(#11509),#6531);
#11509 = PRESENTATION_STYLE_ASSIGNMENT((#11510));
#11510 = SURFACE_STYLE_USAGE(.BOTH.,#11511);
#11511 = SURFACE_SIDE_STYLE('',(#11512));
#11512 = SURFACE_STYLE_FILL_AREA(#11513);
#11513 = FILL_AREA_STYLE('',(#11514));
#11514 = FILL_AREA_STYLE_COLOUR('',#11388);
#11515 = STYLED_ITEM('color',(#11516),#6555);
#11516 = PRESENTATION_STYLE_ASSIGNMENT((#11517));
#11517 = SURFACE_STYLE_USAGE(.BOTH.,#11518);
#11518 = SURFACE_SIDE_STYLE('',(#11519));
#11519 = SURFACE_STYLE_FILL_AREA(#11520);
#11520 = FILL_AREA_STYLE('',(#11521));
#11521 = FILL_AREA_STYLE_COLOUR('',#11388);
#11522 = STYLED_ITEM('color',(#11523),#6572);
#11523 = PRESENTATION_STYLE_ASSIGNMENT((#11524));
#11524 = SURFACE_STYLE_USAGE(.BOTH.,#11525);
#11525 = SURFACE_SIDE_STYLE('',(#11526));
#11526 = SURFACE_STYLE_FILL_AREA(#11527);
#11527 = FILL_AREA_STYLE('',(#11528));
#11528 = FILL_AREA_STYLE_COLOUR('',#11388);
#11529 = STYLED_ITEM('color',(#11530),#6603);
#11530 = PRESENTATION_STYLE_ASSIGNMENT((#11531));
#11531 = SURFACE_STYLE_USAGE(.BOTH.,#11532);
#11532 = SURFACE_SIDE_STYLE('',(#11533));
#11533 = SURFACE_STYLE_FILL_AREA(#11534);
#11534 = FILL_AREA_STYLE('',(#11535));
#11535 = FILL_AREA_STYLE_COLOUR('',#11388);
#11536 = STYLED_ITEM('color',(#11537),#6627);
#11537 = PRESENTATION_STYLE_ASSIGNMENT((#11538));
#11538 = SURFACE_STYLE_USAGE(.BOTH.,#11539);
#11539 = SURFACE_SIDE_STYLE('',(#11540));
#11540 = SURFACE_STYLE_FILL_AREA(#11541);
#11541 = FILL_AREA_STYLE('',(#11542));
#11542 = FILL_AREA_STYLE_COLOUR('',#11388);
#11543 = STYLED_ITEM('color',(#11544),#6651);
#11544 = PRESENTATION_STYLE_ASSIGNMENT((#11545));
#11545 = SURFACE_STYLE_USAGE(.BOTH.,#11546);
#11546 = SURFACE_SIDE_STYLE('',(#11547));
#11547 = SURFACE_STYLE_FILL_AREA(#11548);
#11548 = FILL_AREA_STYLE('',(#11549));
#11549 = FILL_AREA_STYLE_COLOUR('',#11388);
#11550 = STYLED_ITEM('color',(#11551),#6668);
#11551 = PRESENTATION_STYLE_ASSIGNMENT((#11552));
#11552 = SURFACE_STYLE_USAGE(.BOTH.,#11553);
#11553 = SURFACE_SIDE_STYLE('',(#11554));
#11554 = SURFACE_STYLE_FILL_AREA(#11555);
#11555 = FILL_AREA_STYLE('',(#11556));
#11556 = FILL_AREA_STYLE_COLOUR('',#11388);
#11557 = STYLED_ITEM('color',(#11558),#6699);
#11558 = PRESENTATION_STYLE_ASSIGNMENT((#11559));
#11559 = SURFACE_STYLE_USAGE(.BOTH.,#11560);
#11560 = SURFACE_SIDE_STYLE('',(#11561));
#11561 = SURFACE_STYLE_FILL_AREA(#11562);
#11562 = FILL_AREA_STYLE('',(#11563));
#11563 = FILL_AREA_STYLE_COLOUR('',#11388);
#11564 = STYLED_ITEM('color',(#11565),#6723);
#11565 = PRESENTATION_STYLE_ASSIGNMENT((#11566));
#11566 = SURFACE_STYLE_USAGE(.BOTH.,#11567);
#11567 = SURFACE_SIDE_STYLE('',(#11568));
#11568 = SURFACE_STYLE_FILL_AREA(#11569);
#11569 = FILL_AREA_STYLE('',(#11570));
#11570 = FILL_AREA_STYLE_COLOUR('',#11388);
#11571 = STYLED_ITEM('color',(#11572),#6747);
#11572 = PRESENTATION_STYLE_ASSIGNMENT((#11573));
#11573 = SURFACE_STYLE_USAGE(.BOTH.,#11574);
#11574 = SURFACE_SIDE_STYLE('',(#11575));
#11575 = SURFACE_STYLE_FILL_AREA(#11576);
#11576 = FILL_AREA_STYLE('',(#11577));
#11577 = FILL_AREA_STYLE_COLOUR('',#11388);
#11578 = STYLED_ITEM('color',(#11579),#6764);
#11579 = PRESENTATION_STYLE_ASSIGNMENT((#11580));
#11580 = SURFACE_STYLE_USAGE(.BOTH.,#11581);
#11581 = SURFACE_SIDE_STYLE('',(#11582));
#11582 = SURFACE_STYLE_FILL_AREA(#11583);
#11583 = FILL_AREA_STYLE('',(#11584));
#11584 = FILL_AREA_STYLE_COLOUR('',#11388);
#11585 = STYLED_ITEM('color',(#11586),#6795);
#11586 = PRESENTATION_STYLE_ASSIGNMENT((#11587));
#11587 = SURFACE_STYLE_USAGE(.BOTH.,#11588);
#11588 = SURFACE_SIDE_STYLE('',(#11589));
#11589 = SURFACE_STYLE_FILL_AREA(#11590);
#11590 = FILL_AREA_STYLE('',(#11591));
#11591 = FILL_AREA_STYLE_COLOUR('',#11388);
#11592 = STYLED_ITEM('color',(#11593),#6819);
#11593 = PRESENTATION_STYLE_ASSIGNMENT((#11594));
#11594 = SURFACE_STYLE_USAGE(.BOTH.,#11595);
#11595 = SURFACE_SIDE_STYLE('',(#11596));
#11596 = SURFACE_STYLE_FILL_AREA(#11597);
#11597 = FILL_AREA_STYLE('',(#11598));
#11598 = FILL_AREA_STYLE_COLOUR('',#11388);
#11599 = STYLED_ITEM('color',(#11600),#6843);
#11600 = PRESENTATION_STYLE_ASSIGNMENT((#11601));
#11601 = SURFACE_STYLE_USAGE(.BOTH.,#11602);
#11602 = SURFACE_SIDE_STYLE('',(#11603));
#11603 = SURFACE_STYLE_FILL_AREA(#11604);
#11604 = FILL_AREA_STYLE('',(#11605));
#11605 = FILL_AREA_STYLE_COLOUR('',#11388);
#11606 = STYLED_ITEM('color',(#11607),#6860);
#11607 = PRESENTATION_STYLE_ASSIGNMENT((#11608));
#11608 = SURFACE_STYLE_USAGE(.BOTH.,#11609);
#11609 = SURFACE_SIDE_STYLE('',(#11610));
#11610 = SURFACE_STYLE_FILL_AREA(#11611);
#11611 = FILL_AREA_STYLE('',(#11612));
#11612 = FILL_AREA_STYLE_COLOUR('',#11388);
#11613 = STYLED_ITEM('color',(#11614),#6891);
#11614 = PRESENTATION_STYLE_ASSIGNMENT((#11615));
#11615 = SURFACE_STYLE_USAGE(.BOTH.,#11616);
#11616 = SURFACE_SIDE_STYLE('',(#11617));
#11617 = SURFACE_STYLE_FILL_AREA(#11618);
#11618 = FILL_AREA_STYLE('',(#11619));
#11619 = FILL_AREA_STYLE_COLOUR('',#11388);
#11620 = STYLED_ITEM('color',(#11621),#6915);
#11621 = PRESENTATION_STYLE_ASSIGNMENT((#11622));
#11622 = SURFACE_STYLE_USAGE(.BOTH.,#11623);
#11623 = SURFACE_SIDE_STYLE('',(#11624));
#11624 = SURFACE_STYLE_FILL_AREA(#11625);
#11625 = FILL_AREA_STYLE('',(#11626));
#11626 = FILL_AREA_STYLE_COLOUR('',#11388);
#11627 = STYLED_ITEM('color',(#11628),#6939);
#11628 = PRESENTATION_STYLE_ASSIGNMENT((#11629));
#11629 = SURFACE_STYLE_USAGE(.BOTH.,#11630);
#11630 = SURFACE_SIDE_STYLE('',(#11631));
#11631 = SURFACE_STYLE_FILL_AREA(#11632);
#11632 = FILL_AREA_STYLE('',(#11633));
#11633 = FILL_AREA_STYLE_COLOUR('',#11388);
#11634 = STYLED_ITEM('color',(#11635),#6956);
#11635 = PRESENTATION_STYLE_ASSIGNMENT((#11636));
#11636 = SURFACE_STYLE_USAGE(.BOTH.,#11637);
#11637 = SURFACE_SIDE_STYLE('',(#11638));
#11638 = SURFACE_STYLE_FILL_AREA(#11639);
#11639 = FILL_AREA_STYLE('',(#11640));
#11640 = FILL_AREA_STYLE_COLOUR('',#11388);
#11641 = STYLED_ITEM('color',(#11642),#6987);
#11642 = PRESENTATION_STYLE_ASSIGNMENT((#11643));
#11643 = SURFACE_STYLE_USAGE(.BOTH.,#11644);
#11644 = SURFACE_SIDE_STYLE('',(#11645));
#11645 = SURFACE_STYLE_FILL_AREA(#11646);
#11646 = FILL_AREA_STYLE('',(#11647));
#11647 = FILL_AREA_STYLE_COLOUR('',#11388);
#11648 = STYLED_ITEM('color',(#11649),#7011);
#11649 = PRESENTATION_STYLE_ASSIGNMENT((#11650));
#11650 = SURFACE_STYLE_USAGE(.BOTH.,#11651);
#11651 = SURFACE_SIDE_STYLE('',(#11652));
#11652 = SURFACE_STYLE_FILL_AREA(#11653);
#11653 = FILL_AREA_STYLE('',(#11654));
#11654 = FILL_AREA_STYLE_COLOUR('',#11388);
#11655 = STYLED_ITEM('color',(#11656),#7035);
#11656 = PRESENTATION_STYLE_ASSIGNMENT((#11657));
#11657 = SURFACE_STYLE_USAGE(.BOTH.,#11658);
#11658 = SURFACE_SIDE_STYLE('',(#11659));
#11659 = SURFACE_STYLE_FILL_AREA(#11660);
#11660 = FILL_AREA_STYLE('',(#11661));
#11661 = FILL_AREA_STYLE_COLOUR('',#11388);
#11662 = STYLED_ITEM('color',(#11663),#7052);
#11663 = PRESENTATION_STYLE_ASSIGNMENT((#11664));
#11664 = SURFACE_STYLE_USAGE(.BOTH.,#11665);
#11665 = SURFACE_SIDE_STYLE('',(#11666));
#11666 = SURFACE_STYLE_FILL_AREA(#11667);
#11667 = FILL_AREA_STYLE('',(#11668));
#11668 = FILL_AREA_STYLE_COLOUR('',#11388);
#11669 = STYLED_ITEM('color',(#11670),#7083);
#11670 = PRESENTATION_STYLE_ASSIGNMENT((#11671));
#11671 = SURFACE_STYLE_USAGE(.BOTH.,#11672);
#11672 = SURFACE_SIDE_STYLE('',(#11673));
#11673 = SURFACE_STYLE_FILL_AREA(#11674);
#11674 = FILL_AREA_STYLE('',(#11675));
#11675 = FILL_AREA_STYLE_COLOUR('',#11388);
#11676 = STYLED_ITEM('color',(#11677),#7107);
#11677 = PRESENTATION_STYLE_ASSIGNMENT((#11678));
#11678 = SURFACE_STYLE_USAGE(.BOTH.,#11679);
#11679 = SURFACE_SIDE_STYLE('',(#11680));
#11680 = SURFACE_STYLE_FILL_AREA(#11681);
#11681 = FILL_AREA_STYLE('',(#11682));
#11682 = FILL_AREA_STYLE_COLOUR('',#11388);
#11683 = STYLED_ITEM('color',(#11684),#7131);
#11684 = PRESENTATION_STYLE_ASSIGNMENT((#11685));
#11685 = SURFACE_STYLE_USAGE(.BOTH.,#11686);
#11686 = SURFACE_SIDE_STYLE('',(#11687));
#11687 = SURFACE_STYLE_FILL_AREA(#11688);
#11688 = FILL_AREA_STYLE('',(#11689));
#11689 = FILL_AREA_STYLE_COLOUR('',#11388);
#11690 = STYLED_ITEM('color',(#11691),#7148);
#11691 = PRESENTATION_STYLE_ASSIGNMENT((#11692));
#11692 = SURFACE_STYLE_USAGE(.BOTH.,#11693);
#11693 = SURFACE_SIDE_STYLE('',(#11694));
#11694 = SURFACE_STYLE_FILL_AREA(#11695);
#11695 = FILL_AREA_STYLE('',(#11696));
#11696 = FILL_AREA_STYLE_COLOUR('',#11388);
#11697 = STYLED_ITEM('color',(#11698),#7179);
#11698 = PRESENTATION_STYLE_ASSIGNMENT((#11699));
#11699 = SURFACE_STYLE_USAGE(.BOTH.,#11700);
#11700 = SURFACE_SIDE_STYLE('',(#11701));
#11701 = SURFACE_STYLE_FILL_AREA(#11702);
#11702 = FILL_AREA_STYLE('',(#11703));
#11703 = FILL_AREA_STYLE_COLOUR('',#11388);
#11704 = STYLED_ITEM('color',(#11705),#7203);
#11705 = PRESENTATION_STYLE_ASSIGNMENT((#11706));
#11706 = SURFACE_STYLE_USAGE(.BOTH.,#11707);
#11707 = SURFACE_SIDE_STYLE('',(#11708));
#11708 = SURFACE_STYLE_FILL_AREA(#11709);
#11709 = FILL_AREA_STYLE('',(#11710));
#11710 = FILL_AREA_STYLE_COLOUR('',#11388);
#11711 = STYLED_ITEM('color',(#11712),#7227);
#11712 = PRESENTATION_STYLE_ASSIGNMENT((#11713));
#11713 = SURFACE_STYLE_USAGE(.BOTH.,#11714);
#11714 = SURFACE_SIDE_STYLE('',(#11715));
#11715 = SURFACE_STYLE_FILL_AREA(#11716);
#11716 = FILL_AREA_STYLE('',(#11717));
#11717 = FILL_AREA_STYLE_COLOUR('',#11388);
#11718 = STYLED_ITEM('color',(#11719),#7244);
#11719 = PRESENTATION_STYLE_ASSIGNMENT((#11720));
#11720 = SURFACE_STYLE_USAGE(.BOTH.,#11721);
#11721 = SURFACE_SIDE_STYLE('',(#11722));
#11722 = SURFACE_STYLE_FILL_AREA(#11723);
#11723 = FILL_AREA_STYLE('',(#11724));
#11724 = FILL_AREA_STYLE_COLOUR('',#11388);
#11725 = STYLED_ITEM('color',(#11726),#7275);
#11726 = PRESENTATION_STYLE_ASSIGNMENT((#11727));
#11727 = SURFACE_STYLE_USAGE(.BOTH.,#11728);
#11728 = SURFACE_SIDE_STYLE('',(#11729));
#11729 = SURFACE_STYLE_FILL_AREA(#11730);
#11730 = FILL_AREA_STYLE('',(#11731));
#11731 = FILL_AREA_STYLE_COLOUR('',#11388);
#11732 = STYLED_ITEM('color',(#11733),#7299);
#11733 = PRESENTATION_STYLE_ASSIGNMENT((#11734));
#11734 = SURFACE_STYLE_USAGE(.BOTH.,#11735);
#11735 = SURFACE_SIDE_STYLE('',(#11736));
#11736 = SURFACE_STYLE_FILL_AREA(#11737);
#11737 = FILL_AREA_STYLE('',(#11738));
#11738 = FILL_AREA_STYLE_COLOUR('',#11388);
#11739 = STYLED_ITEM('color',(#11740),#7323);
#11740 = PRESENTATION_STYLE_ASSIGNMENT((#11741));
#11741 = SURFACE_STYLE_USAGE(.BOTH.,#11742);
#11742 = SURFACE_SIDE_STYLE('',(#11743));
#11743 = SURFACE_STYLE_FILL_AREA(#11744);
#11744 = FILL_AREA_STYLE('',(#11745));
#11745 = FILL_AREA_STYLE_COLOUR('',#11388);
#11746 = STYLED_ITEM('color',(#11747),#7340);
#11747 = PRESENTATION_STYLE_ASSIGNMENT((#11748));
#11748 = SURFACE_STYLE_USAGE(.BOTH.,#11749);
#11749 = SURFACE_SIDE_STYLE('',(#11750));
#11750 = SURFACE_STYLE_FILL_AREA(#11751);
#11751 = FILL_AREA_STYLE('',(#11752));
#11752 = FILL_AREA_STYLE_COLOUR('',#11388);
#11753 = STYLED_ITEM('color',(#11754),#7371);
#11754 = PRESENTATION_STYLE_ASSIGNMENT((#11755));
#11755 = SURFACE_STYLE_USAGE(.BOTH.,#11756);
#11756 = SURFACE_SIDE_STYLE('',(#11757));
#11757 = SURFACE_STYLE_FILL_AREA(#11758);
#11758 = FILL_AREA_STYLE('',(#11759));
#11759 = FILL_AREA_STYLE_COLOUR('',#11388);
#11760 = STYLED_ITEM('color',(#11761),#7395);
#11761 = PRESENTATION_STYLE_ASSIGNMENT((#11762));
#11762 = SURFACE_STYLE_USAGE(.BOTH.,#11763);
#11763 = SURFACE_SIDE_STYLE('',(#11764));
#11764 = SURFACE_STYLE_FILL_AREA(#11765);
#11765 = FILL_AREA_STYLE('',(#11766));
#11766 = FILL_AREA_STYLE_COLOUR('',#11388);
#11767 = STYLED_ITEM('color',(#11768),#7419);
#11768 = PRESENTATION_STYLE_ASSIGNMENT((#11769));
#11769 = SURFACE_STYLE_USAGE(.BOTH.,#11770);
#11770 = SURFACE_SIDE_STYLE('',(#11771));
#11771 = SURFACE_STYLE_FILL_AREA(#11772);
#11772 = FILL_AREA_STYLE('',(#11773));
#11773 = FILL_AREA_STYLE_COLOUR('',#11388);
#11774 = STYLED_ITEM('color',(#11775),#7436);
#11775 = PRESENTATION_STYLE_ASSIGNMENT((#11776));
#11776 = SURFACE_STYLE_USAGE(.BOTH.,#11777);
#11777 = SURFACE_SIDE_STYLE('',(#11778));
#11778 = SURFACE_STYLE_FILL_AREA(#11779);
#11779 = FILL_AREA_STYLE('',(#11780));
#11780 = FILL_AREA_STYLE_COLOUR('',#11388);
#11781 = STYLED_ITEM('color',(#11782),#7467);
#11782 = PRESENTATION_STYLE_ASSIGNMENT((#11783));
#11783 = SURFACE_STYLE_USAGE(.BOTH.,#11784);
#11784 = SURFACE_SIDE_STYLE('',(#11785));
#11785 = SURFACE_STYLE_FILL_AREA(#11786);
#11786 = FILL_AREA_STYLE('',(#11787));
#11787 = FILL_AREA_STYLE_COLOUR('',#11388);
#11788 = STYLED_ITEM('color',(#11789),#7491);
#11789 = PRESENTATION_STYLE_ASSIGNMENT((#11790));
#11790 = SURFACE_STYLE_USAGE(.BOTH.,#11791);
#11791 = SURFACE_SIDE_STYLE('',(#11792));
#11792 = SURFACE_STYLE_FILL_AREA(#11793);
#11793 = FILL_AREA_STYLE('',(#11794));
#11794 = FILL_AREA_STYLE_COLOUR('',#11388);
#11795 = STYLED_ITEM('color',(#11796),#7515);
#11796 = PRESENTATION_STYLE_ASSIGNMENT((#11797));
#11797 = SURFACE_STYLE_USAGE(.BOTH.,#11798);
#11798 = SURFACE_SIDE_STYLE('',(#11799));
#11799 = SURFACE_STYLE_FILL_AREA(#11800);
#11800 = FILL_AREA_STYLE('',(#11801));
#11801 = FILL_AREA_STYLE_COLOUR('',#11388);
#11802 = STYLED_ITEM('color',(#11803),#7532);
#11803 = PRESENTATION_STYLE_ASSIGNMENT((#11804));
#11804 = SURFACE_STYLE_USAGE(.BOTH.,#11805);
#11805 = SURFACE_SIDE_STYLE('',(#11806));
#11806 = SURFACE_STYLE_FILL_AREA(#11807);
#11807 = FILL_AREA_STYLE('',(#11808));
#11808 = FILL_AREA_STYLE_COLOUR('',#11388);
#11809 = STYLED_ITEM('color',(#11810),#7563);
#11810 = PRESENTATION_STYLE_ASSIGNMENT((#11811));
#11811 = SURFACE_STYLE_USAGE(.BOTH.,#11812);
#11812 = SURFACE_SIDE_STYLE('',(#11813));
#11813 = SURFACE_STYLE_FILL_AREA(#11814);
#11814 = FILL_AREA_STYLE('',(#11815));
#11815 = FILL_AREA_STYLE_COLOUR('',#11388);
#11816 = STYLED_ITEM('color',(#11817),#7587);
#11817 = PRESENTATION_STYLE_ASSIGNMENT((#11818));
#11818 = SURFACE_STYLE_USAGE(.BOTH.,#11819);
#11819 = SURFACE_SIDE_STYLE('',(#11820));
#11820 = SURFACE_STYLE_FILL_AREA(#11821);
#11821 = FILL_AREA_STYLE('',(#11822));
#11822 = FILL_AREA_STYLE_COLOUR('',#11388);
#11823 = STYLED_ITEM('color',(#11824),#7611);
#11824 = PRESENTATION_STYLE_ASSIGNMENT((#11825));
#11825 = SURFACE_STYLE_USAGE(.BOTH.,#11826);
#11826 = SURFACE_SIDE_STYLE('',(#11827));
#11827 = SURFACE_STYLE_FILL_AREA(#11828);
#11828 = FILL_AREA_STYLE('',(#11829));
#11829 = FILL_AREA_STYLE_COLOUR('',#11388);
#11830 = STYLED_ITEM('color',(#11831),#7628);
#11831 = PRESENTATION_STYLE_ASSIGNMENT((#11832));
#11832 = SURFACE_STYLE_USAGE(.BOTH.,#11833);
#11833 = SURFACE_SIDE_STYLE('',(#11834));
#11834 = SURFACE_STYLE_FILL_AREA(#11835);
#11835 = FILL_AREA_STYLE('',(#11836));
#11836 = FILL_AREA_STYLE_COLOUR('',#11388);
#11837 = STYLED_ITEM('color',(#11838),#7659);
#11838 = PRESENTATION_STYLE_ASSIGNMENT((#11839));
#11839 = SURFACE_STYLE_USAGE(.BOTH.,#11840);
#11840 = SURFACE_SIDE_STYLE('',(#11841));
#11841 = SURFACE_STYLE_FILL_AREA(#11842);
#11842 = FILL_AREA_STYLE('',(#11843));
#11843 = FILL_AREA_STYLE_COLOUR('',#11388);
#11844 = STYLED_ITEM('color',(#11845),#7683);
#11845 = PRESENTATION_STYLE_ASSIGNMENT((#11846));
#11846 = SURFACE_STYLE_USAGE(.BOTH.,#11847);
#11847 = SURFACE_SIDE_STYLE('',(#11848));
#11848 = SURFACE_STYLE_FILL_AREA(#11849);
#11849 = FILL_AREA_STYLE('',(#11850));
#11850 = FILL_AREA_STYLE_COLOUR('',#11388);
#11851 = STYLED_ITEM('color',(#11852),#7707);
#11852 = PRESENTATION_STYLE_ASSIGNMENT((#11853));
#11853 = SURFACE_STYLE_USAGE(.BOTH.,#11854);
#11854 = SURFACE_SIDE_STYLE('',(#11855));
#11855 = SURFACE_STYLE_FILL_AREA(#11856);
#11856 = FILL_AREA_STYLE('',(#11857));
#11857 = FILL_AREA_STYLE_COLOUR('',#11388);
#11858 = STYLED_ITEM('color',(#11859),#7724);
#11859 = PRESENTATION_STYLE_ASSIGNMENT((#11860));
#11860 = SURFACE_STYLE_USAGE(.BOTH.,#11861);
#11861 = SURFACE_SIDE_STYLE('',(#11862));
#11862 = SURFACE_STYLE_FILL_AREA(#11863);
#11863 = FILL_AREA_STYLE('',(#11864));
#11864 = FILL_AREA_STYLE_COLOUR('',#11388);
#11865 = STYLED_ITEM('color',(#11866),#7755);
#11866 = PRESENTATION_STYLE_ASSIGNMENT((#11867));
#11867 = SURFACE_STYLE_USAGE(.BOTH.,#11868);
#11868 = SURFACE_SIDE_STYLE('',(#11869));
#11869 = SURFACE_STYLE_FILL_AREA(#11870);
#11870 = FILL_AREA_STYLE('',(#11871));
#11871 = FILL_AREA_STYLE_COLOUR('',#11388);
#11872 = STYLED_ITEM('color',(#11873),#7779);
#11873 = PRESENTATION_STYLE_ASSIGNMENT((#11874));
#11874 = SURFACE_STYLE_USAGE(.BOTH.,#11875);
#11875 = SURFACE_SIDE_STYLE('',(#11876));
#11876 = SURFACE_STYLE_FILL_AREA(#11877);
#11877 = FILL_AREA_STYLE('',(#11878));
#11878 = FILL_AREA_STYLE_COLOUR('',#11388);
#11879 = STYLED_ITEM('color',(#11880),#7803);
#11880 = PRESENTATION_STYLE_ASSIGNMENT((#11881));
#11881 = SURFACE_STYLE_USAGE(.BOTH.,#11882);
#11882 = SURFACE_SIDE_STYLE('',(#11883));
#11883 = SURFACE_STYLE_FILL_AREA(#11884);
#11884 = FILL_AREA_STYLE('',(#11885));
#11885 = FILL_AREA_STYLE_COLOUR('',#11388);
#11886 = STYLED_ITEM('color',(#11887),#7820);
#11887 = PRESENTATION_STYLE_ASSIGNMENT((#11888));
#11888 = SURFACE_STYLE_USAGE(.BOTH.,#11889);
#11889 = SURFACE_SIDE_STYLE('',(#11890));
#11890 = SURFACE_STYLE_FILL_AREA(#11891);
#11891 = FILL_AREA_STYLE('',(#11892));
#11892 = FILL_AREA_STYLE_COLOUR('',#11388);
#11893 = STYLED_ITEM('color',(#11894),#7851);
#11894 = PRESENTATION_STYLE_ASSIGNMENT((#11895));
#11895 = SURFACE_STYLE_USAGE(.BOTH.,#11896);
#11896 = SURFACE_SIDE_STYLE('',(#11897));
#11897 = SURFACE_STYLE_FILL_AREA(#11898);
#11898 = FILL_AREA_STYLE('',(#11899));
#11899 = FILL_AREA_STYLE_COLOUR('',#11388);
#11900 = STYLED_ITEM('color',(#11901),#7875);
#11901 = PRESENTATION_STYLE_ASSIGNMENT((#11902));
#11902 = SURFACE_STYLE_USAGE(.BOTH.,#11903);
#11903 = SURFACE_SIDE_STYLE('',(#11904));
#11904 = SURFACE_STYLE_FILL_AREA(#11905);
#11905 = FILL_AREA_STYLE('',(#11906));
#11906 = FILL_AREA_STYLE_COLOUR('',#11388);
#11907 = STYLED_ITEM('color',(#11908),#7899);
#11908 = PRESENTATION_STYLE_ASSIGNMENT((#11909));
#11909 = SURFACE_STYLE_USAGE(.BOTH.,#11910);
#11910 = SURFACE_SIDE_STYLE('',(#11911));
#11911 = SURFACE_STYLE_FILL_AREA(#11912);
#11912 = FILL_AREA_STYLE('',(#11913));
#11913 = FILL_AREA_STYLE_COLOUR('',#11388);
#11914 = STYLED_ITEM('color',(#11915),#7916);
#11915 = PRESENTATION_STYLE_ASSIGNMENT((#11916));
#11916 = SURFACE_STYLE_USAGE(.BOTH.,#11917);
#11917 = SURFACE_SIDE_STYLE('',(#11918));
#11918 = SURFACE_STYLE_FILL_AREA(#11919);
#11919 = FILL_AREA_STYLE('',(#11920));
#11920 = FILL_AREA_STYLE_COLOUR('',#11388);
#11921 = STYLED_ITEM('color',(#11922),#7947);
#11922 = PRESENTATION_STYLE_ASSIGNMENT((#11923));
#11923 = SURFACE_STYLE_USAGE(.BOTH.,#11924);
#11924 = SURFACE_SIDE_STYLE('',(#11925));
#11925 = SURFACE_STYLE_FILL_AREA(#11926);
#11926 = FILL_AREA_STYLE('',(#11927));
#11927 = FILL_AREA_STYLE_COLOUR('',#11388);
#11928 = STYLED_ITEM('color',(#11929),#7971);
#11929 = PRESENTATION_STYLE_ASSIGNMENT((#11930));
#11930 = SURFACE_STYLE_USAGE(.BOTH.,#11931);
#11931 = SURFACE_SIDE_STYLE('',(#11932));
#11932 = SURFACE_STYLE_FILL_AREA(#11933);
#11933 = FILL_AREA_STYLE('',(#11934));
#11934 = FILL_AREA_STYLE_COLOUR('',#11388);
#11935 = STYLED_ITEM('color',(#11936),#7995);
#11936 = PRESENTATION_STYLE_ASSIGNMENT((#11937));
#11937 = SURFACE_STYLE_USAGE(.BOTH.,#11938);
#11938 = SURFACE_SIDE_STYLE('',(#11939));
#11939 = SURFACE_STYLE_FILL_AREA(#11940);
#11940 = FILL_AREA_STYLE('',(#11941));
#11941 = FILL_AREA_STYLE_COLOUR('',#11388);
#11942 = STYLED_ITEM('color',(#11943),#8012);
#11943 = PRESENTATION_STYLE_ASSIGNMENT((#11944));
#11944 = SURFACE_STYLE_USAGE(.BOTH.,#11945);
#11945 = SURFACE_SIDE_STYLE('',(#11946));
#11946 = SURFACE_STYLE_FILL_AREA(#11947);
#11947 = FILL_AREA_STYLE('',(#11948));
#11948 = FILL_AREA_STYLE_COLOUR('',#11388);
#11949 = STYLED_ITEM('color',(#11950),#8043);
#11950 = PRESENTATION_STYLE_ASSIGNMENT((#11951));
#11951 = SURFACE_STYLE_USAGE(.BOTH.,#11952);
#11952 = SURFACE_SIDE_STYLE('',(#11953));
#11953 = SURFACE_STYLE_FILL_AREA(#11954);
#11954 = FILL_AREA_STYLE('',(#11955));
#11955 = FILL_AREA_STYLE_COLOUR('',#11388);
#11956 = STYLED_ITEM('color',(#11957),#8067);
#11957 = PRESENTATION_STYLE_ASSIGNMENT((#11958));
#11958 = SURFACE_STYLE_USAGE(.BOTH.,#11959);
#11959 = SURFACE_SIDE_STYLE('',(#11960));
#11960 = SURFACE_STYLE_FILL_AREA(#11961);
#11961 = FILL_AREA_STYLE('',(#11962));
#11962 = FILL_AREA_STYLE_COLOUR('',#11388);
#11963 = STYLED_ITEM('color',(#11964),#8091);
#11964 = PRESENTATION_STYLE_ASSIGNMENT((#11965));
#11965 = SURFACE_STYLE_USAGE(.BOTH.,#11966);
#11966 = SURFACE_SIDE_STYLE('',(#11967));
#11967 = SURFACE_STYLE_FILL_AREA(#11968);
#11968 = FILL_AREA_STYLE('',(#11969));
#11969 = FILL_AREA_STYLE_COLOUR('',#11388);
#11970 = STYLED_ITEM('color',(#11971),#8108);
#11971 = PRESENTATION_STYLE_ASSIGNMENT((#11972));
#11972 = SURFACE_STYLE_USAGE(.BOTH.,#11973);
#11973 = SURFACE_SIDE_STYLE('',(#11974));
#11974 = SURFACE_STYLE_FILL_AREA(#11975);
#11975 = FILL_AREA_STYLE('',(#11976));
#11976 = FILL_AREA_STYLE_COLOUR('',#11388);
#11977 = STYLED_ITEM('color',(#11978),#8139);
#11978 = PRESENTATION_STYLE_ASSIGNMENT((#11979));
#11979 = SURFACE_STYLE_USAGE(.BOTH.,#11980);
#11980 = SURFACE_SIDE_STYLE('',(#11981));
#11981 = SURFACE_STYLE_FILL_AREA(#11982);
#11982 = FILL_AREA_STYLE('',(#11983));
#11983 = FILL_AREA_STYLE_COLOUR('',#11388);
#11984 = STYLED_ITEM('color',(#11985),#8163);
#11985 = PRESENTATION_STYLE_ASSIGNMENT((#11986));
#11986 = SURFACE_STYLE_USAGE(.BOTH.,#11987);
#11987 = SURFACE_SIDE_STYLE('',(#11988));
#11988 = SURFACE_STYLE_FILL_AREA(#11989);
#11989 = FILL_AREA_STYLE('',(#11990));
#11990 = FILL_AREA_STYLE_COLOUR('',#11388);
#11991 = STYLED_ITEM('color',(#11992),#8187);
#11992 = PRESENTATION_STYLE_ASSIGNMENT((#11993));
#11993 = SURFACE_STYLE_USAGE(.BOTH.,#11994);
#11994 = SURFACE_SIDE_STYLE('',(#11995));
#11995 = SURFACE_STYLE_FILL_AREA(#11996);
#11996 = FILL_AREA_STYLE('',(#11997));
#11997 = FILL_AREA_STYLE_COLOUR('',#11388);
#11998 = STYLED_ITEM('color',(#11999),#8204);
#11999 = PRESENTATION_STYLE_ASSIGNMENT((#12000));
#12000 = SURFACE_STYLE_USAGE(.BOTH.,#12001);
#12001 = SURFACE_SIDE_STYLE('',(#12002));
#12002 = SURFACE_STYLE_FILL_AREA(#12003);
#12003 = FILL_AREA_STYLE('',(#12004));
#12004 = FILL_AREA_STYLE_COLOUR('',#11388);
#12005 = STYLED_ITEM('color',(#12006),#8235);
#12006 = PRESENTATION_STYLE_ASSIGNMENT((#12007));
#12007 = SURFACE_STYLE_USAGE(.BOTH.,#12008);
#12008 = SURFACE_SIDE_STYLE('',(#12009));
#12009 = SURFACE_STYLE_FILL_AREA(#12010);
#12010 = FILL_AREA_STYLE('',(#12011));
#12011 = FILL_AREA_STYLE_COLOUR('',#11388);
#12012 = STYLED_ITEM('color',(#12013),#8259);
#12013 = PRESENTATION_STYLE_ASSIGNMENT((#12014));
#12014 = SURFACE_STYLE_USAGE(.BOTH.,#12015);
#12015 = SURFACE_SIDE_STYLE('',(#12016));
#12016 = SURFACE_STYLE_FILL_AREA(#12017);
#12017 = FILL_AREA_STYLE('',(#12018));
#12018 = FILL_AREA_STYLE_COLOUR('',#11388);
#12019 = STYLED_ITEM('color',(#12020),#8283);
#12020 = PRESENTATION_STYLE_ASSIGNMENT((#12021));
#12021 = SURFACE_STYLE_USAGE(.BOTH.,#12022);
#12022 = SURFACE_SIDE_STYLE('',(#12023));
#12023 = SURFACE_STYLE_FILL_AREA(#12024);
#12024 = FILL_AREA_STYLE('',(#12025));
#12025 = FILL_AREA_STYLE_COLOUR('',#11388);
#12026 = STYLED_ITEM('color',(#12027),#8300);
#12027 = PRESENTATION_STYLE_ASSIGNMENT((#12028));
#12028 = SURFACE_STYLE_USAGE(.BOTH.,#12029);
#12029 = SURFACE_SIDE_STYLE('',(#12030));
#12030 = SURFACE_STYLE_FILL_AREA(#12031);
#12031 = FILL_AREA_STYLE('',(#12032));
#12032 = FILL_AREA_STYLE_COLOUR('',#11388);
#12033 = STYLED_ITEM('color',(#12034),#8331);
#12034 = PRESENTATION_STYLE_ASSIGNMENT((#12035));
#12035 = SURFACE_STYLE_USAGE(.BOTH.,#12036);
#12036 = SURFACE_SIDE_STYLE('',(#12037));
#12037 = SURFACE_STYLE_FILL_AREA(#12038);
#12038 = FILL_AREA_STYLE('',(#12039));
#12039 = FILL_AREA_STYLE_COLOUR('',#11388);
#12040 = STYLED_ITEM('color',(#12041),#8355);
#12041 = PRESENTATION_STYLE_ASSIGNMENT((#12042));
#12042 = SURFACE_STYLE_USAGE(.BOTH.,#12043);
#12043 = SURFACE_SIDE_STYLE('',(#12044));
#12044 = SURFACE_STYLE_FILL_AREA(#12045);
#12045 = FILL_AREA_STYLE('',(#12046));
#12046 = FILL_AREA_STYLE_COLOUR('',#11388);
#12047 = STYLED_ITEM('color',(#12048),#8379);
#12048 = PRESENTATION_STYLE_ASSIGNMENT((#12049));
#12049 = SURFACE_STYLE_USAGE(.BOTH.,#12050);
#12050 = SURFACE_SIDE_STYLE('',(#12051));
#12051 = SURFACE_STYLE_FILL_AREA(#12052);
#12052 = FILL_AREA_STYLE('',(#12053));
#12053 = FILL_AREA_STYLE_COLOUR('',#11388);
#12054 = STYLED_ITEM('color',(#12055),#8396);
#12055 = PRESENTATION_STYLE_ASSIGNMENT((#12056));
#12056 = SURFACE_STYLE_USAGE(.BOTH.,#12057);
#12057 = SURFACE_SIDE_STYLE('',(#12058));
#12058 = SURFACE_STYLE_FILL_AREA(#12059);
#12059 = FILL_AREA_STYLE('',(#12060));
#12060 = FILL_AREA_STYLE_COLOUR('',#11388);
#12061 = STYLED_ITEM('color',(#12062),#8408);
#12062 = PRESENTATION_STYLE_ASSIGNMENT((#12063));
#12063 = SURFACE_STYLE_USAGE(.BOTH.,#12064);
#12064 = SURFACE_SIDE_STYLE('',(#12065));
#12065 = SURFACE_STYLE_FILL_AREA(#12066);
#12066 = FILL_AREA_STYLE('',(#12067));
#12067 = FILL_AREA_STYLE_COLOUR('',#11388);
#12068 = STYLED_ITEM('color',(#12069),#8420);
#12069 = PRESENTATION_STYLE_ASSIGNMENT((#12070));
#12070 = SURFACE_STYLE_USAGE(.BOTH.,#12071);
#12071 = SURFACE_SIDE_STYLE('',(#12072));
#12072 = SURFACE_STYLE_FILL_AREA(#12073);
#12073 = FILL_AREA_STYLE('',(#12074));
#12074 = FILL_AREA_STYLE_COLOUR('',#11388);
#12075 = STYLED_ITEM('color',(#12076),#8432);
#12076 = PRESENTATION_STYLE_ASSIGNMENT((#12077));
#12077 = SURFACE_STYLE_USAGE(.BOTH.,#12078);
#12078 = SURFACE_SIDE_STYLE('',(#12079));
#12079 = SURFACE_STYLE_FILL_AREA(#12080);
#12080 = FILL_AREA_STYLE('',(#12081));
#12081 = FILL_AREA_STYLE_COLOUR('',#11388);
#12082 = STYLED_ITEM('color',(#12083),#8444);
#12083 = PRESENTATION_STYLE_ASSIGNMENT((#12084));
#12084 = SURFACE_STYLE_USAGE(.BOTH.,#12085);
#12085 = SURFACE_SIDE_STYLE('',(#12086));
#12086 = SURFACE_STYLE_FILL_AREA(#12087);
#12087 = FILL_AREA_STYLE('',(#12088));
#12088 = FILL_AREA_STYLE_COLOUR('',#11388);
#12089 = STYLED_ITEM('color',(#12090),#8456);
#12090 = PRESENTATION_STYLE_ASSIGNMENT((#12091));
#12091 = SURFACE_STYLE_USAGE(.BOTH.,#12092);
#12092 = SURFACE_SIDE_STYLE('',(#12093));
#12093 = SURFACE_STYLE_FILL_AREA(#12094);
#12094 = FILL_AREA_STYLE('',(#12095));
#12095 = FILL_AREA_STYLE_COLOUR('',#11388);
#12096 = STYLED_ITEM('color',(#12097),#8468);
#12097 = PRESENTATION_STYLE_ASSIGNMENT((#12098));
#12098 = SURFACE_STYLE_USAGE(.BOTH.,#12099);
#12099 = SURFACE_SIDE_STYLE('',(#12100));
#12100 = SURFACE_STYLE_FILL_AREA(#12101);
#12101 = FILL_AREA_STYLE('',(#12102));
#12102 = FILL_AREA_STYLE_COLOUR('',#11388);
#12103 = STYLED_ITEM('color',(#12104),#8480);
#12104 = PRESENTATION_STYLE_ASSIGNMENT((#12105));
#12105 = SURFACE_STYLE_USAGE(.BOTH.,#12106);
#12106 = SURFACE_SIDE_STYLE('',(#12107));
#12107 = SURFACE_STYLE_FILL_AREA(#12108);
#12108 = FILL_AREA_STYLE('',(#12109));
#12109 = FILL_AREA_STYLE_COLOUR('',#11388);
#12110 = STYLED_ITEM('color',(#12111),#8492);
#12111 = PRESENTATION_STYLE_ASSIGNMENT((#12112));
#12112 = SURFACE_STYLE_USAGE(.BOTH.,#12113);
#12113 = SURFACE_SIDE_STYLE('',(#12114));
#12114 = SURFACE_STYLE_FILL_AREA(#12115);
#12115 = FILL_AREA_STYLE('',(#12116));
#12116 = FILL_AREA_STYLE_COLOUR('',#11388);
#12117 = STYLED_ITEM('color',(#12118),#8504);
#12118 = PRESENTATION_STYLE_ASSIGNMENT((#12119));
#12119 = SURFACE_STYLE_USAGE(.BOTH.,#12120);
#12120 = SURFACE_SIDE_STYLE('',(#12121));
#12121 = SURFACE_STYLE_FILL_AREA(#12122);
#12122 = FILL_AREA_STYLE('',(#12123));
#12123 = FILL_AREA_STYLE_COLOUR('',#11388);
#12124 = STYLED_ITEM('color',(#12125),#8516);
#12125 = PRESENTATION_STYLE_ASSIGNMENT((#12126));
#12126 = SURFACE_STYLE_USAGE(.BOTH.,#12127);
#12127 = SURFACE_SIDE_STYLE('',(#12128));
#12128 = SURFACE_STYLE_FILL_AREA(#12129);
#12129 = FILL_AREA_STYLE('',(#12130));
#12130 = FILL_AREA_STYLE_COLOUR('',#11388);
#12131 = STYLED_ITEM('color',(#12132),#8528);
#12132 = PRESENTATION_STYLE_ASSIGNMENT((#12133));
#12133 = SURFACE_STYLE_USAGE(.BOTH.,#12134);
#12134 = SURFACE_SIDE_STYLE('',(#12135));
#12135 = SURFACE_STYLE_FILL_AREA(#12136);
#12136 = FILL_AREA_STYLE('',(#12137));
#12137 = FILL_AREA_STYLE_COLOUR('',#11388);
#12138 = MECHANICAL_DESIGN_GEOMETRIC_PRESENTATION_REPRESENTATION('',(
    #12139,#12146,#12153,#12160,#12167,#12174,#12181,#12188,#12195,
    #12202,#12209,#12216,#12223,#12230,#12237,#12244,#12251,#12258,
    #12265,#12272,#12279,#12286,#12293,#12300,#12307,#12314,#12321,
    #12328,#12335,#12342,#12349,#12356,#12363,#12370,#12377,#12384,
    #12391,#12398,#12405,#12412,#12419,#12426,#12433,#12440,#12447,
    #12454,#12461,#12468,#12475,#12482,#12489,#12496,#12503,#12510,
    #12517,#12524,#12531,#12538,#12545,#12552,#12559,#12566,#12573,
    #12580,#12587,#12594,#12601,#12608,#12615,#12622,#12629,#12636,
    #12643,#12650,#12657,#12664,#12671,#12678,#12685,#12692,#12699,
    #12706,#12713,#12720,#12727,#12734,#12741,#12748,#12755,#12762,
    #12769,#12776,#12783,#12790,#12797,#12804,#12811,#12818,#12825,
    #12832,#12839,#12846,#12853,#12860,#12867,#12874,#12881,#12888,
    #12895,#12902,#12909,#12916,#12923,#12930,#12937,#12944,#12951,
    #12958,#12965,#12972,#12979,#12986,#12993,#13000),#4383);
#12139 = STYLED_ITEM('color',(#12140),#931);
#12140 = PRESENTATION_STYLE_ASSIGNMENT((#12141));
#12141 = SURFACE_STYLE_USAGE(.BOTH.,#12142);
#12142 = SURFACE_SIDE_STYLE('',(#12143));
#12143 = SURFACE_STYLE_FILL_AREA(#12144);
#12144 = FILL_AREA_STYLE('',(#12145));
#12145 = FILL_AREA_STYLE_COLOUR('',#11107);
#12146 = STYLED_ITEM('color',(#12147),#971);
#12147 = PRESENTATION_STYLE_ASSIGNMENT((#12148));
#12148 = SURFACE_STYLE_USAGE(.BOTH.,#12149);
#12149 = SURFACE_SIDE_STYLE('',(#12150));
#12150 = SURFACE_STYLE_FILL_AREA(#12151);
#12151 = FILL_AREA_STYLE('',(#12152));
#12152 = FILL_AREA_STYLE_COLOUR('',#11107);
#12153 = STYLED_ITEM('color',(#12154),#1002);
#12154 = PRESENTATION_STYLE_ASSIGNMENT((#12155));
#12155 = SURFACE_STYLE_USAGE(.BOTH.,#12156);
#12156 = SURFACE_SIDE_STYLE('',(#12157));
#12157 = SURFACE_STYLE_FILL_AREA(#12158);
#12158 = FILL_AREA_STYLE('',(#12159));
#12159 = FILL_AREA_STYLE_COLOUR('',#11107);
#12160 = STYLED_ITEM('color',(#12161),#1033);
#12161 = PRESENTATION_STYLE_ASSIGNMENT((#12162));
#12162 = SURFACE_STYLE_USAGE(.BOTH.,#12163);
#12163 = SURFACE_SIDE_STYLE('',(#12164));
#12164 = SURFACE_STYLE_FILL_AREA(#12165);
#12165 = FILL_AREA_STYLE('',(#12166));
#12166 = FILL_AREA_STYLE_COLOUR('',#11107);
#12167 = STYLED_ITEM('color',(#12168),#1444);
#12168 = PRESENTATION_STYLE_ASSIGNMENT((#12169));
#12169 = SURFACE_STYLE_USAGE(.BOTH.,#12170);
#12170 = SURFACE_SIDE_STYLE('',(#12171));
#12171 = SURFACE_STYLE_FILL_AREA(#12172);
#12172 = FILL_AREA_STYLE('',(#12173));
#12173 = FILL_AREA_STYLE_COLOUR('',#11107);
#12174 = STYLED_ITEM('color',(#12175),#1855);
#12175 = PRESENTATION_STYLE_ASSIGNMENT((#12176));
#12176 = SURFACE_STYLE_USAGE(.BOTH.,#12177);
#12177 = SURFACE_SIDE_STYLE('',(#12178));
#12178 = SURFACE_STYLE_FILL_AREA(#12179);
#12179 = FILL_AREA_STYLE('',(#12180));
#12180 = FILL_AREA_STYLE_COLOUR('',#11107);
#12181 = STYLED_ITEM('color',(#12182),#1872);
#12182 = PRESENTATION_STYLE_ASSIGNMENT((#12183));
#12183 = SURFACE_STYLE_USAGE(.BOTH.,#12184);
#12184 = SURFACE_SIDE_STYLE('',(#12185));
#12185 = SURFACE_STYLE_FILL_AREA(#12186);
#12186 = FILL_AREA_STYLE('',(#12187));
#12187 = FILL_AREA_STYLE_COLOUR('',#11107);
#12188 = STYLED_ITEM('color',(#12189),#1889);
#12189 = PRESENTATION_STYLE_ASSIGNMENT((#12190));
#12190 = SURFACE_STYLE_USAGE(.BOTH.,#12191);
#12191 = SURFACE_SIDE_STYLE('',(#12192));
#12192 = SURFACE_STYLE_FILL_AREA(#12193);
#12193 = FILL_AREA_STYLE('',(#12194));
#12194 = FILL_AREA_STYLE_COLOUR('',#11107);
#12195 = STYLED_ITEM('color',(#12196),#1906);
#12196 = PRESENTATION_STYLE_ASSIGNMENT((#12197));
#12197 = SURFACE_STYLE_USAGE(.BOTH.,#12198);
#12198 = SURFACE_SIDE_STYLE('',(#12199));
#12199 = SURFACE_STYLE_FILL_AREA(#12200);
#12200 = FILL_AREA_STYLE('',(#12201));
#12201 = FILL_AREA_STYLE_COLOUR('',#11107);
#12202 = STYLED_ITEM('color',(#12203),#1923);
#12203 = PRESENTATION_STYLE_ASSIGNMENT((#12204));
#12204 = SURFACE_STYLE_USAGE(.BOTH.,#12205);
#12205 = SURFACE_SIDE_STYLE('',(#12206));
#12206 = SURFACE_STYLE_FILL_AREA(#12207);
#12207 = FILL_AREA_STYLE('',(#12208));
#12208 = FILL_AREA_STYLE_COLOUR('',#11107);
#12209 = STYLED_ITEM('color',(#12210),#1940);
#12210 = PRESENTATION_STYLE_ASSIGNMENT((#12211));
#12211 = SURFACE_STYLE_USAGE(.BOTH.,#12212);
#12212 = SURFACE_SIDE_STYLE('',(#12213));
#12213 = SURFACE_STYLE_FILL_AREA(#12214);
#12214 = FILL_AREA_STYLE('',(#12215));
#12215 = FILL_AREA_STYLE_COLOUR('',#11107);
#12216 = STYLED_ITEM('color',(#12217),#1957);
#12217 = PRESENTATION_STYLE_ASSIGNMENT((#12218));
#12218 = SURFACE_STYLE_USAGE(.BOTH.,#12219);
#12219 = SURFACE_SIDE_STYLE('',(#12220));
#12220 = SURFACE_STYLE_FILL_AREA(#12221);
#12221 = FILL_AREA_STYLE('',(#12222));
#12222 = FILL_AREA_STYLE_COLOUR('',#11107);
#12223 = STYLED_ITEM('color',(#12224),#1974);
#12224 = PRESENTATION_STYLE_ASSIGNMENT((#12225));
#12225 = SURFACE_STYLE_USAGE(.BOTH.,#12226);
#12226 = SURFACE_SIDE_STYLE('',(#12227));
#12227 = SURFACE_STYLE_FILL_AREA(#12228);
#12228 = FILL_AREA_STYLE('',(#12229));
#12229 = FILL_AREA_STYLE_COLOUR('',#11107);
#12230 = STYLED_ITEM('color',(#12231),#1991);
#12231 = PRESENTATION_STYLE_ASSIGNMENT((#12232));
#12232 = SURFACE_STYLE_USAGE(.BOTH.,#12233);
#12233 = SURFACE_SIDE_STYLE('',(#12234));
#12234 = SURFACE_STYLE_FILL_AREA(#12235);
#12235 = FILL_AREA_STYLE('',(#12236));
#12236 = FILL_AREA_STYLE_COLOUR('',#11107);
#12237 = STYLED_ITEM('color',(#12238),#2008);
#12238 = PRESENTATION_STYLE_ASSIGNMENT((#12239));
#12239 = SURFACE_STYLE_USAGE(.BOTH.,#12240);
#12240 = SURFACE_SIDE_STYLE('',(#12241));
#12241 = SURFACE_STYLE_FILL_AREA(#12242);
#12242 = FILL_AREA_STYLE('',(#12243));
#12243 = FILL_AREA_STYLE_COLOUR('',#11107);
#12244 = STYLED_ITEM('color',(#12245),#2025);
#12245 = PRESENTATION_STYLE_ASSIGNMENT((#12246));
#12246 = SURFACE_STYLE_USAGE(.BOTH.,#12247);
#12247 = SURFACE_SIDE_STYLE('',(#12248));
#12248 = SURFACE_STYLE_FILL_AREA(#12249);
#12249 = FILL_AREA_STYLE('',(#12250));
#12250 = FILL_AREA_STYLE_COLOUR('',#11107);
#12251 = STYLED_ITEM('color',(#12252),#2042);
#12252 = PRESENTATION_STYLE_ASSIGNMENT((#12253));
#12253 = SURFACE_STYLE_USAGE(.BOTH.,#12254);
#12254 = SURFACE_SIDE_STYLE('',(#12255));
#12255 = SURFACE_STYLE_FILL_AREA(#12256);
#12256 = FILL_AREA_STYLE('',(#12257));
#12257 = FILL_AREA_STYLE_COLOUR('',#11107);
#12258 = STYLED_ITEM('color',(#12259),#2059);
#12259 = PRESENTATION_STYLE_ASSIGNMENT((#12260));
#12260 = SURFACE_STYLE_USAGE(.BOTH.,#12261);
#12261 = SURFACE_SIDE_STYLE('',(#12262));
#12262 = SURFACE_STYLE_FILL_AREA(#12263);
#12263 = FILL_AREA_STYLE('',(#12264));
#12264 = FILL_AREA_STYLE_COLOUR('',#11107);
#12265 = STYLED_ITEM('color',(#12266),#2076);
#12266 = PRESENTATION_STYLE_ASSIGNMENT((#12267));
#12267 = SURFACE_STYLE_USAGE(.BOTH.,#12268);
#12268 = SURFACE_SIDE_STYLE('',(#12269));
#12269 = SURFACE_STYLE_FILL_AREA(#12270);
#12270 = FILL_AREA_STYLE('',(#12271));
#12271 = FILL_AREA_STYLE_COLOUR('',#11107);
#12272 = STYLED_ITEM('color',(#12273),#2093);
#12273 = PRESENTATION_STYLE_ASSIGNMENT((#12274));
#12274 = SURFACE_STYLE_USAGE(.BOTH.,#12275);
#12275 = SURFACE_SIDE_STYLE('',(#12276));
#12276 = SURFACE_STYLE_FILL_AREA(#12277);
#12277 = FILL_AREA_STYLE('',(#12278));
#12278 = FILL_AREA_STYLE_COLOUR('',#11107);
#12279 = STYLED_ITEM('color',(#12280),#2110);
#12280 = PRESENTATION_STYLE_ASSIGNMENT((#12281));
#12281 = SURFACE_STYLE_USAGE(.BOTH.,#12282);
#12282 = SURFACE_SIDE_STYLE('',(#12283));
#12283 = SURFACE_STYLE_FILL_AREA(#12284);
#12284 = FILL_AREA_STYLE('',(#12285));
#12285 = FILL_AREA_STYLE_COLOUR('',#11107);
#12286 = STYLED_ITEM('color',(#12287),#2127);
#12287 = PRESENTATION_STYLE_ASSIGNMENT((#12288));
#12288 = SURFACE_STYLE_USAGE(.BOTH.,#12289);
#12289 = SURFACE_SIDE_STYLE('',(#12290));
#12290 = SURFACE_STYLE_FILL_AREA(#12291);
#12291 = FILL_AREA_STYLE('',(#12292));
#12292 = FILL_AREA_STYLE_COLOUR('',#11107);
#12293 = STYLED_ITEM('color',(#12294),#2144);
#12294 = PRESENTATION_STYLE_ASSIGNMENT((#12295));
#12295 = SURFACE_STYLE_USAGE(.BOTH.,#12296);
#12296 = SURFACE_SIDE_STYLE('',(#12297));
#12297 = SURFACE_STYLE_FILL_AREA(#12298);
#12298 = FILL_AREA_STYLE('',(#12299));
#12299 = FILL_AREA_STYLE_COLOUR('',#11107);
#12300 = STYLED_ITEM('color',(#12301),#2161);
#12301 = PRESENTATION_STYLE_ASSIGNMENT((#12302));
#12302 = SURFACE_STYLE_USAGE(.BOTH.,#12303);
#12303 = SURFACE_SIDE_STYLE('',(#12304));
#12304 = SURFACE_STYLE_FILL_AREA(#12305);
#12305 = FILL_AREA_STYLE('',(#12306));
#12306 = FILL_AREA_STYLE_COLOUR('',#11107);
#12307 = STYLED_ITEM('color',(#12308),#2178);
#12308 = PRESENTATION_STYLE_ASSIGNMENT((#12309));
#12309 = SURFACE_STYLE_USAGE(.BOTH.,#12310);
#12310 = SURFACE_SIDE_STYLE('',(#12311));
#12311 = SURFACE_STYLE_FILL_AREA(#12312);
#12312 = FILL_AREA_STYLE('',(#12313));
#12313 = FILL_AREA_STYLE_COLOUR('',#11107);
#12314 = STYLED_ITEM('color',(#12315),#2195);
#12315 = PRESENTATION_STYLE_ASSIGNMENT((#12316));
#12316 = SURFACE_STYLE_USAGE(.BOTH.,#12317);
#12317 = SURFACE_SIDE_STYLE('',(#12318));
#12318 = SURFACE_STYLE_FILL_AREA(#12319);
#12319 = FILL_AREA_STYLE('',(#12320));
#12320 = FILL_AREA_STYLE_COLOUR('',#11107);
#12321 = STYLED_ITEM('color',(#12322),#2212);
#12322 = PRESENTATION_STYLE_ASSIGNMENT((#12323));
#12323 = SURFACE_STYLE_USAGE(.BOTH.,#12324);
#12324 = SURFACE_SIDE_STYLE('',(#12325));
#12325 = SURFACE_STYLE_FILL_AREA(#12326);
#12326 = FILL_AREA_STYLE('',(#12327));
#12327 = FILL_AREA_STYLE_COLOUR('',#11107);
#12328 = STYLED_ITEM('color',(#12329),#2229);
#12329 = PRESENTATION_STYLE_ASSIGNMENT((#12330));
#12330 = SURFACE_STYLE_USAGE(.BOTH.,#12331);
#12331 = SURFACE_SIDE_STYLE('',(#12332));
#12332 = SURFACE_STYLE_FILL_AREA(#12333);
#12333 = FILL_AREA_STYLE('',(#12334));
#12334 = FILL_AREA_STYLE_COLOUR('',#11107);
#12335 = STYLED_ITEM('color',(#12336),#2246);
#12336 = PRESENTATION_STYLE_ASSIGNMENT((#12337));
#12337 = SURFACE_STYLE_USAGE(.BOTH.,#12338);
#12338 = SURFACE_SIDE_STYLE('',(#12339));
#12339 = SURFACE_STYLE_FILL_AREA(#12340);
#12340 = FILL_AREA_STYLE('',(#12341));
#12341 = FILL_AREA_STYLE_COLOUR('',#11107);
#12342 = STYLED_ITEM('color',(#12343),#2263);
#12343 = PRESENTATION_STYLE_ASSIGNMENT((#12344));
#12344 = SURFACE_STYLE_USAGE(.BOTH.,#12345);
#12345 = SURFACE_SIDE_STYLE('',(#12346));
#12346 = SURFACE_STYLE_FILL_AREA(#12347);
#12347 = FILL_AREA_STYLE('',(#12348));
#12348 = FILL_AREA_STYLE_COLOUR('',#11107);
#12349 = STYLED_ITEM('color',(#12350),#2280);
#12350 = PRESENTATION_STYLE_ASSIGNMENT((#12351));
#12351 = SURFACE_STYLE_USAGE(.BOTH.,#12352);
#12352 = SURFACE_SIDE_STYLE('',(#12353));
#12353 = SURFACE_STYLE_FILL_AREA(#12354);
#12354 = FILL_AREA_STYLE('',(#12355));
#12355 = FILL_AREA_STYLE_COLOUR('',#11107);
#12356 = STYLED_ITEM('color',(#12357),#2297);
#12357 = PRESENTATION_STYLE_ASSIGNMENT((#12358));
#12358 = SURFACE_STYLE_USAGE(.BOTH.,#12359);
#12359 = SURFACE_SIDE_STYLE('',(#12360));
#12360 = SURFACE_STYLE_FILL_AREA(#12361);
#12361 = FILL_AREA_STYLE('',(#12362));
#12362 = FILL_AREA_STYLE_COLOUR('',#11107);
#12363 = STYLED_ITEM('color',(#12364),#2314);
#12364 = PRESENTATION_STYLE_ASSIGNMENT((#12365));
#12365 = SURFACE_STYLE_USAGE(.BOTH.,#12366);
#12366 = SURFACE_SIDE_STYLE('',(#12367));
#12367 = SURFACE_STYLE_FILL_AREA(#12368);
#12368 = FILL_AREA_STYLE('',(#12369));
#12369 = FILL_AREA_STYLE_COLOUR('',#11107);
#12370 = STYLED_ITEM('color',(#12371),#2331);
#12371 = PRESENTATION_STYLE_ASSIGNMENT((#12372));
#12372 = SURFACE_STYLE_USAGE(.BOTH.,#12373);
#12373 = SURFACE_SIDE_STYLE('',(#12374));
#12374 = SURFACE_STYLE_FILL_AREA(#12375);
#12375 = FILL_AREA_STYLE('',(#12376));
#12376 = FILL_AREA_STYLE_COLOUR('',#11107);
#12377 = STYLED_ITEM('color',(#12378),#2343);
#12378 = PRESENTATION_STYLE_ASSIGNMENT((#12379));
#12379 = SURFACE_STYLE_USAGE(.BOTH.,#12380);
#12380 = SURFACE_SIDE_STYLE('',(#12381));
#12381 = SURFACE_STYLE_FILL_AREA(#12382);
#12382 = FILL_AREA_STYLE('',(#12383));
#12383 = FILL_AREA_STYLE_COLOUR('',#11388);
#12384 = STYLED_ITEM('color',(#12385),#2374);
#12385 = PRESENTATION_STYLE_ASSIGNMENT((#12386));
#12386 = SURFACE_STYLE_USAGE(.BOTH.,#12387);
#12387 = SURFACE_SIDE_STYLE('',(#12388));
#12388 = SURFACE_STYLE_FILL_AREA(#12389);
#12389 = FILL_AREA_STYLE('',(#12390));
#12390 = FILL_AREA_STYLE_COLOUR('',#11388);
#12391 = STYLED_ITEM('color',(#12392),#2398);
#12392 = PRESENTATION_STYLE_ASSIGNMENT((#12393));
#12393 = SURFACE_STYLE_USAGE(.BOTH.,#12394);
#12394 = SURFACE_SIDE_STYLE('',(#12395));
#12395 = SURFACE_STYLE_FILL_AREA(#12396);
#12396 = FILL_AREA_STYLE('',(#12397));
#12397 = FILL_AREA_STYLE_COLOUR('',#11388);
#12398 = STYLED_ITEM('color',(#12399),#2422);
#12399 = PRESENTATION_STYLE_ASSIGNMENT((#12400));
#12400 = SURFACE_STYLE_USAGE(.BOTH.,#12401);
#12401 = SURFACE_SIDE_STYLE('',(#12402));
#12402 = SURFACE_STYLE_FILL_AREA(#12403);
#12403 = FILL_AREA_STYLE('',(#12404));
#12404 = FILL_AREA_STYLE_COLOUR('',#11388);
#12405 = STYLED_ITEM('color',(#12406),#2439);
#12406 = PRESENTATION_STYLE_ASSIGNMENT((#12407));
#12407 = SURFACE_STYLE_USAGE(.BOTH.,#12408);
#12408 = SURFACE_SIDE_STYLE('',(#12409));
#12409 = SURFACE_STYLE_FILL_AREA(#12410);
#12410 = FILL_AREA_STYLE('',(#12411));
#12411 = FILL_AREA_STYLE_COLOUR('',#11388);
#12412 = STYLED_ITEM('color',(#12413),#2470);
#12413 = PRESENTATION_STYLE_ASSIGNMENT((#12414));
#12414 = SURFACE_STYLE_USAGE(.BOTH.,#12415);
#12415 = SURFACE_SIDE_STYLE('',(#12416));
#12416 = SURFACE_STYLE_FILL_AREA(#12417);
#12417 = FILL_AREA_STYLE('',(#12418));
#12418 = FILL_AREA_STYLE_COLOUR('',#11388);
#12419 = STYLED_ITEM('color',(#12420),#2494);
#12420 = PRESENTATION_STYLE_ASSIGNMENT((#12421));
#12421 = SURFACE_STYLE_USAGE(.BOTH.,#12422);
#12422 = SURFACE_SIDE_STYLE('',(#12423));
#12423 = SURFACE_STYLE_FILL_AREA(#12424);
#12424 = FILL_AREA_STYLE('',(#12425));
#12425 = FILL_AREA_STYLE_COLOUR('',#11388);
#12426 = STYLED_ITEM('color',(#12427),#2518);
#12427 = PRESENTATION_STYLE_ASSIGNMENT((#12428));
#12428 = SURFACE_STYLE_USAGE(.BOTH.,#12429);
#12429 = SURFACE_SIDE_STYLE('',(#12430));
#12430 = SURFACE_STYLE_FILL_AREA(#12431);
#12431 = FILL_AREA_STYLE('',(#12432));
#12432 = FILL_AREA_STYLE_COLOUR('',#11388);
#12433 = STYLED_ITEM('color',(#12434),#2535);
#12434 = PRESENTATION_STYLE_ASSIGNMENT((#12435));
#12435 = SURFACE_STYLE_USAGE(.BOTH.,#12436);
#12436 = SURFACE_SIDE_STYLE('',(#12437));
#12437 = SURFACE_STYLE_FILL_AREA(#12438);
#12438 = FILL_AREA_STYLE('',(#12439));
#12439 = FILL_AREA_STYLE_COLOUR('',#11388);
#12440 = STYLED_ITEM('color',(#12441),#2566);
#12441 = PRESENTATION_STYLE_ASSIGNMENT((#12442));
#12442 = SURFACE_STYLE_USAGE(.BOTH.,#12443);
#12443 = SURFACE_SIDE_STYLE('',(#12444));
#12444 = SURFACE_STYLE_FILL_AREA(#12445);
#12445 = FILL_AREA_STYLE('',(#12446));
#12446 = FILL_AREA_STYLE_COLOUR('',#11388);
#12447 = STYLED_ITEM('color',(#12448),#2590);
#12448 = PRESENTATION_STYLE_ASSIGNMENT((#12449));
#12449 = SURFACE_STYLE_USAGE(.BOTH.,#12450);
#12450 = SURFACE_SIDE_STYLE('',(#12451));
#12451 = SURFACE_STYLE_FILL_AREA(#12452);
#12452 = FILL_AREA_STYLE('',(#12453));
#12453 = FILL_AREA_STYLE_COLOUR('',#11388);
#12454 = STYLED_ITEM('color',(#12455),#2614);
#12455 = PRESENTATION_STYLE_ASSIGNMENT((#12456));
#12456 = SURFACE_STYLE_USAGE(.BOTH.,#12457);
#12457 = SURFACE_SIDE_STYLE('',(#12458));
#12458 = SURFACE_STYLE_FILL_AREA(#12459);
#12459 = FILL_AREA_STYLE('',(#12460));
#12460 = FILL_AREA_STYLE_COLOUR('',#11388);
#12461 = STYLED_ITEM('color',(#12462),#2631);
#12462 = PRESENTATION_STYLE_ASSIGNMENT((#12463));
#12463 = SURFACE_STYLE_USAGE(.BOTH.,#12464);
#12464 = SURFACE_SIDE_STYLE('',(#12465));
#12465 = SURFACE_STYLE_FILL_AREA(#12466);
#12466 = FILL_AREA_STYLE('',(#12467));
#12467 = FILL_AREA_STYLE_COLOUR('',#11388);
#12468 = STYLED_ITEM('color',(#12469),#2662);
#12469 = PRESENTATION_STYLE_ASSIGNMENT((#12470));
#12470 = SURFACE_STYLE_USAGE(.BOTH.,#12471);
#12471 = SURFACE_SIDE_STYLE('',(#12472));
#12472 = SURFACE_STYLE_FILL_AREA(#12473);
#12473 = FILL_AREA_STYLE('',(#12474));
#12474 = FILL_AREA_STYLE_COLOUR('',#11388);
#12475 = STYLED_ITEM('color',(#12476),#2686);
#12476 = PRESENTATION_STYLE_ASSIGNMENT((#12477));
#12477 = SURFACE_STYLE_USAGE(.BOTH.,#12478);
#12478 = SURFACE_SIDE_STYLE('',(#12479));
#12479 = SURFACE_STYLE_FILL_AREA(#12480);
#12480 = FILL_AREA_STYLE('',(#12481));
#12481 = FILL_AREA_STYLE_COLOUR('',#11388);
#12482 = STYLED_ITEM('color',(#12483),#2710);
#12483 = PRESENTATION_STYLE_ASSIGNMENT((#12484));
#12484 = SURFACE_STYLE_USAGE(.BOTH.,#12485);
#12485 = SURFACE_SIDE_STYLE('',(#12486));
#12486 = SURFACE_STYLE_FILL_AREA(#12487);
#12487 = FILL_AREA_STYLE('',(#12488));
#12488 = FILL_AREA_STYLE_COLOUR('',#11388);
#12489 = STYLED_ITEM('color',(#12490),#2727);
#12490 = PRESENTATION_STYLE_ASSIGNMENT((#12491));
#12491 = SURFACE_STYLE_USAGE(.BOTH.,#12492);
#12492 = SURFACE_SIDE_STYLE('',(#12493));
#12493 = SURFACE_STYLE_FILL_AREA(#12494);
#12494 = FILL_AREA_STYLE('',(#12495));
#12495 = FILL_AREA_STYLE_COLOUR('',#11388);
#12496 = STYLED_ITEM('color',(#12497),#2758);
#12497 = PRESENTATION_STYLE_ASSIGNMENT((#12498));
#12498 = SURFACE_STYLE_USAGE(.BOTH.,#12499);
#12499 = SURFACE_SIDE_STYLE('',(#12500));
#12500 = SURFACE_STYLE_FILL_AREA(#12501);
#12501 = FILL_AREA_STYLE('',(#12502));
#12502 = FILL_AREA_STYLE_COLOUR('',#11388);
#12503 = STYLED_ITEM('color',(#12504),#2782);
#12504 = PRESENTATION_STYLE_ASSIGNMENT((#12505));
#12505 = SURFACE_STYLE_USAGE(.BOTH.,#12506);
#12506 = SURFACE_SIDE_STYLE('',(#12507));
#12507 = SURFACE_STYLE_FILL_AREA(#12508);
#12508 = FILL_AREA_STYLE('',(#12509));
#12509 = FILL_AREA_STYLE_COLOUR('',#11388);
#12510 = STYLED_ITEM('color',(#12511),#2806);
#12511 = PRESENTATION_STYLE_ASSIGNMENT((#12512));
#12512 = SURFACE_STYLE_USAGE(.BOTH.,#12513);
#12513 = SURFACE_SIDE_STYLE('',(#12514));
#12514 = SURFACE_STYLE_FILL_AREA(#12515);
#12515 = FILL_AREA_STYLE('',(#12516));
#12516 = FILL_AREA_STYLE_COLOUR('',#11388);
#12517 = STYLED_ITEM('color',(#12518),#2823);
#12518 = PRESENTATION_STYLE_ASSIGNMENT((#12519));
#12519 = SURFACE_STYLE_USAGE(.BOTH.,#12520);
#12520 = SURFACE_SIDE_STYLE('',(#12521));
#12521 = SURFACE_STYLE_FILL_AREA(#12522);
#12522 = FILL_AREA_STYLE('',(#12523));
#12523 = FILL_AREA_STYLE_COLOUR('',#11388);
#12524 = STYLED_ITEM('color',(#12525),#2854);
#12525 = PRESENTATION_STYLE_ASSIGNMENT((#12526));
#12526 = SURFACE_STYLE_USAGE(.BOTH.,#12527);
#12527 = SURFACE_SIDE_STYLE('',(#12528));
#12528 = SURFACE_STYLE_FILL_AREA(#12529);
#12529 = FILL_AREA_STYLE('',(#12530));
#12530 = FILL_AREA_STYLE_COLOUR('',#11388);
#12531 = STYLED_ITEM('color',(#12532),#2878);
#12532 = PRESENTATION_STYLE_ASSIGNMENT((#12533));
#12533 = SURFACE_STYLE_USAGE(.BOTH.,#12534);
#12534 = SURFACE_SIDE_STYLE('',(#12535));
#12535 = SURFACE_STYLE_FILL_AREA(#12536);
#12536 = FILL_AREA_STYLE('',(#12537));
#12537 = FILL_AREA_STYLE_COLOUR('',#11388);
#12538 = STYLED_ITEM('color',(#12539),#2902);
#12539 = PRESENTATION_STYLE_ASSIGNMENT((#12540));
#12540 = SURFACE_STYLE_USAGE(.BOTH.,#12541);
#12541 = SURFACE_SIDE_STYLE('',(#12542));
#12542 = SURFACE_STYLE_FILL_AREA(#12543);
#12543 = FILL_AREA_STYLE('',(#12544));
#12544 = FILL_AREA_STYLE_COLOUR('',#11388);
#12545 = STYLED_ITEM('color',(#12546),#2919);
#12546 = PRESENTATION_STYLE_ASSIGNMENT((#12547));
#12547 = SURFACE_STYLE_USAGE(.BOTH.,#12548);
#12548 = SURFACE_SIDE_STYLE('',(#12549));
#12549 = SURFACE_STYLE_FILL_AREA(#12550);
#12550 = FILL_AREA_STYLE('',(#12551));
#12551 = FILL_AREA_STYLE_COLOUR('',#11388);
#12552 = STYLED_ITEM('color',(#12553),#2950);
#12553 = PRESENTATION_STYLE_ASSIGNMENT((#12554));
#12554 = SURFACE_STYLE_USAGE(.BOTH.,#12555);
#12555 = SURFACE_SIDE_STYLE('',(#12556));
#12556 = SURFACE_STYLE_FILL_AREA(#12557);
#12557 = FILL_AREA_STYLE('',(#12558));
#12558 = FILL_AREA_STYLE_COLOUR('',#11388);
#12559 = STYLED_ITEM('color',(#12560),#2974);
#12560 = PRESENTATION_STYLE_ASSIGNMENT((#12561));
#12561 = SURFACE_STYLE_USAGE(.BOTH.,#12562);
#12562 = SURFACE_SIDE_STYLE('',(#12563));
#12563 = SURFACE_STYLE_FILL_AREA(#12564);
#12564 = FILL_AREA_STYLE('',(#12565));
#12565 = FILL_AREA_STYLE_COLOUR('',#11388);
#12566 = STYLED_ITEM('color',(#12567),#2998);
#12567 = PRESENTATION_STYLE_ASSIGNMENT((#12568));
#12568 = SURFACE_STYLE_USAGE(.BOTH.,#12569);
#12569 = SURFACE_SIDE_STYLE('',(#12570));
#12570 = SURFACE_STYLE_FILL_AREA(#12571);
#12571 = FILL_AREA_STYLE('',(#12572));
#12572 = FILL_AREA_STYLE_COLOUR('',#11388);
#12573 = STYLED_ITEM('color',(#12574),#3015);
#12574 = PRESENTATION_STYLE_ASSIGNMENT((#12575));
#12575 = SURFACE_STYLE_USAGE(.BOTH.,#12576);
#12576 = SURFACE_SIDE_STYLE('',(#12577));
#12577 = SURFACE_STYLE_FILL_AREA(#12578);
#12578 = FILL_AREA_STYLE('',(#12579));
#12579 = FILL_AREA_STYLE_COLOUR('',#11388);
#12580 = STYLED_ITEM('color',(#12581),#3046);
#12581 = PRESENTATION_STYLE_ASSIGNMENT((#12582));
#12582 = SURFACE_STYLE_USAGE(.BOTH.,#12583);
#12583 = SURFACE_SIDE_STYLE('',(#12584));
#12584 = SURFACE_STYLE_FILL_AREA(#12585);
#12585 = FILL_AREA_STYLE('',(#12586));
#12586 = FILL_AREA_STYLE_COLOUR('',#11388);
#12587 = STYLED_ITEM('color',(#12588),#3070);
#12588 = PRESENTATION_STYLE_ASSIGNMENT((#12589));
#12589 = SURFACE_STYLE_USAGE(.BOTH.,#12590);
#12590 = SURFACE_SIDE_STYLE('',(#12591));
#12591 = SURFACE_STYLE_FILL_AREA(#12592);
#12592 = FILL_AREA_STYLE('',(#12593));
#12593 = FILL_AREA_STYLE_COLOUR('',#11388);
#12594 = STYLED_ITEM('color',(#12595),#3094);
#12595 = PRESENTATION_STYLE_ASSIGNMENT((#12596));
#12596 = SURFACE_STYLE_USAGE(.BOTH.,#12597);
#12597 = SURFACE_SIDE_STYLE('',(#12598));
#12598 = SURFACE_STYLE_FILL_AREA(#12599);
#12599 = FILL_AREA_STYLE('',(#12600));
#12600 = FILL_AREA_STYLE_COLOUR('',#11388);
#12601 = STYLED_ITEM('color',(#12602),#3111);
#12602 = PRESENTATION_STYLE_ASSIGNMENT((#12603));
#12603 = SURFACE_STYLE_USAGE(.BOTH.,#12604);
#12604 = SURFACE_SIDE_STYLE('',(#12605));
#12605 = SURFACE_STYLE_FILL_AREA(#12606);
#12606 = FILL_AREA_STYLE('',(#12607));
#12607 = FILL_AREA_STYLE_COLOUR('',#11388);
#12608 = STYLED_ITEM('color',(#12609),#3142);
#12609 = PRESENTATION_STYLE_ASSIGNMENT((#12610));
#12610 = SURFACE_STYLE_USAGE(.BOTH.,#12611);
#12611 = SURFACE_SIDE_STYLE('',(#12612));
#12612 = SURFACE_STYLE_FILL_AREA(#12613);
#12613 = FILL_AREA_STYLE('',(#12614));
#12614 = FILL_AREA_STYLE_COLOUR('',#11388);
#12615 = STYLED_ITEM('color',(#12616),#3166);
#12616 = PRESENTATION_STYLE_ASSIGNMENT((#12617));
#12617 = SURFACE_STYLE_USAGE(.BOTH.,#12618);
#12618 = SURFACE_SIDE_STYLE('',(#12619));
#12619 = SURFACE_STYLE_FILL_AREA(#12620);
#12620 = FILL_AREA_STYLE('',(#12621));
#12621 = FILL_AREA_STYLE_COLOUR('',#11388);
#12622 = STYLED_ITEM('color',(#12623),#3190);
#12623 = PRESENTATION_STYLE_ASSIGNMENT((#12624));
#12624 = SURFACE_STYLE_USAGE(.BOTH.,#12625);
#12625 = SURFACE_SIDE_STYLE('',(#12626));
#12626 = SURFACE_STYLE_FILL_AREA(#12627);
#12627 = FILL_AREA_STYLE('',(#12628));
#12628 = FILL_AREA_STYLE_COLOUR('',#11388);
#12629 = STYLED_ITEM('color',(#12630),#3207);
#12630 = PRESENTATION_STYLE_ASSIGNMENT((#12631));
#12631 = SURFACE_STYLE_USAGE(.BOTH.,#12632);
#12632 = SURFACE_SIDE_STYLE('',(#12633));
#12633 = SURFACE_STYLE_FILL_AREA(#12634);
#12634 = FILL_AREA_STYLE('',(#12635));
#12635 = FILL_AREA_STYLE_COLOUR('',#11388);
#12636 = STYLED_ITEM('color',(#12637),#3238);
#12637 = PRESENTATION_STYLE_ASSIGNMENT((#12638));
#12638 = SURFACE_STYLE_USAGE(.BOTH.,#12639);
#12639 = SURFACE_SIDE_STYLE('',(#12640));
#12640 = SURFACE_STYLE_FILL_AREA(#12641);
#12641 = FILL_AREA_STYLE('',(#12642));
#12642 = FILL_AREA_STYLE_COLOUR('',#11388);
#12643 = STYLED_ITEM('color',(#12644),#3262);
#12644 = PRESENTATION_STYLE_ASSIGNMENT((#12645));
#12645 = SURFACE_STYLE_USAGE(.BOTH.,#12646);
#12646 = SURFACE_SIDE_STYLE('',(#12647));
#12647 = SURFACE_STYLE_FILL_AREA(#12648);
#12648 = FILL_AREA_STYLE('',(#12649));
#12649 = FILL_AREA_STYLE_COLOUR('',#11388);
#12650 = STYLED_ITEM('color',(#12651),#3286);
#12651 = PRESENTATION_STYLE_ASSIGNMENT((#12652));
#12652 = SURFACE_STYLE_USAGE(.BOTH.,#12653);
#12653 = SURFACE_SIDE_STYLE('',(#12654));
#12654 = SURFACE_STYLE_FILL_AREA(#12655);
#12655 = FILL_AREA_STYLE('',(#12656));
#12656 = FILL_AREA_STYLE_COLOUR('',#11388);
#12657 = STYLED_ITEM('color',(#12658),#3303);
#12658 = PRESENTATION_STYLE_ASSIGNMENT((#12659));
#12659 = SURFACE_STYLE_USAGE(.BOTH.,#12660);
#12660 = SURFACE_SIDE_STYLE('',(#12661));
#12661 = SURFACE_STYLE_FILL_AREA(#12662);
#12662 = FILL_AREA_STYLE('',(#12663));
#12663 = FILL_AREA_STYLE_COLOUR('',#11388);
#12664 = STYLED_ITEM('color',(#12665),#3334);
#12665 = PRESENTATION_STYLE_ASSIGNMENT((#12666));
#12666 = SURFACE_STYLE_USAGE(.BOTH.,#12667);
#12667 = SURFACE_SIDE_STYLE('',(#12668));
#12668 = SURFACE_STYLE_FILL_AREA(#12669);
#12669 = FILL_AREA_STYLE('',(#12670));
#12670 = FILL_AREA_STYLE_COLOUR('',#11388);
#12671 = STYLED_ITEM('color',(#12672),#3358);
#12672 = PRESENTATION_STYLE_ASSIGNMENT((#12673));
#12673 = SURFACE_STYLE_USAGE(.BOTH.,#12674);
#12674 = SURFACE_SIDE_STYLE('',(#12675));
#12675 = SURFACE_STYLE_FILL_AREA(#12676);
#12676 = FILL_AREA_STYLE('',(#12677));
#12677 = FILL_AREA_STYLE_COLOUR('',#11388);
#12678 = STYLED_ITEM('color',(#12679),#3382);
#12679 = PRESENTATION_STYLE_ASSIGNMENT((#12680));
#12680 = SURFACE_STYLE_USAGE(.BOTH.,#12681);
#12681 = SURFACE_SIDE_STYLE('',(#12682));
#12682 = SURFACE_STYLE_FILL_AREA(#12683);
#12683 = FILL_AREA_STYLE('',(#12684));
#12684 = FILL_AREA_STYLE_COLOUR('',#11388);
#12685 = STYLED_ITEM('color',(#12686),#3399);
#12686 = PRESENTATION_STYLE_ASSIGNMENT((#12687));
#12687 = SURFACE_STYLE_USAGE(.BOTH.,#12688);
#12688 = SURFACE_SIDE_STYLE('',(#12689));
#12689 = SURFACE_STYLE_FILL_AREA(#12690);
#12690 = FILL_AREA_STYLE('',(#12691));
#12691 = FILL_AREA_STYLE_COLOUR('',#11388);
#12692 = STYLED_ITEM('color',(#12693),#3430);
#12693 = PRESENTATION_STYLE_ASSIGNMENT((#12694));
#12694 = SURFACE_STYLE_USAGE(.BOTH.,#12695);
#12695 = SURFACE_SIDE_STYLE('',(#12696));
#12696 = SURFACE_STYLE_FILL_AREA(#12697);
#12697 = FILL_AREA_STYLE('',(#12698));
#12698 = FILL_AREA_STYLE_COLOUR('',#11388);
#12699 = STYLED_ITEM('color',(#12700),#3454);
#12700 = PRESENTATION_STYLE_ASSIGNMENT((#12701));
#12701 = SURFACE_STYLE_USAGE(.BOTH.,#12702);
#12702 = SURFACE_SIDE_STYLE('',(#12703));
#12703 = SURFACE_STYLE_FILL_AREA(#12704);
#12704 = FILL_AREA_STYLE('',(#12705));
#12705 = FILL_AREA_STYLE_COLOUR('',#11388);
#12706 = STYLED_ITEM('color',(#12707),#3478);
#12707 = PRESENTATION_STYLE_ASSIGNMENT((#12708));
#12708 = SURFACE_STYLE_USAGE(.BOTH.,#12709);
#12709 = SURFACE_SIDE_STYLE('',(#12710));
#12710 = SURFACE_STYLE_FILL_AREA(#12711);
#12711 = FILL_AREA_STYLE('',(#12712));
#12712 = FILL_AREA_STYLE_COLOUR('',#11388);
#12713 = STYLED_ITEM('color',(#12714),#3495);
#12714 = PRESENTATION_STYLE_ASSIGNMENT((#12715));
#12715 = SURFACE_STYLE_USAGE(.BOTH.,#12716);
#12716 = SURFACE_SIDE_STYLE('',(#12717));
#12717 = SURFACE_STYLE_FILL_AREA(#12718);
#12718 = FILL_AREA_STYLE('',(#12719));
#12719 = FILL_AREA_STYLE_COLOUR('',#11388);
#12720 = STYLED_ITEM('color',(#12721),#3526);
#12721 = PRESENTATION_STYLE_ASSIGNMENT((#12722));
#12722 = SURFACE_STYLE_USAGE(.BOTH.,#12723);
#12723 = SURFACE_SIDE_STYLE('',(#12724));
#12724 = SURFACE_STYLE_FILL_AREA(#12725);
#12725 = FILL_AREA_STYLE('',(#12726));
#12726 = FILL_AREA_STYLE_COLOUR('',#11388);
#12727 = STYLED_ITEM('color',(#12728),#3550);
#12728 = PRESENTATION_STYLE_ASSIGNMENT((#12729));
#12729 = SURFACE_STYLE_USAGE(.BOTH.,#12730);
#12730 = SURFACE_SIDE_STYLE('',(#12731));
#12731 = SURFACE_STYLE_FILL_AREA(#12732);
#12732 = FILL_AREA_STYLE('',(#12733));
#12733 = FILL_AREA_STYLE_COLOUR('',#11388);
#12734 = STYLED_ITEM('color',(#12735),#3574);
#12735 = PRESENTATION_STYLE_ASSIGNMENT((#12736));
#12736 = SURFACE_STYLE_USAGE(.BOTH.,#12737);
#12737 = SURFACE_SIDE_STYLE('',(#12738));
#12738 = SURFACE_STYLE_FILL_AREA(#12739);
#12739 = FILL_AREA_STYLE('',(#12740));
#12740 = FILL_AREA_STYLE_COLOUR('',#11388);
#12741 = STYLED_ITEM('color',(#12742),#3591);
#12742 = PRESENTATION_STYLE_ASSIGNMENT((#12743));
#12743 = SURFACE_STYLE_USAGE(.BOTH.,#12744);
#12744 = SURFACE_SIDE_STYLE('',(#12745));
#12745 = SURFACE_STYLE_FILL_AREA(#12746);
#12746 = FILL_AREA_STYLE('',(#12747));
#12747 = FILL_AREA_STYLE_COLOUR('',#11388);
#12748 = STYLED_ITEM('color',(#12749),#3622);
#12749 = PRESENTATION_STYLE_ASSIGNMENT((#12750));
#12750 = SURFACE_STYLE_USAGE(.BOTH.,#12751);
#12751 = SURFACE_SIDE_STYLE('',(#12752));
#12752 = SURFACE_STYLE_FILL_AREA(#12753);
#12753 = FILL_AREA_STYLE('',(#12754));
#12754 = FILL_AREA_STYLE_COLOUR('',#11388);
#12755 = STYLED_ITEM('color',(#12756),#3646);
#12756 = PRESENTATION_STYLE_ASSIGNMENT((#12757));
#12757 = SURFACE_STYLE_USAGE(.BOTH.,#12758);
#12758 = SURFACE_SIDE_STYLE('',(#12759));
#12759 = SURFACE_STYLE_FILL_AREA(#12760);
#12760 = FILL_AREA_STYLE('',(#12761));
#12761 = FILL_AREA_STYLE_COLOUR('',#11388);
#12762 = STYLED_ITEM('color',(#12763),#3670);
#12763 = PRESENTATION_STYLE_ASSIGNMENT((#12764));
#12764 = SURFACE_STYLE_USAGE(.BOTH.,#12765);
#12765 = SURFACE_SIDE_STYLE('',(#12766));
#12766 = SURFACE_STYLE_FILL_AREA(#12767);
#12767 = FILL_AREA_STYLE('',(#12768));
#12768 = FILL_AREA_STYLE_COLOUR('',#11388);
#12769 = STYLED_ITEM('color',(#12770),#3687);
#12770 = PRESENTATION_STYLE_ASSIGNMENT((#12771));
#12771 = SURFACE_STYLE_USAGE(.BOTH.,#12772);
#12772 = SURFACE_SIDE_STYLE('',(#12773));
#12773 = SURFACE_STYLE_FILL_AREA(#12774);
#12774 = FILL_AREA_STYLE('',(#12775));
#12775 = FILL_AREA_STYLE_COLOUR('',#11388);
#12776 = STYLED_ITEM('color',(#12777),#3718);
#12777 = PRESENTATION_STYLE_ASSIGNMENT((#12778));
#12778 = SURFACE_STYLE_USAGE(.BOTH.,#12779);
#12779 = SURFACE_SIDE_STYLE('',(#12780));
#12780 = SURFACE_STYLE_FILL_AREA(#12781);
#12781 = FILL_AREA_STYLE('',(#12782));
#12782 = FILL_AREA_STYLE_COLOUR('',#11388);
#12783 = STYLED_ITEM('color',(#12784),#3742);
#12784 = PRESENTATION_STYLE_ASSIGNMENT((#12785));
#12785 = SURFACE_STYLE_USAGE(.BOTH.,#12786);
#12786 = SURFACE_SIDE_STYLE('',(#12787));
#12787 = SURFACE_STYLE_FILL_AREA(#12788);
#12788 = FILL_AREA_STYLE('',(#12789));
#12789 = FILL_AREA_STYLE_COLOUR('',#11388);
#12790 = STYLED_ITEM('color',(#12791),#3766);
#12791 = PRESENTATION_STYLE_ASSIGNMENT((#12792));
#12792 = SURFACE_STYLE_USAGE(.BOTH.,#12793);
#12793 = SURFACE_SIDE_STYLE('',(#12794));
#12794 = SURFACE_STYLE_FILL_AREA(#12795);
#12795 = FILL_AREA_STYLE('',(#12796));
#12796 = FILL_AREA_STYLE_COLOUR('',#11388);
#12797 = STYLED_ITEM('color',(#12798),#3783);
#12798 = PRESENTATION_STYLE_ASSIGNMENT((#12799));
#12799 = SURFACE_STYLE_USAGE(.BOTH.,#12800);
#12800 = SURFACE_SIDE_STYLE('',(#12801));
#12801 = SURFACE_STYLE_FILL_AREA(#12802);
#12802 = FILL_AREA_STYLE('',(#12803));
#12803 = FILL_AREA_STYLE_COLOUR('',#11388);
#12804 = STYLED_ITEM('color',(#12805),#3814);
#12805 = PRESENTATION_STYLE_ASSIGNMENT((#12806));
#12806 = SURFACE_STYLE_USAGE(.BOTH.,#12807);
#12807 = SURFACE_SIDE_STYLE('',(#12808));
#12808 = SURFACE_STYLE_FILL_AREA(#12809);
#12809 = FILL_AREA_STYLE('',(#12810));
#12810 = FILL_AREA_STYLE_COLOUR('',#11388);
#12811 = STYLED_ITEM('color',(#12812),#3838);
#12812 = PRESENTATION_STYLE_ASSIGNMENT((#12813));
#12813 = SURFACE_STYLE_USAGE(.BOTH.,#12814);
#12814 = SURFACE_SIDE_STYLE('',(#12815));
#12815 = SURFACE_STYLE_FILL_AREA(#12816);
#12816 = FILL_AREA_STYLE('',(#12817));
#12817 = FILL_AREA_STYLE_COLOUR('',#11388);
#12818 = STYLED_ITEM('color',(#12819),#3862);
#12819 = PRESENTATION_STYLE_ASSIGNMENT((#12820));
#12820 = SURFACE_STYLE_USAGE(.BOTH.,#12821);
#12821 = SURFACE_SIDE_STYLE('',(#12822));
#12822 = SURFACE_STYLE_FILL_AREA(#12823);
#12823 = FILL_AREA_STYLE('',(#12824));
#12824 = FILL_AREA_STYLE_COLOUR('',#11388);
#12825 = STYLED_ITEM('color',(#12826),#3879);
#12826 = PRESENTATION_STYLE_ASSIGNMENT((#12827));
#12827 = SURFACE_STYLE_USAGE(.BOTH.,#12828);
#12828 = SURFACE_SIDE_STYLE('',(#12829));
#12829 = SURFACE_STYLE_FILL_AREA(#12830);
#12830 = FILL_AREA_STYLE('',(#12831));
#12831 = FILL_AREA_STYLE_COLOUR('',#11388);
#12832 = STYLED_ITEM('color',(#12833),#3910);
#12833 = PRESENTATION_STYLE_ASSIGNMENT((#12834));
#12834 = SURFACE_STYLE_USAGE(.BOTH.,#12835);
#12835 = SURFACE_SIDE_STYLE('',(#12836));
#12836 = SURFACE_STYLE_FILL_AREA(#12837);
#12837 = FILL_AREA_STYLE('',(#12838));
#12838 = FILL_AREA_STYLE_COLOUR('',#11388);
#12839 = STYLED_ITEM('color',(#12840),#3934);
#12840 = PRESENTATION_STYLE_ASSIGNMENT((#12841));
#12841 = SURFACE_STYLE_USAGE(.BOTH.,#12842);
#12842 = SURFACE_SIDE_STYLE('',(#12843));
#12843 = SURFACE_STYLE_FILL_AREA(#12844);
#12844 = FILL_AREA_STYLE('',(#12845));
#12845 = FILL_AREA_STYLE_COLOUR('',#11388);
#12846 = STYLED_ITEM('color',(#12847),#3958);
#12847 = PRESENTATION_STYLE_ASSIGNMENT((#12848));
#12848 = SURFACE_STYLE_USAGE(.BOTH.,#12849);
#12849 = SURFACE_SIDE_STYLE('',(#12850));
#12850 = SURFACE_STYLE_FILL_AREA(#12851);
#12851 = FILL_AREA_STYLE('',(#12852));
#12852 = FILL_AREA_STYLE_COLOUR('',#11388);
#12853 = STYLED_ITEM('color',(#12854),#3975);
#12854 = PRESENTATION_STYLE_ASSIGNMENT((#12855));
#12855 = SURFACE_STYLE_USAGE(.BOTH.,#12856);
#12856 = SURFACE_SIDE_STYLE('',(#12857));
#12857 = SURFACE_STYLE_FILL_AREA(#12858);
#12858 = FILL_AREA_STYLE('',(#12859));
#12859 = FILL_AREA_STYLE_COLOUR('',#11388);
#12860 = STYLED_ITEM('color',(#12861),#4006);
#12861 = PRESENTATION_STYLE_ASSIGNMENT((#12862));
#12862 = SURFACE_STYLE_USAGE(.BOTH.,#12863);
#12863 = SURFACE_SIDE_STYLE('',(#12864));
#12864 = SURFACE_STYLE_FILL_AREA(#12865);
#12865 = FILL_AREA_STYLE('',(#12866));
#12866 = FILL_AREA_STYLE_COLOUR('',#11388);
#12867 = STYLED_ITEM('color',(#12868),#4030);
#12868 = PRESENTATION_STYLE_ASSIGNMENT((#12869));
#12869 = SURFACE_STYLE_USAGE(.BOTH.,#12870);
#12870 = SURFACE_SIDE_STYLE('',(#12871));
#12871 = SURFACE_STYLE_FILL_AREA(#12872);
#12872 = FILL_AREA_STYLE('',(#12873));
#12873 = FILL_AREA_STYLE_COLOUR('',#11388);
#12874 = STYLED_ITEM('color',(#12875),#4054);
#12875 = PRESENTATION_STYLE_ASSIGNMENT((#12876));
#12876 = SURFACE_STYLE_USAGE(.BOTH.,#12877);
#12877 = SURFACE_SIDE_STYLE('',(#12878));
#12878 = SURFACE_STYLE_FILL_AREA(#12879);
#12879 = FILL_AREA_STYLE('',(#12880));
#12880 = FILL_AREA_STYLE_COLOUR('',#11388);
#12881 = STYLED_ITEM('color',(#12882),#4071);
#12882 = PRESENTATION_STYLE_ASSIGNMENT((#12883));
#12883 = SURFACE_STYLE_USAGE(.BOTH.,#12884);
#12884 = SURFACE_SIDE_STYLE('',(#12885));
#12885 = SURFACE_STYLE_FILL_AREA(#12886);
#12886 = FILL_AREA_STYLE('',(#12887));
#12887 = FILL_AREA_STYLE_COLOUR('',#11388);
#12888 = STYLED_ITEM('color',(#12889),#4102);
#12889 = PRESENTATION_STYLE_ASSIGNMENT((#12890));
#12890 = SURFACE_STYLE_USAGE(.BOTH.,#12891);
#12891 = SURFACE_SIDE_STYLE('',(#12892));
#12892 = SURFACE_STYLE_FILL_AREA(#12893);
#12893 = FILL_AREA_STYLE('',(#12894));
#12894 = FILL_AREA_STYLE_COLOUR('',#11388);
#12895 = STYLED_ITEM('color',(#12896),#4126);
#12896 = PRESENTATION_STYLE_ASSIGNMENT((#12897));
#12897 = SURFACE_STYLE_USAGE(.BOTH.,#12898);
#12898 = SURFACE_SIDE_STYLE('',(#12899));
#12899 = SURFACE_STYLE_FILL_AREA(#12900);
#12900 = FILL_AREA_STYLE('',(#12901));
#12901 = FILL_AREA_STYLE_COLOUR('',#11388);
#12902 = STYLED_ITEM('color',(#12903),#4150);
#12903 = PRESENTATION_STYLE_ASSIGNMENT((#12904));
#12904 = SURFACE_STYLE_USAGE(.BOTH.,#12905);
#12905 = SURFACE_SIDE_STYLE('',(#12906));
#12906 = SURFACE_STYLE_FILL_AREA(#12907);
#12907 = FILL_AREA_STYLE('',(#12908));
#12908 = FILL_AREA_STYLE_COLOUR('',#11388);
#12909 = STYLED_ITEM('color',(#12910),#4167);
#12910 = PRESENTATION_STYLE_ASSIGNMENT((#12911));
#12911 = SURFACE_STYLE_USAGE(.BOTH.,#12912);
#12912 = SURFACE_SIDE_STYLE('',(#12913));
#12913 = SURFACE_STYLE_FILL_AREA(#12914);
#12914 = FILL_AREA_STYLE('',(#12915));
#12915 = FILL_AREA_STYLE_COLOUR('',#11388);
#12916 = STYLED_ITEM('color',(#12917),#4198);
#12917 = PRESENTATION_STYLE_ASSIGNMENT((#12918));
#12918 = SURFACE_STYLE_USAGE(.BOTH.,#12919);
#12919 = SURFACE_SIDE_STYLE('',(#12920));
#12920 = SURFACE_STYLE_FILL_AREA(#12921);
#12921 = FILL_AREA_STYLE('',(#12922));
#12922 = FILL_AREA_STYLE_COLOUR('',#11388);
#12923 = STYLED_ITEM('color',(#12924),#4222);
#12924 = PRESENTATION_STYLE_ASSIGNMENT((#12925));
#12925 = SURFACE_STYLE_USAGE(.BOTH.,#12926);
#12926 = SURFACE_SIDE_STYLE('',(#12927));
#12927 = SURFACE_STYLE_FILL_AREA(#12928);
#12928 = FILL_AREA_STYLE('',(#12929));
#12929 = FILL_AREA_STYLE_COLOUR('',#11388);
#12930 = STYLED_ITEM('color',(#12931),#4246);
#12931 = PRESENTATION_STYLE_ASSIGNMENT((#12932));
#12932 = SURFACE_STYLE_USAGE(.BOTH.,#12933);
#12933 = SURFACE_SIDE_STYLE('',(#12934));
#12934 = SURFACE_STYLE_FILL_AREA(#12935);
#12935 = FILL_AREA_STYLE('',(#12936));
#12936 = FILL_AREA_STYLE_COLOUR('',#11388);
#12937 = STYLED_ITEM('color',(#12938),#4263);
#12938 = PRESENTATION_STYLE_ASSIGNMENT((#12939));
#12939 = SURFACE_STYLE_USAGE(.BOTH.,#12940);
#12940 = SURFACE_SIDE_STYLE('',(#12941));
#12941 = SURFACE_STYLE_FILL_AREA(#12942);
#12942 = FILL_AREA_STYLE('',(#12943));
#12943 = FILL_AREA_STYLE_COLOUR('',#11388);
#12944 = STYLED_ITEM('color',(#12945),#4275);
#12945 = PRESENTATION_STYLE_ASSIGNMENT((#12946));
#12946 = SURFACE_STYLE_USAGE(.BOTH.,#12947);
#12947 = SURFACE_SIDE_STYLE('',(#12948));
#12948 = SURFACE_STYLE_FILL_AREA(#12949);
#12949 = FILL_AREA_STYLE('',(#12950));
#12950 = FILL_AREA_STYLE_COLOUR('',#11388);
#12951 = STYLED_ITEM('color',(#12952),#4287);
#12952 = PRESENTATION_STYLE_ASSIGNMENT((#12953));
#12953 = SURFACE_STYLE_USAGE(.BOTH.,#12954);
#12954 = SURFACE_SIDE_STYLE('',(#12955));
#12955 = SURFACE_STYLE_FILL_AREA(#12956);
#12956 = FILL_AREA_STYLE('',(#12957));
#12957 = FILL_AREA_STYLE_COLOUR('',#11388);
#12958 = STYLED_ITEM('color',(#12959),#4299);
#12959 = PRESENTATION_STYLE_ASSIGNMENT((#12960));
#12960 = SURFACE_STYLE_USAGE(.BOTH.,#12961);
#12961 = SURFACE_SIDE_STYLE('',(#12962));
#12962 = SURFACE_STYLE_FILL_AREA(#12963);
#12963 = FILL_AREA_STYLE('',(#12964));
#12964 = FILL_AREA_STYLE_COLOUR('',#11388);
#12965 = STYLED_ITEM('color',(#12966),#4311);
#12966 = PRESENTATION_STYLE_ASSIGNMENT((#12967));
#12967 = SURFACE_STYLE_USAGE(.BOTH.,#12968);
#12968 = SURFACE_SIDE_STYLE('',(#12969));
#12969 = SURFACE_STYLE_FILL_AREA(#12970);
#12970 = FILL_AREA_STYLE('',(#12971));
#12971 = FILL_AREA_STYLE_COLOUR('',#11388);
#12972 = STYLED_ITEM('color',(#12973),#4323);
#12973 = PRESENTATION_STYLE_ASSIGNMENT((#12974));
#12974 = SURFACE_STYLE_USAGE(.BOTH.,#12975);
#12975 = SURFACE_SIDE_STYLE('',(#12976));
#12976 = SURFACE_STYLE_FILL_AREA(#12977);
#12977 = FILL_AREA_STYLE('',(#12978));
#12978 = FILL_AREA_STYLE_COLOUR('',#11388);
#12979 = STYLED_ITEM('color',(#12980),#4335);
#12980 = PRESENTATION_STYLE_ASSIGNMENT((#12981));
#12981 = SURFACE_STYLE_USAGE(.BOTH.,#12982);
#12982 = SURFACE_SIDE_STYLE('',(#12983));
#12983 = SURFACE_STYLE_FILL_AREA(#12984);
#12984 = FILL_AREA_STYLE('',(#12985));
#12985 = FILL_AREA_STYLE_COLOUR('',#11388);
#12986 = STYLED_ITEM('color',(#12987),#4347);
#12987 = PRESENTATION_STYLE_ASSIGNMENT((#12988));
#12988 = SURFACE_STYLE_USAGE(.BOTH.,#12989);
#12989 = SURFACE_SIDE_STYLE('',(#12990));
#12990 = SURFACE_STYLE_FILL_AREA(#12991);
#12991 = FILL_AREA_STYLE('',(#12992));
#12992 = FILL_AREA_STYLE_COLOUR('',#11388);
#12993 = STYLED_ITEM('color',(#12994),#4359);
#12994 = PRESENTATION_STYLE_ASSIGNMENT((#12995));
#12995 = SURFACE_STYLE_USAGE(.BOTH.,#12996);
#12996 = SURFACE_SIDE_STYLE('',(#12997));
#12997 = SURFACE_STYLE_FILL_AREA(#12998);
#12998 = FILL_AREA_STYLE('',(#12999));
#12999 = FILL_AREA_STYLE_COLOUR('',#11388);
#13000 = STYLED_ITEM('color',(#13001),#4371);
#13001 = PRESENTATION_STYLE_ASSIGNMENT((#13002));
#13002 = SURFACE_STYLE_USAGE(.BOTH.,#13003);
#13003 = SURFACE_SIDE_STYLE('',(#13004));
#13004 = SURFACE_STYLE_FILL_AREA(#13005);
#13005 = FILL_AREA_STYLE('',(#13006));
#13006 = FILL_AREA_STYLE_COLOUR('',#11388);
#13007 = MECHANICAL_DESIGN_GEOMETRIC_PRESENTATION_REPRESENTATION('',(
    #13008),#11088);
#13008 = STYLED_ITEM('color',(#13009),#8559);
#13009 = PRESENTATION_STYLE_ASSIGNMENT((#13010));
#13010 = SURFACE_STYLE_USAGE(.BOTH.,#13011);
#13011 = SURFACE_SIDE_STYLE('',(#13012));
#13012 = SURFACE_STYLE_FILL_AREA(#13013);
#13013 = FILL_AREA_STYLE('',(#13014));
#13014 = FILL_AREA_STYLE_COLOUR('',#13015);
#13015 = COLOUR_RGB('',0.313304153717,0.484529207832,0.410020903123);
ENDSEC;
END-ISO-10303-21;
